06/29/2026 23:43:55 INFO : Thread ID = 140033140038848:  mantas:   File = mantas.cc:  Line = 180:  
mantas: ============================================================
mantas: Starting job 104791 at Mon Jun 29 23:43:55 IST 2026
mantas: ============================================================
06/29/2026 23:43:55 INFO : Thread ID = 140033140038848:  mantas:   File = mantas.cc:  Line = 182:  mantas initialized
06/29/2026 23:43:55 DEBUG : Thread ID = 140033140038848:  mantas:   File = DBAccess.cc:  Line = 140:  Connecting to infodom: FCCMINFO
06/29/2026 23:43:56 DEBUG : Thread ID = 140033140038848:  mantas:   File = DBAccessAAI.cc:  Line = 140:  Connecting to infodom: FCCMINFO
06/29/2026 23:43:56 DEBUG : Thread ID = 140033140038848:  mantas:   File = DBAccessAAI.cc:  Line = 150:  Obtained config schema details for: fccmconfigon: demofsaa.jmrinfotechble.com
06/29/2026 23:43:56 DEBUG : Thread ID = 140033140038848:  mantas:   File = job.cc:  Line = 87:  SELECT a.ALGORITHM_NM, a.EXECUTABLE_NM, b.PARAM_SET_ID, b.CREAT_ID, b.THREAD_CT, b.CLONED_JOB_ID, b.DMN_CD, c.DESC_TX FROM fccmatomic.KDD_ALGORITHM a, fccmatomic.KDD_JOB b, fccmatomic.KDD_PARAM_SET c WHERE b.JOB_ID = 104791 AND b.STATUS_CD != 'IGN' AND b.PARAM_SET_ID = c.PARAM_SET_ID AND a.ALGORITHM_NM = c.ALGORITHM_NM
06/29/2026 23:43:56 DEBUG : Thread ID = 140033140038848:  mantas:   File = job.cc:  Line = 134:  SELECT a.PARAM_VALUE_TX FROM fccmatomic.KDD_PARAM_BINDING a WHERE a.PARAM_SET_ID = 147901 AND a.ALGORITHM_NM = 'Sequence Matcher' AND a.PARAM_NM = 'np'
06/29/2026 23:43:56 INFO : Thread ID = 140033140038848:  mantas:   File = mantas.cc:  Line = 981:  Job description: ML-StructuringAvoidReportThreshold_(ML-StructuringAvoidReportThreshold)_AIIN
06/29/2026 23:43:56 DEBUG : Thread ID = 140033140038848:  mantas:   File = jobupdater.cc:  Line = 57:  UPDATE fccmatomic.KDD_JOB SET STATUS_CD = 'RUN' WHERE JOB_ID = 104791
06/29/2026 23:43:56 DEBUG : Thread ID = 140033140038848:  mantas:   File = jobupdater.cc:  Line = 95:  UPDATE fccmatomic.KDD_JOB SET START_TS = TO_DATE('29/06/2026 11:43:56 PM', 'DD/MM/YYYY HH:MI:SS AM') WHERE JOB_ID = 104791
06/29/2026 23:43:56 DEBUG : Thread ID = 140033140038848:  mantas:   File = TableBatchControl.cc:  Line = 38:  SELECT a.PRCSNG_BATCH_ID, a.PRCSNG_BATCH_NM, a.DATA_DUMP_DT FROM fccmatomic.KDD_PRCSNG_BATCH_CONTROL a
06/29/2026 23:43:56 DEBUG : Thread ID = 140033140038848:  mantas:   File = TableJob.cc:  Line = 53:  UPDATE fccmatomic.KDD_JOB SET PRCSNG_BATCH_ID = 133 WHERE JOB_ID = 104791
06/29/2026 23:43:56 INFO : Thread ID = 140033140038848:  mantas:   File = mantas.cc:  Line = 1004:  Current business date: 31/01/2017
06/29/2026 23:43:56 DEBUG : Thread ID = 140033140038848:  mantas:   File = job.cc:  Line = 189:  SELECT a.DATASET_ID FROM fccmatomic.KDD_JOB_DATASET a WHERE a.JOB_ID = 104791 ORDER BY a.ORDER_NB
06/29/2026 23:43:56 DEBUG : Thread ID = 140033140038848:  mantas:   File = job.cc:  Line = 239:  SELECT a.BINDING_NM, a.ATTR_NM, a.LOOP_FL, a.IGNORE_FL, a.MULTIPLE_RUN_FL, a.MULTIPLE_RUN_VALUE_TX FROM fccmatomic.KDD_JOB_DATASET_BINDING a WHERE a.JOB_ID = 104791 AND a.DATASET_ID = 118862307 ORDER BY a.ORDER_NB
06/29/2026 23:43:56 DEBUG : Thread ID = 140033140038848:  mantas:   File = job.cc:  Line = 239:  SELECT a.BINDING_NM, a.ATTR_NM, a.LOOP_FL, a.IGNORE_FL, a.MULTIPLE_RUN_FL, a.MULTIPLE_RUN_VALUE_TX FROM fccmatomic.KDD_JOB_DATASET_BINDING a WHERE a.JOB_ID = 104791 AND a.DATASET_ID = 118862099 ORDER BY a.ORDER_NB
06/29/2026 23:43:56 DEBUG : Thread ID = 140033140038848:  mantas:   File = job.cc:  Line = 239:  SELECT a.BINDING_NM, a.ATTR_NM, a.LOOP_FL, a.IGNORE_FL, a.MULTIPLE_RUN_FL, a.MULTIPLE_RUN_VALUE_TX FROM fccmatomic.KDD_JOB_DATASET_BINDING a WHERE a.JOB_ID = 104791 AND a.DATASET_ID = 114016219 ORDER BY a.ORDER_NB
06/29/2026 23:43:56 DEBUG : Thread ID = 140033140038848:  mantas:   File = job.cc:  Line = 239:  SELECT a.BINDING_NM, a.ATTR_NM, a.LOOP_FL, a.IGNORE_FL, a.MULTIPLE_RUN_FL, a.MULTIPLE_RUN_VALUE_TX FROM fccmatomic.KDD_JOB_DATASET_BINDING a WHERE a.JOB_ID = 104791 AND a.DATASET_ID = 114016221 ORDER BY a.ORDER_NB
06/29/2026 23:43:56 DEBUG : Thread ID = 140033140038848:  mantas:   File = job.cc:  Line = 239:  SELECT a.BINDING_NM, a.ATTR_NM, a.LOOP_FL, a.IGNORE_FL, a.MULTIPLE_RUN_FL, a.MULTIPLE_RUN_VALUE_TX FROM fccmatomic.KDD_JOB_DATASET_BINDING a WHERE a.JOB_ID = 104791 AND a.DATASET_ID = 114016222 ORDER BY a.ORDER_NB
06/29/2026 23:43:56 DEBUG : Thread ID = 140033140038848:  mantas:   File = job.cc:  Line = 239:  SELECT a.BINDING_NM, a.ATTR_NM, a.LOOP_FL, a.IGNORE_FL, a.MULTIPLE_RUN_FL, a.MULTIPLE_RUN_VALUE_TX FROM fccmatomic.KDD_JOB_DATASET_BINDING a WHERE a.JOB_ID = 104791 AND a.DATASET_ID = 114001780 ORDER BY a.ORDER_NB
06/29/2026 23:43:56 DEBUG : Thread ID = 140033140038848:  mantas:   File = job.cc:  Line = 559:  INSERT INTO fccmatomic.KDD_RUN (RUN_ID, JOB_ID, RUN_STATUS_CD) VALUES (47701, 104791 , 'NEW')
06/29/2026 23:43:56 INFO : Thread ID = 140033140038848:  mantas:   File = mantas.cc:  Line = 549:  Loading libseqmatcher.so
06/29/2026 23:43:56 DEBUG : Thread ID = 140031667316480:  mantas:   File = runupdater.cc:  Line = 59:  UPDATE fccmatomic.KDD_RUN SET RUN_STATUS_CD = 'RUN' WHERE RUN_ID = 47701
06/29/2026 23:43:56 DEBUG : Thread ID = 140031667316480:  mantas:   File = runupdater.cc:  Line = 104:  UPDATE fccmatomic.KDD_RUN SET RUN_MSG_TX = :Msg WHERE RUN_ID = 47701
06/29/2026 23:43:56 DEBUG : Thread ID = 140031667316480:  mantas:   File = runupdater.cc:  Line = 142:  UPDATE fccmatomic.KDD_RUN SET RUN_MSG_TX = :Msg WHERE RUN_ID = 47701
06/29/2026 23:43:56 DEBUG : Thread ID = 140031667316480:  mantas:   File = runupdater.cc:  Line = 163:  UPDATE fccmatomic.KDD_RUN SET START_TS = TO_DATE('29/06/2026 11:43:56 PM', 'DD/MM/YYYY HH:MI:SS AM') WHERE RUN_ID = 47701
06/29/2026 23:43:56 DEBUG : Thread ID = 140031667316480:  mantas:   File = run.cc:  Line = 147:  SELECT a.JOB_ID FROM fccmatomic.KDD_RUN a WHERE a.RUN_ID = 47701
06/29/2026 23:43:56 DEBUG : Thread ID = 140031667316480:  mantas:   File = job.cc:  Line = 87:  SELECT a.ALGORITHM_NM, a.EXECUTABLE_NM, b.PARAM_SET_ID, b.CREAT_ID, b.THREAD_CT, b.CLONED_JOB_ID, b.DMN_CD, c.DESC_TX FROM fccmatomic.KDD_ALGORITHM a, fccmatomic.KDD_JOB b, fccmatomic.KDD_PARAM_SET c WHERE b.JOB_ID = 104791 AND b.STATUS_CD != 'IGN' AND b.PARAM_SET_ID = c.PARAM_SET_ID AND a.ALGORITHM_NM = c.ALGORITHM_NM
06/29/2026 23:43:56 DEBUG : Thread ID = 140031667316480:  mantas:   File = job.cc:  Line = 134:  SELECT a.PARAM_VALUE_TX FROM fccmatomic.KDD_PARAM_BINDING a WHERE a.PARAM_SET_ID = 147901 AND a.ALGORITHM_NM = 'Sequence Matcher' AND a.PARAM_NM = 'np'
06/29/2026 23:43:56 DEBUG : Thread ID = 140031667316480:  mantas:   File = job.cc:  Line = 189:  SELECT a.DATASET_ID FROM fccmatomic.KDD_JOB_DATASET a WHERE a.JOB_ID = 104791 ORDER BY a.ORDER_NB
06/29/2026 23:43:56 DEBUG : Thread ID = 140031667316480:  mantas:   File = job.cc:  Line = 239:  SELECT a.BINDING_NM, a.ATTR_NM, a.LOOP_FL, a.IGNORE_FL, a.MULTIPLE_RUN_FL, a.MULTIPLE_RUN_VALUE_TX FROM fccmatomic.KDD_JOB_DATASET_BINDING a WHERE a.JOB_ID = 104791 AND a.DATASET_ID = 118862307 ORDER BY a.ORDER_NB
06/29/2026 23:43:56 DEBUG : Thread ID = 140031667316480:  mantas:   File = job.cc:  Line = 239:  SELECT a.BINDING_NM, a.ATTR_NM, a.LOOP_FL, a.IGNORE_FL, a.MULTIPLE_RUN_FL, a.MULTIPLE_RUN_VALUE_TX FROM fccmatomic.KDD_JOB_DATASET_BINDING a WHERE a.JOB_ID = 104791 AND a.DATASET_ID = 118862099 ORDER BY a.ORDER_NB
06/29/2026 23:43:56 DEBUG : Thread ID = 140031667316480:  mantas:   File = job.cc:  Line = 239:  SELECT a.BINDING_NM, a.ATTR_NM, a.LOOP_FL, a.IGNORE_FL, a.MULTIPLE_RUN_FL, a.MULTIPLE_RUN_VALUE_TX FROM fccmatomic.KDD_JOB_DATASET_BINDING a WHERE a.JOB_ID = 104791 AND a.DATASET_ID = 114016219 ORDER BY a.ORDER_NB
06/29/2026 23:43:56 DEBUG : Thread ID = 140031667316480:  mantas:   File = job.cc:  Line = 239:  SELECT a.BINDING_NM, a.ATTR_NM, a.LOOP_FL, a.IGNORE_FL, a.MULTIPLE_RUN_FL, a.MULTIPLE_RUN_VALUE_TX FROM fccmatomic.KDD_JOB_DATASET_BINDING a WHERE a.JOB_ID = 104791 AND a.DATASET_ID = 114016221 ORDER BY a.ORDER_NB
06/29/2026 23:43:56 DEBUG : Thread ID = 140031667316480:  mantas:   File = job.cc:  Line = 239:  SELECT a.BINDING_NM, a.ATTR_NM, a.LOOP_FL, a.IGNORE_FL, a.MULTIPLE_RUN_FL, a.MULTIPLE_RUN_VALUE_TX FROM fccmatomic.KDD_JOB_DATASET_BINDING a WHERE a.JOB_ID = 104791 AND a.DATASET_ID = 114016222 ORDER BY a.ORDER_NB
06/29/2026 23:43:56 DEBUG : Thread ID = 140031667316480:  mantas:   File = job.cc:  Line = 239:  SELECT a.BINDING_NM, a.ATTR_NM, a.LOOP_FL, a.IGNORE_FL, a.MULTIPLE_RUN_FL, a.MULTIPLE_RUN_VALUE_TX FROM fccmatomic.KDD_JOB_DATASET_BINDING a WHERE a.JOB_ID = 104791 AND a.DATASET_ID = 114001780 ORDER BY a.ORDER_NB
06/29/2026 23:43:56 DEBUG : Thread ID = 140031667316480:  mantas:   File = job.cc:  Line = 356:  SELECT a.BINDING_NM, a.BINDING_VALUE_TX, a.LOWER_BOUND, a.UPPER_BOUND FROM fccmatomic.KDD_RUN_DATASET_BINDING a WHERE a.RUN_ID = 47701 AND a.DATASET_ID = 118862307
06/29/2026 23:43:56 DEBUG : Thread ID = 140031667316480:  mantas:   File = job.cc:  Line = 356:  SELECT a.BINDING_NM, a.BINDING_VALUE_TX, a.LOWER_BOUND, a.UPPER_BOUND FROM fccmatomic.KDD_RUN_DATASET_BINDING a WHERE a.RUN_ID = 47701 AND a.DATASET_ID = 118862099
06/29/2026 23:43:56 DEBUG : Thread ID = 140031667316480:  mantas:   File = job.cc:  Line = 356:  SELECT a.BINDING_NM, a.BINDING_VALUE_TX, a.LOWER_BOUND, a.UPPER_BOUND FROM fccmatomic.KDD_RUN_DATASET_BINDING a WHERE a.RUN_ID = 47701 AND a.DATASET_ID = 114016219
06/29/2026 23:43:56 DEBUG : Thread ID = 140031667316480:  mantas:   File = job.cc:  Line = 356:  SELECT a.BINDING_NM, a.BINDING_VALUE_TX, a.LOWER_BOUND, a.UPPER_BOUND FROM fccmatomic.KDD_RUN_DATASET_BINDING a WHERE a.RUN_ID = 47701 AND a.DATASET_ID = 114016221
06/29/2026 23:43:56 DEBUG : Thread ID = 140031667316480:  mantas:   File = job.cc:  Line = 356:  SELECT a.BINDING_NM, a.BINDING_VALUE_TX, a.LOWER_BOUND, a.UPPER_BOUND FROM fccmatomic.KDD_RUN_DATASET_BINDING a WHERE a.RUN_ID = 47701 AND a.DATASET_ID = 114016222
06/29/2026 23:43:56 DEBUG : Thread ID = 140031667316480:  mantas:   File = job.cc:  Line = 356:  SELECT a.BINDING_NM, a.BINDING_VALUE_TX, a.LOWER_BOUND, a.UPPER_BOUND FROM fccmatomic.KDD_RUN_DATASET_BINDING a WHERE a.RUN_ID = 47701 AND a.DATASET_ID = 114001780
06/29/2026 23:43:56 DEBUG : Thread ID = 140031667316480:  mantas:   File = dbparameter.cc:  Line = 51:  SELECT ALGORITHM_NM FROM fccmatomic.KDD_PARAM_SET a WHERE PARAM_SET_ID = 147901
06/29/2026 23:43:56 DEBUG : Thread ID = 140031667316480:  mantas:   File = dbparameter.cc:  Line = 134:  SELECT a.PARAM_NM, a.PARAM_TYPE_CD, b.DEFAULT_VALUE_TX FROM fccmatomic.KDD_ALGORITHM_PARAM a, fccmatomic.KDD_PARAM_DEFAULT b WHERE a.ALGORITHM_NM = 'Sequence Matcher' AND a.ALGORITHM_NM = b.ALGORITHM_NM AND a.PARAM_NM = b.PARAM_NM
06/29/2026 23:43:56 DEBUG : Thread ID = 140031667316480:  mantas:   File = dbparameter.cc:  Line = 134:  SELECT a.PARAM_NM, a.PARAM_TYPE_CD, b.PARAM_VALUE_TX FROM fccmatomic.KDD_ALGORITHM_PARAM a, fccmatomic.KDD_PARAM_BINDING b WHERE b.PARAM_SET_ID = 147901 AND a.PARAM_NM = b.PARAM_NM AND a.ALGORITHM_NM = b.ALGORITHM_NM
06/29/2026 23:43:56 DEBUG : Thread ID = 140031667316480:  Sequence Matcher:   File = TablePattern.cc:  Line = 94:  SELECT a.DEACT_TS, a.PTTRN_TYPE_CD FROM fccmatomic.KDD_PTTRN a WHERE a.PTTRN_ID = 114000552
06/29/2026 23:43:56 DEBUG : Thread ID = 140031667316480:  Sequence Matcher:   File = TablePattern.cc:  Line = 63:  SELECT a.SCNRO_ID FROM fccmatomic.KDD_PTTRN a WHERE a.PTTRN_ID = 114000552
06/29/2026 23:43:56 DEBUG : Thread ID = 140031667316480:  Sequence Matcher:   File = runupdater.cc:  Line = 104:  UPDATE fccmatomic.KDD_RUN SET RUN_MSG_TX = :Msg WHERE RUN_ID = 47701
06/29/2026 23:43:56 DEBUG : Thread ID = 140031667316480:  Sequence Matcher:   File = runupdater.cc:  Line = 142:  UPDATE fccmatomic.KDD_RUN SET RUN_MSG_TX = :Msg WHERE RUN_ID = 47701
06/29/2026 23:43:56 DEBUG : Thread ID = 140031667316480:  Sequence Matcher:   File = TablePatternDataset.cc:  Line = 35:  SELECT a.DATASET_ID FROM fccmatomic.KDD_PTTRN_DATASET a WHERE a.PTTRN_ID = 114000552 ORDER BY a.ORDER_NB
06/29/2026 23:43:56 DEBUG : Thread ID = 140031667316480:  Sequence Matcher:   File = dsbuilder.cc:  Line = 66:  SELECT a.REALIZED_NM, a.DATASET_NM, a.PRNT_DATASET_ID FROM fccmatomic.KDD_DATASET a WHERE a.DATASET_ID = 118862307
06/29/2026 23:43:56 DEBUG : Thread ID = 140031667316480:  Sequence Matcher:   File = dsbuilder.cc:  Line = 151:  SELECT a.ATTR_ID, UPPER(a.ATTR_NM) , a.TYPE_CD, a.ORDER_FL, a.DISCRETE_FL, b.KEY_FL, b.NAME_FL FROM fccmatomic.KDD_ATTR a, fccmatomic.KDD_DATASET_ATTR b WHERE b.DATASET_ID = 118862307 AND a.ATTR_ID = b.ATTR_ID
06/29/2026 23:43:56 DEBUG : Thread ID = 140031667316480:  Sequence Matcher:   File = dsbuilder.cc:  Line = 248:  SELECT a.TAG_NM, a.TAG_VALUE_TX FROM fccmatomic.KDD_ATTR_TAG a WHERE a.ATTR_ID = 113001744
06/29/2026 23:43:56 DEBUG : Thread ID = 140031667316480:  Sequence Matcher:   File = dsbuilder.cc:  Line = 248:  SELECT a.TAG_NM, a.TAG_VALUE_TX FROM fccmatomic.KDD_ATTR_TAG a WHERE a.ATTR_ID = 118860658
06/29/2026 23:43:56 DEBUG : Thread ID = 140031667316480:  Sequence Matcher:   File = dsbuilder.cc:  Line = 248:  SELECT a.TAG_NM, a.TAG_VALUE_TX FROM fccmatomic.KDD_ATTR_TAG a WHERE a.ATTR_ID = 118860662
06/29/2026 23:43:56 DEBUG : Thread ID = 140031667316480:  Sequence Matcher:   File = dsbuilder.cc:  Line = 248:  SELECT a.TAG_NM, a.TAG_VALUE_TX FROM fccmatomic.KDD_ATTR_TAG a WHERE a.ATTR_ID = 118860663
06/29/2026 23:43:56 DEBUG : Thread ID = 140031667316480:  Sequence Matcher:   File = dsbuilder.cc:  Line = 248:  SELECT a.TAG_NM, a.TAG_VALUE_TX FROM fccmatomic.KDD_ATTR_TAG a WHERE a.ATTR_ID = 118860664
06/29/2026 23:43:56 DEBUG : Thread ID = 140031667316480:  Sequence Matcher:   File = dsbuilder.cc:  Line = 290:  SELECT a.TRANSFORM_TX, a.REALIZED_FL FROM fccmatomic.KDD_TRANSFORM a WHERE a.DATASET_ID = 118862307 ORDER BY a.TRANSFORM_NB
06/29/2026 23:43:56 DEBUG : Thread ID = 140031667316480:  Sequence Matcher:   File = dsbuilder.cc:  Line = 66:  SELECT a.REALIZED_NM, a.DATASET_NM, a.PRNT_DATASET_ID FROM fccmatomic.KDD_DATASET a WHERE a.DATASET_ID = 118862099
06/29/2026 23:43:56 DEBUG : Thread ID = 140031667316480:  Sequence Matcher:   File = dsbuilder.cc:  Line = 151:  SELECT a.ATTR_ID, UPPER(a.ATTR_NM) , a.TYPE_CD, a.ORDER_FL, a.DISCRETE_FL, b.KEY_FL, b.NAME_FL FROM fccmatomic.KDD_ATTR a, fccmatomic.KDD_DATASET_ATTR b WHERE b.DATASET_ID = 118862099 AND a.ATTR_ID = b.ATTR_ID
06/29/2026 23:43:56 DEBUG : Thread ID = 140031667316480:  Sequence Matcher:   File = dsbuilder.cc:  Line = 248:  SELECT a.TAG_NM, a.TAG_VALUE_TX FROM fccmatomic.KDD_ATTR_TAG a WHERE a.ATTR_ID = 113001742
06/29/2026 23:43:56 DEBUG : Thread ID = 140031667316480:  Sequence Matcher:   File = dsbuilder.cc:  Line = 248:  SELECT a.TAG_NM, a.TAG_VALUE_TX FROM fccmatomic.KDD_ATTR_TAG a WHERE a.ATTR_ID = 113001744
06/29/2026 23:43:56 DEBUG : Thread ID = 140031667316480:  Sequence Matcher:   File = dsbuilder.cc:  Line = 248:  SELECT a.TAG_NM, a.TAG_VALUE_TX FROM fccmatomic.KDD_ATTR_TAG a WHERE a.ATTR_ID = 113001817
06/29/2026 23:43:56 DEBUG : Thread ID = 140031667316480:  Sequence Matcher:   File = dsbuilder.cc:  Line = 248:  SELECT a.TAG_NM, a.TAG_VALUE_TX FROM fccmatomic.KDD_ATTR_TAG a WHERE a.ATTR_ID = 114004418
06/29/2026 23:43:56 DEBUG : Thread ID = 140031667316480:  Sequence Matcher:   File = dsbuilder.cc:  Line = 248:  SELECT a.TAG_NM, a.TAG_VALUE_TX FROM fccmatomic.KDD_ATTR_TAG a WHERE a.ATTR_ID = 114004421
06/29/2026 23:43:56 DEBUG : Thread ID = 140031667316480:  Sequence Matcher:   File = dsbuilder.cc:  Line = 248:  SELECT a.TAG_NM, a.TAG_VALUE_TX FROM fccmatomic.KDD_ATTR_TAG a WHERE a.ATTR_ID = 114004424
06/29/2026 23:43:56 DEBUG : Thread ID = 140031667316480:  Sequence Matcher:   File = dsbuilder.cc:  Line = 248:  SELECT a.TAG_NM, a.TAG_VALUE_TX FROM fccmatomic.KDD_ATTR_TAG a WHERE a.ATTR_ID = 114004529
06/29/2026 23:43:56 DEBUG : Thread ID = 140031667316480:  Sequence Matcher:   File = dsbuilder.cc:  Line = 290:  SELECT a.TRANSFORM_TX, a.REALIZED_FL FROM fccmatomic.KDD_TRANSFORM a WHERE a.DATASET_ID = 118862099 ORDER BY a.TRANSFORM_NB
06/29/2026 23:43:56 DEBUG : Thread ID = 140031667316480:  Sequence Matcher:   File = dsbuilder.cc:  Line = 66:  SELECT a.REALIZED_NM, a.DATASET_NM, a.PRNT_DATASET_ID FROM fccmatomic.KDD_DATASET a WHERE a.DATASET_ID = 114016219
06/29/2026 23:43:56 DEBUG : Thread ID = 140031667316480:  Sequence Matcher:   File = dsbuilder.cc:  Line = 151:  SELECT a.ATTR_ID, UPPER(a.ATTR_NM) , a.TYPE_CD, a.ORDER_FL, a.DISCRETE_FL, b.KEY_FL, b.NAME_FL FROM fccmatomic.KDD_ATTR a, fccmatomic.KDD_DATASET_ATTR b WHERE b.DATASET_ID = 114016219 AND a.ATTR_ID = b.ATTR_ID
06/29/2026 23:43:56 DEBUG : Thread ID = 140031667316480:  Sequence Matcher:   File = dsbuilder.cc:  Line = 248:  SELECT a.TAG_NM, a.TAG_VALUE_TX FROM fccmatomic.KDD_ATTR_TAG a WHERE a.ATTR_ID = 114004393
06/29/2026 23:43:56 DEBUG : Thread ID = 140031667316480:  Sequence Matcher:   File = dsbuilder.cc:  Line = 248:  SELECT a.TAG_NM, a.TAG_VALUE_TX FROM fccmatomic.KDD_ATTR_TAG a WHERE a.ATTR_ID = 114004394
06/29/2026 23:43:56 DEBUG : Thread ID = 140031667316480:  Sequence Matcher:   File = dsbuilder.cc:  Line = 248:  SELECT a.TAG_NM, a.TAG_VALUE_TX FROM fccmatomic.KDD_ATTR_TAG a WHERE a.ATTR_ID = 114004402
06/29/2026 23:43:56 DEBUG : Thread ID = 140031667316480:  Sequence Matcher:   File = dsbuilder.cc:  Line = 248:  SELECT a.TAG_NM, a.TAG_VALUE_TX FROM fccmatomic.KDD_ATTR_TAG a WHERE a.ATTR_ID = 114004403
06/29/2026 23:43:56 DEBUG : Thread ID = 140031667316480:  Sequence Matcher:   File = dsbuilder.cc:  Line = 248:  SELECT a.TAG_NM, a.TAG_VALUE_TX FROM fccmatomic.KDD_ATTR_TAG a WHERE a.ATTR_ID = 114004404
06/29/2026 23:43:56 DEBUG : Thread ID = 140031667316480:  Sequence Matcher:   File = dsbuilder.cc:  Line = 248:  SELECT a.TAG_NM, a.TAG_VALUE_TX FROM fccmatomic.KDD_ATTR_TAG a WHERE a.ATTR_ID = 114004405
06/29/2026 23:43:56 DEBUG : Thread ID = 140031667316480:  Sequence Matcher:   File = dsbuilder.cc:  Line = 248:  SELECT a.TAG_NM, a.TAG_VALUE_TX FROM fccmatomic.KDD_ATTR_TAG a WHERE a.ATTR_ID = 114004414
06/29/2026 23:43:56 DEBUG : Thread ID = 140031667316480:  Sequence Matcher:   File = dsbuilder.cc:  Line = 248:  SELECT a.TAG_NM, a.TAG_VALUE_TX FROM fccmatomic.KDD_ATTR_TAG a WHERE a.ATTR_ID = 114004530
06/29/2026 23:43:56 DEBUG : Thread ID = 140031667316480:  Sequence Matcher:   File = dsbuilder.cc:  Line = 248:  SELECT a.TAG_NM, a.TAG_VALUE_TX FROM fccmatomic.KDD_ATTR_TAG a WHERE a.ATTR_ID = 114697364
06/29/2026 23:43:56 DEBUG : Thread ID = 140031667316480:  Sequence Matcher:   File = dsbuilder.cc:  Line = 248:  SELECT a.TAG_NM, a.TAG_VALUE_TX FROM fccmatomic.KDD_ATTR_TAG a WHERE a.ATTR_ID = 117750100
06/29/2026 23:43:56 DEBUG : Thread ID = 140031667316480:  Sequence Matcher:   File = dsbuilder.cc:  Line = 248:  SELECT a.TAG_NM, a.TAG_VALUE_TX FROM fccmatomic.KDD_ATTR_TAG a WHERE a.ATTR_ID = 118747386
06/29/2026 23:43:56 DEBUG : Thread ID = 140031667316480:  Sequence Matcher:   File = dsbuilder.cc:  Line = 248:  SELECT a.TAG_NM, a.TAG_VALUE_TX FROM fccmatomic.KDD_ATTR_TAG a WHERE a.ATTR_ID = 118860518
06/29/2026 23:43:56 DEBUG : Thread ID = 140031667316480:  Sequence Matcher:   File = dsbuilder.cc:  Line = 248:  SELECT a.TAG_NM, a.TAG_VALUE_TX FROM fccmatomic.KDD_ATTR_TAG a WHERE a.ATTR_ID = 118860519
06/29/2026 23:43:56 DEBUG : Thread ID = 140031667316480:  Sequence Matcher:   File = dsbuilder.cc:  Line = 290:  SELECT a.TRANSFORM_TX, a.REALIZED_FL FROM fccmatomic.KDD_TRANSFORM a WHERE a.DATASET_ID = 114016219 ORDER BY a.TRANSFORM_NB
06/29/2026 23:43:56 DEBUG : Thread ID = 140031667316480:  Sequence Matcher:   File = dsbuilder.cc:  Line = 66:  SELECT a.REALIZED_NM, a.DATASET_NM, a.PRNT_DATASET_ID FROM fccmatomic.KDD_DATASET a WHERE a.DATASET_ID = 114016221
06/29/2026 23:43:56 DEBUG : Thread ID = 140031667316480:  Sequence Matcher:   File = dsbuilder.cc:  Line = 151:  SELECT a.ATTR_ID, UPPER(a.ATTR_NM) , a.TYPE_CD, a.ORDER_FL, a.DISCRETE_FL, b.KEY_FL, b.NAME_FL FROM fccmatomic.KDD_ATTR a, fccmatomic.KDD_DATASET_ATTR b WHERE b.DATASET_ID = 114016221 AND a.ATTR_ID = b.ATTR_ID
06/29/2026 23:43:56 DEBUG : Thread ID = 140031667316480:  Sequence Matcher:   File = dsbuilder.cc:  Line = 248:  SELECT a.TAG_NM, a.TAG_VALUE_TX FROM fccmatomic.KDD_ATTR_TAG a WHERE a.ATTR_ID = 113001001
06/29/2026 23:43:56 DEBUG : Thread ID = 140031667316480:  Sequence Matcher:   File = dsbuilder.cc:  Line = 248:  SELECT a.TAG_NM, a.TAG_VALUE_TX FROM fccmatomic.KDD_ATTR_TAG a WHERE a.ATTR_ID = 113001550
06/29/2026 23:43:56 DEBUG : Thread ID = 140031667316480:  Sequence Matcher:   File = dsbuilder.cc:  Line = 248:  SELECT a.TAG_NM, a.TAG_VALUE_TX FROM fccmatomic.KDD_ATTR_TAG a WHERE a.ATTR_ID = 113003737
06/29/2026 23:43:56 DEBUG : Thread ID = 140031667316480:  Sequence Matcher:   File = dsbuilder.cc:  Line = 248:  SELECT a.TAG_NM, a.TAG_VALUE_TX FROM fccmatomic.KDD_ATTR_TAG a WHERE a.ATTR_ID = 113003739
06/29/2026 23:43:56 DEBUG : Thread ID = 140031667316480:  Sequence Matcher:   File = dsbuilder.cc:  Line = 248:  SELECT a.TAG_NM, a.TAG_VALUE_TX FROM fccmatomic.KDD_ATTR_TAG a WHERE a.ATTR_ID = 114004385
06/29/2026 23:43:56 DEBUG : Thread ID = 140031667316480:  Sequence Matcher:   File = dsbuilder.cc:  Line = 248:  SELECT a.TAG_NM, a.TAG_VALUE_TX FROM fccmatomic.KDD_ATTR_TAG a WHERE a.ATTR_ID = 114004386
06/29/2026 23:43:56 DEBUG : Thread ID = 140031667316480:  Sequence Matcher:   File = dsbuilder.cc:  Line = 248:  SELECT a.TAG_NM, a.TAG_VALUE_TX FROM fccmatomic.KDD_ATTR_TAG a WHERE a.ATTR_ID = 114004387
06/29/2026 23:43:56 DEBUG : Thread ID = 140031667316480:  Sequence Matcher:   File = dsbuilder.cc:  Line = 248:  SELECT a.TAG_NM, a.TAG_VALUE_TX FROM fccmatomic.KDD_ATTR_TAG a WHERE a.ATTR_ID = 114004400
06/29/2026 23:43:56 DEBUG : Thread ID = 140031667316480:  Sequence Matcher:   File = dsbuilder.cc:  Line = 248:  SELECT a.TAG_NM, a.TAG_VALUE_TX FROM fccmatomic.KDD_ATTR_TAG a WHERE a.ATTR_ID = 114004406
06/29/2026 23:43:56 DEBUG : Thread ID = 140031667316480:  Sequence Matcher:   File = dsbuilder.cc:  Line = 248:  SELECT a.TAG_NM, a.TAG_VALUE_TX FROM fccmatomic.KDD_ATTR_TAG a WHERE a.ATTR_ID = 114004409
06/29/2026 23:43:56 DEBUG : Thread ID = 140031667316480:  Sequence Matcher:   File = dsbuilder.cc:  Line = 248:  SELECT a.TAG_NM, a.TAG_VALUE_TX FROM fccmatomic.KDD_ATTR_TAG a WHERE a.ATTR_ID = 114690291
06/29/2026 23:43:56 DEBUG : Thread ID = 140031667316480:  Sequence Matcher:   File = dsbuilder.cc:  Line = 248:  SELECT a.TAG_NM, a.TAG_VALUE_TX FROM fccmatomic.KDD_ATTR_TAG a WHERE a.ATTR_ID = 114690292
06/29/2026 23:43:56 DEBUG : Thread ID = 140031667316480:  Sequence Matcher:   File = dsbuilder.cc:  Line = 248:  SELECT a.TAG_NM, a.TAG_VALUE_TX FROM fccmatomic.KDD_ATTR_TAG a WHERE a.ATTR_ID = 114690293
06/29/2026 23:43:56 DEBUG : Thread ID = 140031667316480:  Sequence Matcher:   File = dsbuilder.cc:  Line = 248:  SELECT a.TAG_NM, a.TAG_VALUE_TX FROM fccmatomic.KDD_ATTR_TAG a WHERE a.ATTR_ID = 114690294
06/29/2026 23:43:56 DEBUG : Thread ID = 140031667316480:  Sequence Matcher:   File = dsbuilder.cc:  Line = 248:  SELECT a.TAG_NM, a.TAG_VALUE_TX FROM fccmatomic.KDD_ATTR_TAG a WHERE a.ATTR_ID = 118860512
06/29/2026 23:43:56 DEBUG : Thread ID = 140031667316480:  Sequence Matcher:   File = dsbuilder.cc:  Line = 248:  SELECT a.TAG_NM, a.TAG_VALUE_TX FROM fccmatomic.KDD_ATTR_TAG a WHERE a.ATTR_ID = 118860513
06/29/2026 23:43:56 DEBUG : Thread ID = 140031667316480:  Sequence Matcher:   File = dsbuilder.cc:  Line = 248:  SELECT a.TAG_NM, a.TAG_VALUE_TX FROM fccmatomic.KDD_ATTR_TAG a WHERE a.ATTR_ID = 118860514
06/29/2026 23:43:56 DEBUG : Thread ID = 140031667316480:  Sequence Matcher:   File = dsbuilder.cc:  Line = 290:  SELECT a.TRANSFORM_TX, a.REALIZED_FL FROM fccmatomic.KDD_TRANSFORM a WHERE a.DATASET_ID = 114016221 ORDER BY a.TRANSFORM_NB
06/29/2026 23:43:56 DEBUG : Thread ID = 140031667316480:  Sequence Matcher:   File = dsbuilder.cc:  Line = 66:  SELECT a.REALIZED_NM, a.DATASET_NM, a.PRNT_DATASET_ID FROM fccmatomic.KDD_DATASET a WHERE a.DATASET_ID = 114016222
06/29/2026 23:43:56 DEBUG : Thread ID = 140031667316480:  Sequence Matcher:   File = dsbuilder.cc:  Line = 151:  SELECT a.ATTR_ID, UPPER(a.ATTR_NM) , a.TYPE_CD, a.ORDER_FL, a.DISCRETE_FL, b.KEY_FL, b.NAME_FL FROM fccmatomic.KDD_ATTR a, fccmatomic.KDD_DATASET_ATTR b WHERE b.DATASET_ID = 114016222 AND a.ATTR_ID = b.ATTR_ID
06/29/2026 23:43:56 DEBUG : Thread ID = 140031667316480:  Sequence Matcher:   File = dsbuilder.cc:  Line = 248:  SELECT a.TAG_NM, a.TAG_VALUE_TX FROM fccmatomic.KDD_ATTR_TAG a WHERE a.ATTR_ID = 113001001
06/29/2026 23:43:56 DEBUG : Thread ID = 140031667316480:  Sequence Matcher:   File = dsbuilder.cc:  Line = 248:  SELECT a.TAG_NM, a.TAG_VALUE_TX FROM fccmatomic.KDD_ATTR_TAG a WHERE a.ATTR_ID = 113002710
06/29/2026 23:43:56 DEBUG : Thread ID = 140031667316480:  Sequence Matcher:   File = dsbuilder.cc:  Line = 248:  SELECT a.TAG_NM, a.TAG_VALUE_TX FROM fccmatomic.KDD_ATTR_TAG a WHERE a.ATTR_ID = 113003737
06/29/2026 23:43:56 DEBUG : Thread ID = 140031667316480:  Sequence Matcher:   File = dsbuilder.cc:  Line = 248:  SELECT a.TAG_NM, a.TAG_VALUE_TX FROM fccmatomic.KDD_ATTR_TAG a WHERE a.ATTR_ID = 113003739
06/29/2026 23:43:56 DEBUG : Thread ID = 140031667316480:  Sequence Matcher:   File = dsbuilder.cc:  Line = 248:  SELECT a.TAG_NM, a.TAG_VALUE_TX FROM fccmatomic.KDD_ATTR_TAG a WHERE a.ATTR_ID = 114004389
06/29/2026 23:43:56 DEBUG : Thread ID = 140031667316480:  Sequence Matcher:   File = dsbuilder.cc:  Line = 248:  SELECT a.TAG_NM, a.TAG_VALUE_TX FROM fccmatomic.KDD_ATTR_TAG a WHERE a.ATTR_ID = 114004390
06/29/2026 23:43:56 DEBUG : Thread ID = 140031667316480:  Sequence Matcher:   File = dsbuilder.cc:  Line = 248:  SELECT a.TAG_NM, a.TAG_VALUE_TX FROM fccmatomic.KDD_ATTR_TAG a WHERE a.ATTR_ID = 114004391
06/29/2026 23:43:56 DEBUG : Thread ID = 140031667316480:  Sequence Matcher:   File = dsbuilder.cc:  Line = 248:  SELECT a.TAG_NM, a.TAG_VALUE_TX FROM fccmatomic.KDD_ATTR_TAG a WHERE a.ATTR_ID = 114004401
06/29/2026 23:43:56 DEBUG : Thread ID = 140031667316480:  Sequence Matcher:   File = dsbuilder.cc:  Line = 248:  SELECT a.TAG_NM, a.TAG_VALUE_TX FROM fccmatomic.KDD_ATTR_TAG a WHERE a.ATTR_ID = 114004407
06/29/2026 23:43:56 DEBUG : Thread ID = 140031667316480:  Sequence Matcher:   File = dsbuilder.cc:  Line = 248:  SELECT a.TAG_NM, a.TAG_VALUE_TX FROM fccmatomic.KDD_ATTR_TAG a WHERE a.ATTR_ID = 114004410
06/29/2026 23:43:56 DEBUG : Thread ID = 140031667316480:  Sequence Matcher:   File = dsbuilder.cc:  Line = 248:  SELECT a.TAG_NM, a.TAG_VALUE_TX FROM fccmatomic.KDD_ATTR_TAG a WHERE a.ATTR_ID = 114690287
06/29/2026 23:43:56 DEBUG : Thread ID = 140031667316480:  Sequence Matcher:   File = dsbuilder.cc:  Line = 248:  SELECT a.TAG_NM, a.TAG_VALUE_TX FROM fccmatomic.KDD_ATTR_TAG a WHERE a.ATTR_ID = 114690288
06/29/2026 23:43:56 DEBUG : Thread ID = 140031667316480:  Sequence Matcher:   File = dsbuilder.cc:  Line = 248:  SELECT a.TAG_NM, a.TAG_VALUE_TX FROM fccmatomic.KDD_ATTR_TAG a WHERE a.ATTR_ID = 114690289
06/29/2026 23:43:56 DEBUG : Thread ID = 140031667316480:  Sequence Matcher:   File = dsbuilder.cc:  Line = 248:  SELECT a.TAG_NM, a.TAG_VALUE_TX FROM fccmatomic.KDD_ATTR_TAG a WHERE a.ATTR_ID = 114690290
06/29/2026 23:43:56 DEBUG : Thread ID = 140031667316480:  Sequence Matcher:   File = dsbuilder.cc:  Line = 248:  SELECT a.TAG_NM, a.TAG_VALUE_TX FROM fccmatomic.KDD_ATTR_TAG a WHERE a.ATTR_ID = 118747362
06/29/2026 23:43:56 DEBUG : Thread ID = 140031667316480:  Sequence Matcher:   File = dsbuilder.cc:  Line = 248:  SELECT a.TAG_NM, a.TAG_VALUE_TX FROM fccmatomic.KDD_ATTR_TAG a WHERE a.ATTR_ID = 118860515
06/29/2026 23:43:56 DEBUG : Thread ID = 140031667316480:  Sequence Matcher:   File = dsbuilder.cc:  Line = 248:  SELECT a.TAG_NM, a.TAG_VALUE_TX FROM fccmatomic.KDD_ATTR_TAG a WHERE a.ATTR_ID = 118860516
06/29/2026 23:43:56 DEBUG : Thread ID = 140031667316480:  Sequence Matcher:   File = dsbuilder.cc:  Line = 248:  SELECT a.TAG_NM, a.TAG_VALUE_TX FROM fccmatomic.KDD_ATTR_TAG a WHERE a.ATTR_ID = 118860517
06/29/2026 23:43:56 DEBUG : Thread ID = 140031667316480:  Sequence Matcher:   File = dsbuilder.cc:  Line = 290:  SELECT a.TRANSFORM_TX, a.REALIZED_FL FROM fccmatomic.KDD_TRANSFORM a WHERE a.DATASET_ID = 114016222 ORDER BY a.TRANSFORM_NB
06/29/2026 23:43:56 DEBUG : Thread ID = 140031667316480:  Sequence Matcher:   File = dsbuilder.cc:  Line = 66:  SELECT a.REALIZED_NM, a.DATASET_NM, a.PRNT_DATASET_ID FROM fccmatomic.KDD_DATASET a WHERE a.DATASET_ID = 114001780
06/29/2026 23:43:56 DEBUG : Thread ID = 140031667316480:  Sequence Matcher:   File = dsbuilder.cc:  Line = 151:  SELECT a.ATTR_ID, UPPER(a.ATTR_NM) , a.TYPE_CD, a.ORDER_FL, a.DISCRETE_FL, b.KEY_FL, b.NAME_FL FROM fccmatomic.KDD_ATTR a, fccmatomic.KDD_DATASET_ATTR b WHERE b.DATASET_ID = 114001780 AND a.ATTR_ID = b.ATTR_ID
06/29/2026 23:43:56 DEBUG : Thread ID = 140031667316480:  Sequence Matcher:   File = dsbuilder.cc:  Line = 248:  SELECT a.TAG_NM, a.TAG_VALUE_TX FROM fccmatomic.KDD_ATTR_TAG a WHERE a.ATTR_ID = 113003737
06/29/2026 23:43:56 DEBUG : Thread ID = 140031667316480:  Sequence Matcher:   File = dsbuilder.cc:  Line = 248:  SELECT a.TAG_NM, a.TAG_VALUE_TX FROM fccmatomic.KDD_ATTR_TAG a WHERE a.ATTR_ID = 114690533
06/29/2026 23:43:56 DEBUG : Thread ID = 140031667316480:  Sequence Matcher:   File = dsbuilder.cc:  Line = 248:  SELECT a.TAG_NM, a.TAG_VALUE_TX FROM fccmatomic.KDD_ATTR_TAG a WHERE a.ATTR_ID = 114690534
06/29/2026 23:43:56 DEBUG : Thread ID = 140031667316480:  Sequence Matcher:   File = dsbuilder.cc:  Line = 248:  SELECT a.TAG_NM, a.TAG_VALUE_TX FROM fccmatomic.KDD_ATTR_TAG a WHERE a.ATTR_ID = 114690535
06/29/2026 23:43:56 DEBUG : Thread ID = 140031667316480:  Sequence Matcher:   File = dsbuilder.cc:  Line = 248:  SELECT a.TAG_NM, a.TAG_VALUE_TX FROM fccmatomic.KDD_ATTR_TAG a WHERE a.ATTR_ID = 114690536
06/29/2026 23:43:56 DEBUG : Thread ID = 140031667316480:  Sequence Matcher:   File = dsbuilder.cc:  Line = 248:  SELECT a.TAG_NM, a.TAG_VALUE_TX FROM fccmatomic.KDD_ATTR_TAG a WHERE a.ATTR_ID = 114690537
06/29/2026 23:43:56 DEBUG : Thread ID = 140031667316480:  Sequence Matcher:   File = dsbuilder.cc:  Line = 290:  SELECT a.TRANSFORM_TX, a.REALIZED_FL FROM fccmatomic.KDD_TRANSFORM a WHERE a.DATASET_ID = 114001780 ORDER BY a.TRANSFORM_NB
06/29/2026 23:43:56 DEBUG : Thread ID = 140031667316480:  Sequence Matcher:   File = matchrun.cc:  Line = 319:  SELECT a.DATASET_ID, a.TAG_NM, a.TAG_VALUE_TX FROM fccmatomic.KDD_PTTRN_DATASET_TAG a WHERE a.PTTRN_ID = 114000552
06/29/2026 23:43:56 DEBUG : Thread ID = 140031667316480:  Sequence Matcher:   File = OracleSchema.cc:  Line = 126:  SELECT a.DATA_TYPE, a.DATA_PRECISION, a.DATA_SCALE, UPPER(a.COLUMN_NAME) FROM ALL_TAB_COLS a WHERE a.TABLE_NAME = 'DSVIEW118862307' AND a.OWNER = UPPER('fccmatomic')
06/29/2026 23:43:56 DEBUG : Thread ID = 140031667316480:  Sequence Matcher:   File = TableDataset.cc:  Line = 169:  SELECT a.DATASET_ID, a.PRNT_DATASET_ID, a.DATASET_NM, a.USER_ID, a.CREATE_DT, a.REALIZED_NM, a.SQL_FL, a.SQL_CMMNT, a.SCNRO_ID, a.SQL_TX FROM fccmatomic.KDD_DATASET a WHERE a.SCNRO_ID = 116000046 ORDER BY a.DATASET_ID
06/29/2026 23:43:57 DEBUG : Thread ID = 140031667316480:  Sequence Matcher:   File = TableThreshold.cc:  Line = 96:  SELECT a.TSHLD_NM, a.CURR_VALUE_TX, a.VALUE_TYPE_CD, a.DPLY_NM, a.DSPLY_SORT_ORDR_NB, a.DSPLY_FL, b.TSHLD_SET_NM FROM fccmatomic.KDD_TSHLD a, fccmatomic.KDD_TSHLD_SET b WHERE a.SCNRO_ID = 116000046 AND a.TSHLD_SET_ID = 38 AND b.TSHLD_SET_ID = 38 AND a.DEACT_TS IS NULL
06/29/2026 23:43:57 DEBUG : Thread ID = 140031667316480:  Sequence Matcher:   File = OracleSchema.cc:  Line = 126:  SELECT a.DATA_TYPE, a.DATA_PRECISION, a.DATA_SCALE, UPPER(a.COLUMN_NAME) FROM ALL_TAB_COLS a WHERE a.TABLE_NAME = 'DSVIEW118862099' AND a.OWNER = UPPER('fccmatomic')
06/29/2026 23:43:57 DEBUG : Thread ID = 140031667316480:  Sequence Matcher:   File = OracleSchema.cc:  Line = 126:  SELECT a.DATA_TYPE, a.DATA_PRECISION, a.DATA_SCALE, UPPER(a.COLUMN_NAME) FROM ALL_TAB_COLS a WHERE a.TABLE_NAME = 'DSVIEW114016219' AND a.OWNER = UPPER('fccmatomic')
06/29/2026 23:43:57 DEBUG : Thread ID = 140031667316480:  Sequence Matcher:   File = OracleSchema.cc:  Line = 126:  SELECT a.DATA_TYPE, a.DATA_PRECISION, a.DATA_SCALE, UPPER(a.COLUMN_NAME) FROM ALL_TAB_COLS a WHERE a.TABLE_NAME = 'DSVIEW114016221' AND a.OWNER = UPPER('fccmatomic')
06/29/2026 23:43:57 DEBUG : Thread ID = 140031667316480:  Sequence Matcher:   File = OracleSchema.cc:  Line = 126:  SELECT a.DATA_TYPE, a.DATA_PRECISION, a.DATA_SCALE, UPPER(a.COLUMN_NAME) FROM ALL_TAB_COLS a WHERE a.TABLE_NAME = 'DSVIEW114016222' AND a.OWNER = UPPER('fccmatomic')
06/29/2026 23:43:57 DEBUG : Thread ID = 140031667316480:  Sequence Matcher:   File = OracleSchema.cc:  Line = 126:  SELECT a.DATA_TYPE, a.DATA_PRECISION, a.DATA_SCALE, UPPER(a.COLUMN_NAME) FROM ALL_TAB_COLS a WHERE a.TABLE_NAME = 'DSVIEW114001780' AND a.OWNER = UPPER('fccmatomic')
06/29/2026 23:43:57 DEBUG : Thread ID = 140031667316480:  Sequence Matcher:   File = runupdater.cc:  Line = 104:  UPDATE fccmatomic.KDD_RUN SET RUN_MSG_TX = :Msg WHERE RUN_ID = 47701
06/29/2026 23:43:57 DEBUG : Thread ID = 140031667316480:  Sequence Matcher:   File = runupdater.cc:  Line = 142:  UPDATE fccmatomic.KDD_RUN SET RUN_MSG_TX = :Msg WHERE RUN_ID = 47701
06/29/2026 23:43:57 DEBUG : Thread ID = 140031667316480:  Sequence Matcher:   File = dbparse.cc:  Line = 148:  SELECT a.PTTRN_TX FROM fccmatomic.KDD_SEQ_PTTRN a WHERE a.PTTRN_ID = 114000552
06/29/2026 23:43:57 DEBUG : Thread ID = 140031667316480:  Sequence Matcher:   File = dbparse.cc:  Line = 178:  in parse
06/29/2026 23:43:57 DEBUG : Thread ID = 140031667316480:  Sequence Matcher:   File = dbpatternreader.cc:  Line = 73:  SELECT a.SCNRO_ID, a.PTTRN_TYPE_CD, a.ACTVN_TS, a.DEACT_TS FROM fccmatomic.KDD_PTTRN a WHERE a.PTTRN_ID = 114000552
06/29/2026 23:43:57 DEBUG : Thread ID = 140031667316480:  Sequence Matcher:   File = dbpatternreader.cc:  Line = 107:  SELECT a.VRBL_NM, a.DESC_TX, a.DPLY_PSTN_CT, a.FRMT_TX FROM fccmatomic.KDD_PTTRN_ROLE a WHERE a.PTTRN_ID = 114000552 ORDER BY a.DPLY_PSTN_CT
06/29/2026 23:43:57 DEBUG : Thread ID = 140031667316480:  Sequence Matcher:   File = dbpatternreader.cc:  Line = 132:  SELECT a.TAG_NM, a.TAG_VALUE_TX FROM fccmatomic.KDD_PTTRN_TAG a WHERE a.PTTRN_ID = 114000552
06/29/2026 23:43:57 DEBUG : Thread ID = 140031667316480:  Sequence Matcher:   File = dbpatternreader.cc:  Line = 151:  SELECT a.DATASET_ID FROM fccmatomic.KDD_PTTRN_DATASET a WHERE a.PTTRN_ID = 114000552 ORDER BY a.ORDER_NB
06/29/2026 23:43:57 DEBUG : Thread ID = 140031667316480:  Sequence Matcher:   File = TableThreshold.cc:  Line = 96:  SELECT a.TSHLD_NM, a.CURR_VALUE_TX, a.VALUE_TYPE_CD, a.DPLY_NM, a.DSPLY_SORT_ORDR_NB, a.DSPLY_FL, b.TSHLD_SET_NM FROM fccmatomic.KDD_TSHLD a, fccmatomic.KDD_TSHLD_SET b WHERE a.SCNRO_ID = 116000046 AND a.TSHLD_SET_ID = 38 AND b.TSHLD_SET_ID = 38 AND a.DEACT_TS IS NULL
06/29/2026 23:43:57 DEBUG : Thread ID = 140031667316480:  Sequence Matcher:   File = dbparse.cc:  Line = 184:  in parse
06/29/2026 23:43:57 DEBUG : Thread ID = 140031667316480:  Sequence Matcher:   File = runupdater.cc:  Line = 104:  UPDATE fccmatomic.KDD_RUN SET RUN_MSG_TX = :Msg WHERE RUN_ID = 47701
06/29/2026 23:43:57 DEBUG : Thread ID = 140031667316480:  Sequence Matcher:   File = runupdater.cc:  Line = 142:  UPDATE fccmatomic.KDD_RUN SET RUN_MSG_TX = :Msg WHERE RUN_ID = 47701
06/29/2026 23:43:57 DEBUG : Thread ID = 140031667316480:  Sequence Matcher:   File = UtilityFunctions.cc:  Line = 497:  alter session enable parallel query
06/29/2026 23:43:57 DEBUG : Thread ID = 140031667316480:  Sequence Matcher:   File = UtilityFunctions.cc:  Line = 522:  alter session enable parallel dml
06/29/2026 23:43:57 DEBUG : Thread ID = 140031667316480:  Sequence Matcher:   File = TableInstallParameter.cc:  Line = 198:  SELECT a.ATTR_1_CD, a.ATTR_1_VALUE_TX, a.ATTR_2_CD, a.ATTR_2_VALUE_TX, a.ATTR_3_CD, a.ATTR_3_VALUE_TX, a.ATTR_4_CD, a.ATTR_4_VALUE_TX, a.ATTR_5_CD, a.ATTR_5_VALUE_TX, a.ATTR_6_CD, a.ATTR_6_VALUE_TX, a.ATTR_7_CD, a.ATTR_7_VALUE_TX, a.ATTR_8_CD, a.ATTR_8_VALUE_TX, a.ATTR_9_CD, a.ATTR_9_VALUE_TX, a.ATTR_10_CD, a.ATTR_10_VALUE_TX, a.ATTR_11_CD, a.ATTR_11_VALUE_TX, a.ATTR_12_CD, a.ATTR_12_VALUE_TX, a.ATTR_13_CD, a.ATTR_13_VALUE_TX, a.ATTR_14_CD, a.ATTR_14_VALUE_TX, a.ATTR_15_CD, a.ATTR_15_VALUE_TX FROM fccmatomic.KDD_INSTALL_PARAM a WHERE a.PARAM_NM = 'DLY'
06/29/2026 23:43:57 DEBUG : Thread ID = 140031667316480:  Sequence Matcher:   File = dscursor.cc:  Line = 1161:  Found a reference to a dataset.  Calling getDatasetSql to resolve thresholds.  Id = 118862307 
06/29/2026 23:43:57 DEBUG : Thread ID = 140031667316480:  Sequence Matcher:   File = dscursor.cc:  Line = 1175:  After expansion, sql = SELECT ot.CUST_SEQ_ID, ot.DATASET_KEY, ot.DINT3, ot.DINT2, ot.DINT1 FROM (SELECT
fccmatomic.F_STRUCTURING_CU_B
 (@Lrf_Digits,                   
  @Curr_Type,                    
  @All_Trans_Src_Fl,             
  fccmatomic.Lst(@Incl_Trans_Src_Lst),	          
  @All_Jurisdictions_Fl,         
  fccmatomic.Lst(@Incl_Jurisdictions_Lst),       
  fccmatomic.Lst(@Mantas_Bus_Acct_Type_Lst),
  @Look_Back_Period,             
  fccmatomic.Lst(@Incl_MI_Trxn_Prdct_Type_Lst),       
  fccmatomic.Lst(@Incl_Cash_Trxn_Prdct_Type_Lst),      
  @Include_Trusted_Trans_FL,     
  @Include_B2B_Trnfr_Fl,         
  @Prmry_Cust_Fl,                
  @LE_R1,                        
  @LE_R2,                        
  @UE_R1,                        
  @UE_R2,                        
  @Min_Attempts,
fccmatomic.Lst(@Incld_Acct_Hldr_Typ_Cd)) as CUST_SEQ_ID,
  '!' as DATASET_KEY,
0 as DINT1,
0 as DINT2,
0 as DINT3
FROM dual
 ) ot ORDER BY ot.DATASET_KEY, ot.DINT1, ot.DINT2, ot.DINT3 
06/29/2026 23:43:57 DEBUG : Thread ID = 140031667316480:  Sequence Matcher:   File = dscursor.cc:  Line = 748:  Preparing to select from dataset 118862307 
06/29/2026 23:43:57 DEBUG : Thread ID = 140031667316480:  Sequence Matcher:   File = dscursor.cc:  Line = 754:  SELECT  ot.CUST_SEQ_ID, ot.DATASET_KEY, ot.DINT3, ot.DINT2, ot.DINT1 FROM (SELECT
fccmatomic.F_STRUCTURING_CU_B
 (4,                   
  'B',                    
  'Y',             
  fccmatomic.Lst('Inactive'),	          
  'N',         
  fccmatomic.Lst('AIIN'),       
  fccmatomic.Lst('RBK','RBR'),
  14,             
  fccmatomic.Lst('CASH-EQ-CASHIER-CHECK', 'CASH-EQ-CERT-CHECK', 'CASH-EQ-MONEY-ORDER', 'CASH-EQ-TRAVELERS-CHECK', 'CASH-EQ-OTHER', 'CASH-LETTER', 'CHECK', 'PAPER-OTHER', 'CHECK-ACH'),       
  fccmatomic.Lst('DEBIT-CARD', 'SVC', 'CREDIT-CARD', 'CURRENCY', 'PHYS'),      
  'Y',     
  'Y',         
  'Y',                
  2500,                        
  8999,                        
  2999,                        
  9999,                        
  2,
fccmatomic.Lst('CR')) as CUST_SEQ_ID,
  '!' as DATASET_KEY,
0 as DINT1,
0 as DINT2,
0 as DINT3
FROM dual
 ) ot ORDER BY ot.DATASET_KEY, ot.DINT1, ot.DINT2, ot.DINT3
06/29/2026 23:43:57 DEBUG : Thread ID = 140031667316480:  Sequence Matcher:   File = dscursor.cc:  Line = 1161:  Found a reference to a dataset.  Calling getDatasetSql to resolve thresholds.  Id = 118862099 
06/29/2026 23:43:57 DEBUG : Thread ID = 140031667316480:  Sequence Matcher:   File = dscursor.cc:  Line = 1175:  After expansion, sql = SELECT ot.CUST_INTRL_ID, ot.CUST_SEQ_ID, ot.CUST_EFCTV_RISK_NB, ot.TRANS_TY, ot.GRP_CD, ot.NUMOFACCTS, ot.BUS_DAY_AGE FROM (with
Incld_Cust as
(SELECT DISTINCT  ct.CUST_INTRL_ID
 FROM fccmatomic.ML_STRUCTURING_CU_B_TMP ct
)

--OFSAABD-17813
SELECT  a.PRMRY_CUST_INTRL_ID as CUST_INTRL_ID, 
        b.CUST_SEQ_ID, 
        (-1) as Trans_Ty,
        (-1)  as Grp_Cd,
--        F_CHAR_TO_DATE('01011901','MMDDYYYY')  Trans_Dt,
        b.CUST_EFCTV_RISK_NB, 
        count(distinct c.ACCT_INTRL_ID) NumOfAccts,
        (-1) BUS_DAY_AGE
FROM    fccmatomic.ACCT a,
        fccmatomic.CUST b,
		fccmatomic.ACCT c,
        Incld_Cust ic
WHERE        /* (a.LAST_ACTVY_DT is null or 
           (a.LAST_ACTVY_DT > (select add_days(min(b.CLNDR_DT),-@Frequency_Period) from fccmatomic.KDD_CAL b where b.CLNDR_NM = 'SYSCAL' and b.CLNDR_DAY_AGE=0) 
            and a.LAST_ACTVY_DT <= (select max(b.CLNDR_DT) from fccmatomic.KDD_CAL b where b.CLNDR_NM = 'SYSCAL' and b.CLNDR_DAY_AGE=0 )) 
            )
        and */a.MANTAS_ACCT_HOLDR_TYPE_CD in (@Incld_Acct_Hldr_Typ_Cd)
        and b.CUST_EFCTV_RISK_NB <> -2 
        and (@All_Jurisdictions_Fl='Y' or b.JRSDCN_CD in (@Incl_Jurisdictions_Lst)) 
        and a.MANTAS_ACCT_BUS_TYPE_CD in (@Mantas_Bus_Acct_Type_Lst) 
        and a.PRMRY_CUST_INTRL_ID = b.CUST_INTRL_ID
		and c.PRMRY_CUST_INTRL_ID = b.CUST_INTRL_ID
        and ic.CUST_INTRL_ID = b.CUST_INTRL_ID
        and @Prmry_Cust_Fl = 'Y'
GROUP BY a.PRMRY_CUST_INTRL_ID, b.CUST_SEQ_ID, b.CUST_EFCTV_RISK_NB
--HAVING count(distinct a.ACCT_INTRL_ID) >= @Min_Acct_Ct

UNION ALL

SELECT  c.CUST_INTRL_ID, 
        c.CUST_SEQ_ID, 
        (-1) as Trans_Ty,
        (-1)  as Grp_Cd,
        c.CUST_EFCTV_RISK_NB, 
        count(distinct a1.ACCT_INTRL_ID) NumOfAccts,
        (-1) BUS_DAY_AGE
FROM        
            fccmatomic.ACCT a,
            fccmatomic.ACCT a1,            
            fccmatomic.CUST_ACCT ca, 
            fccmatomic.CUST c,
            Incld_Cust ic,
            fccmatomic.CUST_ACCT_ROLE car
WHERE     
            a.ACCT_INTRL_ID = ca.ACCT_INTRL_ID
        and ca.CUST_INTRL_ID = c.CUST_INTRL_ID
        and ic.CUST_INTRL_ID = c.CUST_INTRL_ID
        and ca.CUST_ACCT_ROLE_CD = car.CUST_ACCT_ROLE_CD          
        and a1.ACCT_INTRL_ID = ca.ACCT_INTRL_ID
        and (car.TRDNG_AUTH_FL = 'Y' or car.WDRWL_AUTH_FL = 'Y' or car.POA_FL = 'Y')
        and a.MANTAS_ACCT_HOLDR_TYPE_CD in (@Incld_Acct_Hldr_Typ_Cd)
        and c.CUST_EFCTV_RISK_NB <> -2 
        and (@All_Jurisdictions_Fl='Y' or c.JRSDCN_CD in (@Incl_Jurisdictions_Lst)) 
        and a.MANTAS_ACCT_BUS_TYPE_CD in (@Mantas_Bus_Acct_Type_Lst) 
        and @Prmry_Cust_Fl = 'N'
GROUP BY c.CUST_INTRL_ID, c.CUST_SEQ_ID, c.CUST_EFCTV_RISK_NB
 ) ot ORDER BY ot.CUST_INTRL_ID, ot.BUS_DAY_AGE, ot.GRP_CD, ot.TRANS_TY 
06/29/2026 23:43:57 DEBUG : Thread ID = 140031667316480:  Sequence Matcher:   File = dscursor.cc:  Line = 748:  Preparing to select from dataset 118862099 
06/29/2026 23:43:57 DEBUG : Thread ID = 140031667316480:  Sequence Matcher:   File = dscursor.cc:  Line = 754:  SELECT  ot.CUST_INTRL_ID, ot.CUST_SEQ_ID, ot.CUST_EFCTV_RISK_NB, ot.TRANS_TY, ot.GRP_CD, ot.NUMOFACCTS, ot.BUS_DAY_AGE FROM (with
Incld_Cust as
(SELECT DISTINCT  ct.CUST_INTRL_ID
 FROM fccmatomic.ML_STRUCTURING_CU_B_TMP ct
)

--OFSAABD-17813
SELECT  a.PRMRY_CUST_INTRL_ID as CUST_INTRL_ID, 
        b.CUST_SEQ_ID, 
        (-1) as Trans_Ty,
        (-1)  as Grp_Cd,
--        F_CHAR_TO_DATE('01011901','MMDDYYYY')  Trans_Dt,
        b.CUST_EFCTV_RISK_NB, 
        count(distinct c.ACCT_INTRL_ID) NumOfAccts,
        (-1) BUS_DAY_AGE
FROM    fccmatomic.ACCT a,
        fccmatomic.CUST b,
		fccmatomic.ACCT c,
        Incld_Cust ic
WHERE        /* (a.LAST_ACTVY_DT is null or 
           (a.LAST_ACTVY_DT > (select add_days(min(b.CLNDR_DT),-7) from fccmatomic.KDD_CAL b where b.CLNDR_NM = 'SYSCAL' and b.CLNDR_DAY_AGE=0) 
            and a.LAST_ACTVY_DT <= (select max(b.CLNDR_DT) from fccmatomic.KDD_CAL b where b.CLNDR_NM = 'SYSCAL' and b.CLNDR_DAY_AGE=0 )) 
            )
        and */a.MANTAS_ACCT_HOLDR_TYPE_CD in ('CR')
        and b.CUST_EFCTV_RISK_NB <> -2 
        and ('N'='Y' or b.JRSDCN_CD in ('AIIN')) 
        and a.MANTAS_ACCT_BUS_TYPE_CD in ('RBK','RBR') 
        and a.PRMRY_CUST_INTRL_ID = b.CUST_INTRL_ID
		and c.PRMRY_CUST_INTRL_ID = b.CUST_INTRL_ID
        and ic.CUST_INTRL_ID = b.CUST_INTRL_ID
        and 'Y' = 'Y'
GROUP BY a.PRMRY_CUST_INTRL_ID, b.CUST_SEQ_ID, b.CUST_EFCTV_RISK_NB
--HAVING count(distinct a.ACCT_INTRL_ID) >= 2

UNION ALL

SELECT  c.CUST_INTRL_ID, 
        c.CUST_SEQ_ID, 
        (-1) as Trans_Ty,
        (-1)  as Grp_Cd,
        c.CUST_EFCTV_RISK_NB, 
        count(distinct a1.ACCT_INTRL_ID) NumOfAccts,
        (-1) BUS_DAY_AGE
FROM        
            fccmatomic.ACCT a,
            fccmatomic.ACCT a1,            
            fccmatomic.CUST_ACCT ca, 
            fccmatomic.CUST c,
            Incld_Cust ic,
            fccmatomic.CUST_ACCT_ROLE car
WHERE     
            a.ACCT_INTRL_ID = ca.ACCT_INTRL_ID
        and ca.CUST_INTRL_ID = c.CUST_INTRL_ID
        and ic.CUST_INTRL_ID = c.CUST_INTRL_ID
        and ca.CUST_ACCT_ROLE_CD = car.CUST_ACCT_ROLE_CD          
        and a1.ACCT_INTRL_ID = ca.ACCT_INTRL_ID
        and (car.TRDNG_AUTH_FL = 'Y' or car.WDRWL_AUTH_FL = 'Y' or car.POA_FL = 'Y')
        and a.MANTAS_ACCT_HOLDR_TYPE_CD in ('CR')
        and c.CUST_EFCTV_RISK_NB <> -2 
        and ('N'='Y' or c.JRSDCN_CD in ('AIIN')) 
        and a.MANTAS_ACCT_BUS_TYPE_CD in ('RBK','RBR') 
        and 'Y' = 'N'
GROUP BY c.CUST_INTRL_ID, c.CUST_SEQ_ID, c.CUST_EFCTV_RISK_NB
 ) ot ORDER BY ot.CUST_INTRL_ID, ot.BUS_DAY_AGE, ot.GRP_CD, ot.TRANS_TY
06/29/2026 23:43:57 DEBUG : Thread ID = 140031667316480:  Sequence Matcher:   File = dscursor.cc:  Line = 1161:  Found a reference to a dataset.  Calling getDatasetSql to resolve thresholds.  Id = 114016219 
06/29/2026 23:43:57 DEBUG : Thread ID = 140031667316480:  Sequence Matcher:   File = dscursor.cc:  Line = 1175:  After expansion, sql = SELECT ot.TWO_DAYS_AMT, ot.ONE_DAY_AMT, ot.ONE_DAY_AMT_FL, ot.TWO_CONSECUTIVE_FL, ot.TWO_DAYS_AMT_FL, ot.GRP_CD, ot.TRANS_TY, ot.BUS_DAY_AGE, ot.CLNDR_DAY_AGE, ot.DATASET_KEY, ot.TRANS_DT, ot.CUST_INTRL_ID, ot.FUNC_CRNCY_CD FROM (WITH Incld_Cust as
(SELECT DISTINCT ct.CUST_INTRL_ID
 FROM fccmatomic.ML_STRUCTURING_CU_B_TMP ct
),

clndr_vw as (
select
(select add_days(cal.CLNDR_DT, -@Look_Back_Period) from fccmatomic.KDD_CAL cal where cal.CLNDR_NM = 'SYSCAL' and cal.CLNDR_DAY_AGE = 0) as Min_Dt,
(select cal.clndr_dt from fccmatomic.KDD_CAL cal where cal.CLNDR_NM = 'SYSCAL' and cal.CLNDR_DAY_AGE = 0) as Max_Dt
FROM dual
),


All_Trxn_B as
(select
   t.cust_intrl_id
  ,t.bus_day_age
  ,min(t.Clndr_Day_Age) Clndr_Day_Age
  ,sum(t.trxn_am) One_Day_Amt
  ,max(t.trans_dt) Trans_Dt
  ,max(t.func_crncy_cd) Func_Crncy_Cd
from
 (
    /*********MI*******/
   select mi.cust_intrl_id
        , mi.bus_day_age
        , mi.Clndr_Day_Age
        , mi.trxn_am
        , mi.trans_dt
        , mi.func_crncy_cd
    from
       --ML_StructAvdRprtTshld_CU_MI_BM1
       --114016222 mi
       (--OFSAABD-17813
SELECT a.PRMRY_CUST_INTRL_ID as CUST_INTRL_ID,
            (case when DECODE(@Curr_Type,'F',t.TRXN_FUNC_AM,t.TRXN_BASE_AM) - trunc(DECODE(@Curr_Type,'F',t.TRXN_FUNC_AM,t.TRXN_BASE_AM),-@Lrf_Digits) = 0 then DECODE(@Curr_Type,'F',t.TRXN_FUNC_AM,t.TRXN_BASE_AM)
                  when t.ISSUE_TRXN_ACTVY_AM - trunc(t.ISSUE_TRXN_ACTVY_AM,-@Lrf_Digits) = 0 then DECODE(@Curr_Type,'F',t.TRXN_FUNC_AM,t.TRXN_BASE_AM)
                  when t.CLR_TRXN_ACTVY_AM - trunc(t.CLR_TRXN_ACTVY_AM,-@Lrf_Digits) = 0 then DECODE(@Curr_Type,'F',t.TRXN_FUNC_AM,t.TRXN_BASE_AM)
                  when t.DEP_TRXN_ACTVY_AM - trunc(t.DEP_TRXN_ACTVY_AM,-@Lrf_Digits) = 0 then DECODE(@Curr_Type,'F',t.TRXN_FUNC_AM,t.TRXN_BASE_AM)
                  else 0 end) Lrf_Amt,
            (case when t.BENEF_NTITY_RISK_NB > 0 or t.BENEF_ACTVY_RISK_NB > 0 then DECODE(@Curr_Type,'F',t.TRXN_FUNC_AM,t.TRXN_BASE_AM) else 0 end) as Hr_Amt,
            (case when t.PASS_THRU_FL = 'Y' then DECODE(@Curr_Type,'F',t.TRXN_FUNC_AM,t.TRXN_BASE_AM) else 0 end) Pass_Thru_Amt,
            --25048632
            (SELECT k.BUS_DAY_AGE FROM fccmatomic.KDD_CAL k WHERE k.CLNDR_NM = 'SYSCAL' AND k.CLNDR_DT = t.MANTAS_POST_DT) as BUS_DAY_AGE,
            (SELECT k.CLNDR_DAY_AGE FROM fccmatomic.KDD_CAL k WHERE k.CLNDR_NM = 'SYSCAL' AND k.CLNDR_DT = t.MANTAS_POST_DT) as CLNDR_DAY_AGE,
            t.FO_TRXN_SEQ_ID,
            DECODE(@Curr_Type,'F',t.TRXN_FUNC_AM,t.TRXN_BASE_AM) as Trxn_Am,
            DECODE(@Curr_Type,'F',t.TRXN_FUNC_AM,t.TRXN_BASE_AM)   as Dep_Trans_Amt,
            1                as Dep_Trans_Ct,
            0                as WD_Trans_Amt,
            0                as WD_Trans_Ct,
            1                as Trans_Ty,
            1                as Grp_Cd,
            t.MANTAS_POST_DT as Trans_Dt,
            t.BENEF_ACCT_ID as ACCT_INTRL_ID,
            case when t.TRSTD_TRXN_FL = 'Y' then DECODE(@Curr_Type,'F',t.TRXN_FUNC_AM,t.TRXN_BASE_AM) else 0 end as Trusted_Trxn_Amt,
            t.FUNC_CRNCY_CD
       FROM
            fccmatomic.MI_TRXN t,
            fccmatomic.ACCT a,
            Incld_Cust c
    WHERE
          t.BENEF_ACCT_ID = a.ACCT_INTRL_ID
      AND a.prmry_cust_intrl_id is not null
      AND (@All_Trans_Src_Fl = 'Y' or t.SRC_SYS_CD in (@Incl_Trans_Src_Lst))
      AND t.INTRL_BENEF_ACCT_FL = 'Y'
      -- ---------------------------------------------------------------------------------------------------
      --Bug#21935427
      /*      AND (a.LAST_ACTVY_DT is null or
          (a.LAST_ACTVY_DT > (SELECT add_days(min(b.CLNDR_DT),-Frequency_Period) FROM &&mantas_schema_owner..KDD_CAL b WHERE b.CLNDR_NM = 'SYSCAL' AND b.CLNDR_DAY_AGE=0)
           AND a.LAST_ACTVY_DT <= (SELECT max(b.CLNDR_DT) FROM &&mantas_schema_owner..KDD_CAL b WHERE b.CLNDR_NM = 'SYSCAL' AND b.CLNDR_DAY_AGE=0 ) )
          )*/
      AND c.CUST_INTRL_ID = a.PRMRY_CUST_INTRL_ID
      AND a.MANTAS_ACCT_HOLDR_TYPE_CD in (@Incld_Acct_Hldr_Typ_Cd)
      AND a.MANTAS_ACCT_BUS_TYPE_CD in (@Mantas_Bus_Acct_Type_Lst)
        -- ---------------------------------------------------------------------------------------------------
      --25048632
      AND t.MANTAS_POST_DT > (select Min_Dt from clndr_vw) and t.MANTAS_POST_DT <= (select Max_Dt from clndr_vw) 
      AND t.DATA_DUMP_DT > (select Min_Dt from clndr_vw) and t.DATA_DUMP_DT <= (select Max_Dt from clndr_vw)  
            -- PR32809
            -- Cover only GENERAL transactions
      AND t.MANTAS_TRXN_PURP_CD = 'GENERAL'
      AND t.MANTAS_TRXN_PRDCT_CD in (@Incl_MI_Trxn_Prdct_Type_Lst)
      AND (@Include_Trusted_Trans_FL = 'Y' or COALESCE(t.TRSTD_TRXN_FL,'N') ='N')
      -- allow user to include (Y) or exclude (N)  Bank-to-Bank transactions between related parties
      AND (@Include_B2B_Trnfr_Fl = 'Y' or NOT(t.BANK_TO_BANK_TRNFR_FL = 'Y' and t.PASS_THRU_FL = 'N'))
      -- Divide By Zero error handling
      AND DECODE(@Curr_Type,'F',t.TRXN_FUNC_AM,t.TRXN_BASE_AM) IS NOT NULL AND DECODE(@Curr_Type,'F',t.TRXN_FUNC_AM,t.TRXN_BASE_AM) <> 0
      AND @Prmry_Cust_Fl = 'Y'
      --30232271
      --Exclude Canceled and Canceling Transactions
      AND t.CXL_PAIR_TRXN_INTRL_ID IS NULL
--25363161
UNION ALL

SELECT a.PRMRY_CUST_INTRL_ID as CUST_INTRL_ID,
            (case when DECODE(@Curr_Type,'F',t.TRXN_FUNC_AM,t.TRXN_BASE_AM) - trunc(DECODE(@Curr_Type,'F',t.TRXN_FUNC_AM,t.TRXN_BASE_AM),-@Lrf_Digits) = 0 then DECODE(@Curr_Type,'F',t.TRXN_FUNC_AM,t.TRXN_BASE_AM)
                  when t.ISSUE_TRXN_ACTVY_AM - trunc(t.ISSUE_TRXN_ACTVY_AM,-@Lrf_Digits) = 0 then DECODE(@Curr_Type,'F',t.TRXN_FUNC_AM,t.TRXN_BASE_AM)
                  when t.CLR_TRXN_ACTVY_AM - trunc(t.CLR_TRXN_ACTVY_AM,-@Lrf_Digits) = 0 then DECODE(@Curr_Type,'F',t.TRXN_FUNC_AM,t.TRXN_BASE_AM)
                  when t.DEP_TRXN_ACTVY_AM - trunc(t.DEP_TRXN_ACTVY_AM,-@Lrf_Digits) = 0 then DECODE(@Curr_Type,'F',t.TRXN_FUNC_AM,t.TRXN_BASE_AM)
                  else 0 end) Lrf_Amt,
            (case when t.SCND_BENEF_NTITY_RISK_NB > 0 or t.SCND_BENEF_ACTVY_RISK_NB > 0 then DECODE(@Curr_Type,'F',t.TRXN_FUNC_AM,t.TRXN_BASE_AM) else 0 end) as Hr_Amt,
            (case when t.PASS_THRU_FL = 'Y' then DECODE(@Curr_Type,'F',t.TRXN_FUNC_AM,t.TRXN_BASE_AM) else 0 end) Pass_Thru_Amt,
            --25048632
            (SELECT k.BUS_DAY_AGE FROM fccmatomic.KDD_CAL k WHERE k.CLNDR_NM = 'SYSCAL' AND k.CLNDR_DT = t.MANTAS_POST_DT) as BUS_DAY_AGE,
            (SELECT k.CLNDR_DAY_AGE FROM fccmatomic.KDD_CAL k WHERE k.CLNDR_NM = 'SYSCAL' AND k.CLNDR_DT = t.MANTAS_POST_DT) as CLNDR_DAY_AGE,
            t.FO_TRXN_SEQ_ID,
            DECODE(@Curr_Type,'F',t.TRXN_FUNC_AM,t.TRXN_BASE_AM) as Trxn_Am,
            DECODE(@Curr_Type,'F',t.TRXN_FUNC_AM,t.TRXN_BASE_AM)   as Dep_Trans_Amt,
            1                as Dep_Trans_Ct,
            0                as WD_Trans_Amt,
            0                as WD_Trans_Ct,
            1                as Trans_Ty,
            1                as Grp_Cd,
            t.MANTAS_POST_DT as Trans_Dt,
            t.SCND_BENEF_ACCT_ID as ACCT_INTRL_ID,
            case when t.TRSTD_TRXN_FL = 'Y' then DECODE(@Curr_Type,'F',t.TRXN_FUNC_AM,t.TRXN_BASE_AM) else 0 end as Trusted_Trxn_Amt,
            t.FUNC_CRNCY_CD
       FROM
            fccmatomic.MI_TRXN t,
            fccmatomic.ACCT a,
            Incld_Cust c
    WHERE
          t.SCND_BENEF_ACCT_ID = a.ACCT_INTRL_ID
      AND a.PRMRY_CUST_INTRL_ID is not null
      AND (@All_Trans_Src_Fl = 'Y' or t.SRC_SYS_CD in (@Incl_Trans_Src_Lst))
      AND t.INTRL_SCND_BENEF_ACCT_FL = 'Y'
      AND (t.INTRL_BENEF_ACCT_FL <> 'Y'
          OR
          (COALESCE((select a1.PRMRY_CUST_INTRL_ID from fccmatomic.ACCT a1 where a1.ACCT_INTRL_ID = t.BENEF_ACCT_ID),'-') <> a.PRMRY_CUST_INTRL_ID))
    -- ---------------------------------------------------------------------------------------------------
--Bug#21935427
/*      AND (a.LAST_ACTVY_DT is null or
          (a.LAST_ACTVY_DT > (SELECT add_days(min(b.CLNDR_DT),-Frequency_Period) FROM &&mantas_schema_owner..KDD_CAL b WHERE b.CLNDR_NM = 'SYSCAL' AND b.CLNDR_DAY_AGE=0)
           AND a.LAST_ACTVY_DT <= (SELECT max(b.CLNDR_DT) FROM &&mantas_schema_owner..KDD_CAL b WHERE b.CLNDR_NM = 'SYSCAL' AND b.CLNDR_DAY_AGE=0 ) )
          )*/
      AND c.CUST_INTRL_ID = a.PRMRY_CUST_INTRL_ID
      AND a.MANTAS_ACCT_HOLDR_TYPE_CD in (@Incld_Acct_Hldr_Typ_Cd)
      AND a.MANTAS_ACCT_BUS_TYPE_CD in (@Mantas_Bus_Acct_Type_Lst)
    -- ---------------------------------------------------------------------------------------------------
      --25048632
      AND t.MANTAS_POST_DT > (select Min_Dt from clndr_vw) and t.MANTAS_POST_DT <= (select Max_Dt from clndr_vw) 
      AND t.DATA_DUMP_DT > (select Min_Dt from clndr_vw) and t.DATA_DUMP_DT <= (select Max_Dt from clndr_vw) 
            -- PR32809
            -- Cover only GENERAL transactions
      AND t.MANTAS_TRXN_PURP_CD = 'GENERAL'
      AND t.MANTAS_TRXN_PRDCT_CD in (@Incl_MI_Trxn_Prdct_Type_Lst)
      AND (@Include_Trusted_Trans_FL = 'Y' or COALESCE(t.TRSTD_TRXN_FL,'N') ='N')
      -- allow user to include (Y) or exclude (N)  Bank-to-Bank transactions between related parties
      AND (@Include_B2B_Trnfr_Fl = 'Y' or NOT(t.BANK_TO_BANK_TRNFR_FL = 'Y' and t.PASS_THRU_FL = 'N'))
      -- Divide By Zero error handling
      AND DECODE(@Curr_Type,'F',t.TRXN_FUNC_AM,t.TRXN_BASE_AM) IS NOT NULL AND DECODE(@Curr_Type,'F',t.TRXN_FUNC_AM,t.TRXN_BASE_AM) <> 0
      AND @Prmry_Cust_Fl = 'Y'
      --30232271
      --Exclude Canceled and Canceling Transactions
      AND t.CXL_PAIR_TRXN_INTRL_ID IS NULL
      
UNION ALL

SELECT c.CUST_INTRL_ID,
            (case when DECODE(@Curr_Type,'F',t.TRXN_FUNC_AM,t.TRXN_BASE_AM) - trunc(DECODE(@Curr_Type,'F',t.TRXN_FUNC_AM,t.TRXN_BASE_AM),-@Lrf_Digits) = 0 then DECODE(@Curr_Type,'F',t.TRXN_FUNC_AM,t.TRXN_BASE_AM)
                  when t.ISSUE_TRXN_ACTVY_AM - trunc(t.ISSUE_TRXN_ACTVY_AM,-@Lrf_Digits) = 0 then DECODE(@Curr_Type,'F',t.TRXN_FUNC_AM,t.TRXN_BASE_AM)
                  when t.CLR_TRXN_ACTVY_AM - trunc(t.CLR_TRXN_ACTVY_AM,-@Lrf_Digits) = 0 then DECODE(@Curr_Type,'F',t.TRXN_FUNC_AM,t.TRXN_BASE_AM)
                  when t.DEP_TRXN_ACTVY_AM - trunc(t.DEP_TRXN_ACTVY_AM,-@Lrf_Digits) = 0 then DECODE(@Curr_Type,'F',t.TRXN_FUNC_AM,t.TRXN_BASE_AM)
                  else 0 end) Lrf_Amt,
            (case when t.BENEF_NTITY_RISK_NB > 0 or t.BENEF_ACTVY_RISK_NB > 0 then DECODE(@Curr_Type,'F',t.TRXN_FUNC_AM,t.TRXN_BASE_AM) else 0 end) as Hr_Amt,
            (case when t.PASS_THRU_FL = 'Y' then DECODE(@Curr_Type,'F',t.TRXN_FUNC_AM,t.TRXN_BASE_AM) else 0 end) Pass_Thru_Amt,
            --25048632
            (SELECT k.BUS_DAY_AGE FROM fccmatomic.KDD_CAL k WHERE k.CLNDR_NM = 'SYSCAL' AND k.CLNDR_DT = t.MANTAS_POST_DT) as BUS_DAY_AGE,
            (SELECT k.CLNDR_DAY_AGE FROM fccmatomic.KDD_CAL k WHERE k.CLNDR_NM = 'SYSCAL' AND k.CLNDR_DT = t.MANTAS_POST_DT) as CLNDR_DAY_AGE,
            t.FO_TRXN_SEQ_ID,
            DECODE(@Curr_Type,'F',t.TRXN_FUNC_AM,t.TRXN_BASE_AM) as Trxn_Am,
            DECODE(@Curr_Type,'F',t.TRXN_FUNC_AM,t.TRXN_BASE_AM)   as Dep_Trans_Amt,
            1                as Dep_Trans_Ct,
            0                as WD_Trans_Amt,
            0                as WD_Trans_Ct,
            1                as Trans_Ty,
            1                as Grp_Cd,
            t.MANTAS_POST_DT as Trans_Dt,
            t.BENEF_ACCT_ID as ACCT_INTRL_ID,
            case when t.TRSTD_TRXN_FL = 'Y' then DECODE(@Curr_Type,'F',t.TRXN_FUNC_AM,t.TRXN_BASE_AM) else 0 end as Trusted_Trxn_Amt,
            t.FUNC_CRNCY_CD
       FROM
            fccmatomic.MI_TRXN t,
            fccmatomic.ACCT a,
            fccmatomic.CUST_ACCT ca,
            Incld_Cust c,
            fccmatomic.CUST_ACCT_ROLE car
WHERE
          t.BENEF_ACCT_ID = a.ACCT_INTRL_ID
      AND a.ACCT_INTRL_ID = ca.ACCT_INTRL_ID
      AND ca.CUST_INTRL_ID = c.CUST_INTRL_ID
      AND ca.CUST_ACCT_ROLE_CD = car.CUST_ACCT_ROLE_CD
      AND (car.TRDNG_AUTH_FL = 'Y' or car.WDRWL_AUTH_FL = 'Y' or car.POA_FL = 'Y')
      AND (@All_Trans_Src_Fl = 'Y' or t.SRC_SYS_CD in (@Incl_Trans_Src_Lst))
      AND t.INTRL_BENEF_ACCT_FL = 'Y'
    -- ---------------------------------------------------------------------------------------------------
      AND a.MANTAS_ACCT_HOLDR_TYPE_CD in (@Incld_Acct_Hldr_Typ_Cd)
      AND a.MANTAS_ACCT_BUS_TYPE_CD in (@Mantas_Bus_Acct_Type_Lst)
    -- ---------------------------------------------------------------------------------------------------
      AND t.MANTAS_POST_DT > (select Min_Dt from clndr_vw) and t.MANTAS_POST_DT <= (select Max_Dt from clndr_vw) 
      AND t.DATA_DUMP_DT > (select Min_Dt from clndr_vw) and t.DATA_DUMP_DT <= (select Max_Dt from clndr_vw) 
      -- Cover only GENERAL transactions
      AND t.MANTAS_TRXN_PURP_CD = 'GENERAL'
      AND t.MANTAS_TRXN_PRDCT_CD in (@Incl_MI_Trxn_Prdct_Type_Lst)
      AND (@Include_Trusted_Trans_FL = 'Y' or COALESCE(t.TRSTD_TRXN_FL,'N') ='N')
      -- allow user to include (Y) or exclude (N)  Bank-to-Bank transactions between related parties
      AND (@Include_B2B_Trnfr_Fl = 'Y' or NOT(t.BANK_TO_BANK_TRNFR_FL = 'Y' and t.PASS_THRU_FL = 'N'))
      -- Divide By Zero error handling
      AND DECODE(@Curr_Type,'F',t.TRXN_FUNC_AM,t.TRXN_BASE_AM) IS NOT NULL AND DECODE(@Curr_Type,'F',t.TRXN_FUNC_AM,t.TRXN_BASE_AM) <> 0
      AND @Prmry_Cust_Fl = 'N'
      --30232271
      --Exclude Canceled and Canceling Transactions
      AND t.CXL_PAIR_TRXN_INTRL_ID IS NULL
      
UNION ALL

SELECT c.CUST_INTRL_ID,
            (case when DECODE(@Curr_Type,'F',t.TRXN_FUNC_AM,t.TRXN_BASE_AM) - trunc(DECODE(@Curr_Type,'F',t.TRXN_FUNC_AM,t.TRXN_BASE_AM),-@Lrf_Digits) = 0 then DECODE(@Curr_Type,'F',t.TRXN_FUNC_AM,t.TRXN_BASE_AM)
                  when t.ISSUE_TRXN_ACTVY_AM - trunc(t.ISSUE_TRXN_ACTVY_AM,-@Lrf_Digits) = 0 then DECODE(@Curr_Type,'F',t.TRXN_FUNC_AM,t.TRXN_BASE_AM)
                  when t.CLR_TRXN_ACTVY_AM - trunc(t.CLR_TRXN_ACTVY_AM,-@Lrf_Digits) = 0 then DECODE(@Curr_Type,'F',t.TRXN_FUNC_AM,t.TRXN_BASE_AM)
                  when t.DEP_TRXN_ACTVY_AM - trunc(t.DEP_TRXN_ACTVY_AM,-@Lrf_Digits) = 0 then DECODE(@Curr_Type,'F',t.TRXN_FUNC_AM,t.TRXN_BASE_AM)
                  else 0 end) Lrf_Amt,
            (case when t.SCND_BENEF_NTITY_RISK_NB > 0 or t.SCND_BENEF_ACTVY_RISK_NB > 0 then DECODE(@Curr_Type,'F',t.TRXN_FUNC_AM,t.TRXN_BASE_AM) else 0 end) as Hr_Amt,
            (case when t.PASS_THRU_FL = 'Y' then DECODE(@Curr_Type,'F',t.TRXN_FUNC_AM,t.TRXN_BASE_AM) else 0 end) Pass_Thru_Amt,
            (SELECT k.BUS_DAY_AGE FROM fccmatomic.KDD_CAL k WHERE k.CLNDR_NM = 'SYSCAL' AND k.CLNDR_DT = t.MANTAS_POST_DT) as BUS_DAY_AGE,
            (SELECT k.CLNDR_DAY_AGE FROM fccmatomic.KDD_CAL k WHERE k.CLNDR_NM = 'SYSCAL' AND k.CLNDR_DT = t.MANTAS_POST_DT) as CLNDR_DAY_AGE,
            t.FO_TRXN_SEQ_ID,
            DECODE(@Curr_Type,'F',t.TRXN_FUNC_AM,t.TRXN_BASE_AM) as Trxn_Am,
            DECODE(@Curr_Type,'F',t.TRXN_FUNC_AM,t.TRXN_BASE_AM)   as Dep_Trans_Amt,
            1                as Dep_Trans_Ct,
            0                as WD_Trans_Amt,
            0                as WD_Trans_Ct,
            1                as Trans_Ty,
            1                as Grp_Cd,
            t.MANTAS_POST_DT as Trans_Dt,
            t.SCND_BENEF_ACCT_ID as ACCT_INTRL_ID,
            case when t.TRSTD_TRXN_FL = 'Y' then DECODE(@Curr_Type,'F',t.TRXN_FUNC_AM,t.TRXN_BASE_AM) else 0 end as Trusted_Trxn_Amt,
            t.FUNC_CRNCY_CD
       FROM
            fccmatomic.MI_TRXN t,
            fccmatomic.ACCT a,
            fccmatomic.CUST_ACCT ca,
            Incld_Cust c,
            fccmatomic.CUST_ACCT_ROLE car
WHERE
          t.SCND_BENEF_ACCT_ID = a.ACCT_INTRL_ID
      AND a.ACCT_INTRL_ID = ca.ACCT_INTRL_ID
      AND ca.CUST_INTRL_ID = c.CUST_INTRL_ID
      AND ca.CUST_ACCT_ROLE_CD = car.CUST_ACCT_ROLE_CD
      AND (car.TRDNG_AUTH_FL = 'Y' or car.WDRWL_AUTH_FL = 'Y' or car.POA_FL = 'Y')
      AND (@All_Trans_Src_Fl = 'Y' or t.SRC_SYS_CD in (@Incl_Trans_Src_Lst))
      AND t.INTRL_SCND_BENEF_ACCT_FL = 'Y'
      AND (t.INTRL_BENEF_ACCT_FL <> 'Y'
          OR
          c.CUST_INTRL_ID not in (select COALESCE(cta.cust_intrl_id,'NULL')
                          from fccmatomic.CUST_ACCT cta, fccmatomic.ACCT act, fccmatomic.CUST_ACCT_ROLE car2
                          where act.acct_intrl_id = cta.acct_intrl_id
                                and cta.cust_acct_role_cd = car2.cust_acct_role_cd
                                and (car2.trdng_auth_fl = 'Y' or car2.wdrwl_auth_fl = 'Y' or car2.poa_fl = 'Y')
                                and act.ACCT_INTRL_ID = t.BENEF_ACCT_ID))
    -- ---------------------------------------------------------------------------------------------------
      AND a.MANTAS_ACCT_HOLDR_TYPE_CD in (@Incld_Acct_Hldr_Typ_Cd)
      AND a.MANTAS_ACCT_BUS_TYPE_CD in (@Mantas_Bus_Acct_Type_Lst)
    -- ---------------------------------------------------------------------------------------------------
      AND t.MANTAS_POST_DT > (select Min_Dt from clndr_vw) and t.MANTAS_POST_DT <= (select Max_Dt from clndr_vw) 
      AND t.DATA_DUMP_DT > (select Min_Dt from clndr_vw) and t.DATA_DUMP_DT <= (select Max_Dt from clndr_vw) 
      -- Cover only GENERAL transactions
      AND t.MANTAS_TRXN_PURP_CD = 'GENERAL'
      AND t.MANTAS_TRXN_PRDCT_CD in (@Incl_MI_Trxn_Prdct_Type_Lst)
      AND (@Include_Trusted_Trans_FL = 'Y' or COALESCE(t.TRSTD_TRXN_FL,'N') ='N')
      -- allow user to include (Y) or exclude (N)  Bank-to-Bank transactions between related parties
      AND (@Include_B2B_Trnfr_Fl = 'Y' or NOT(t.BANK_TO_BANK_TRNFR_FL = 'Y' and t.PASS_THRU_FL = 'N'))
      -- Divide By Zero error handling
      AND DECODE(@Curr_Type,'F',t.TRXN_FUNC_AM,t.TRXN_BASE_AM) IS NOT NULL AND DECODE(@Curr_Type,'F',t.TRXN_FUNC_AM,t.TRXN_BASE_AM) <> 0
      AND @Prmry_Cust_Fl = 'N'
          --30232271
          --Exclude Canceled and Canceling Transactions
          AND t.CXL_PAIR_TRXN_INTRL_ID IS NULL
    ) mi

    ----------------------------------------
    UNION ALL
    /*********CASH*******/

   select csh.cust_intrl_id
        , csh.bus_day_age
        , csh.Clndr_Day_Age
        , csh.trxn_am
        , csh.trans_dt
        , csh.func_crncy_cd
    from
       --ML_StructAvdRprtTshld_CU_Csh_BM1
       --114016221 csh
      (SELECT  a.PRMRY_CUST_INTRL_ID as CUST_INTRL_ID,
            (case when DECODE(@Curr_Type,'F',t.TRXN_FUNC_AM,t.TRXN_BASE_AM) - trunc(DECODE(@Curr_Type,'F',t.TRXN_FUNC_AM,t.TRXN_BASE_AM),-@Lrf_Digits) = 0 then DECODE(@Curr_Type,'F',t.TRXN_FUNC_AM,t.TRXN_BASE_AM)
                   when t.TRXN_ACTVY_AM - trunc(t.TRXN_ACTVY_AM,-@Lrf_Digits) = 0 then DECODE(@Curr_Type,'F',t.TRXN_FUNC_AM,t.TRXN_BASE_AM) else 0 end) as Lrf_Amt,
            (case when t.CASH_TRXN_NTITY_RISK_NB > 0 or t.CASH_TRXN_ACTVY_RISK_NB > 0 then DECODE(@Curr_Type,'F',t.TRXN_FUNC_AM,t.TRXN_BASE_AM) else 0 end) as Hr_Amt,
            0               as Pass_Thru_Amt,
           --25048632
            (SELECT k.BUS_DAY_AGE FROM fccmatomic.KDD_CAL k WHERE k.CLNDR_NM = 'SYSCAL' AND k.CLNDR_DT = t.TRXN_EXCTN_DT) as BUS_DAY_AGE,
            (SELECT k.CLNDR_DAY_AGE FROM fccmatomic.KDD_CAL k WHERE k.CLNDR_NM = 'SYSCAL' AND k.CLNDR_DT = t.TRXN_EXCTN_DT) as CLNDR_DAY_AGE,
            t.FO_TRXN_SEQ_ID,
            DECODE(@Curr_Type,'F',t.TRXN_FUNC_AM,t.TRXN_BASE_AM) as Trxn_Am,
            DECODE(@Curr_Type,'F',t.TRXN_FUNC_AM,t.TRXN_BASE_AM)  as Dep_Trans_Amt,
            1               as Dep_Trans_Ct,
            0               as WD_Trans_Amt,
            0               as WD_Trans_Ct,
            0               as Trans_Ty,
            1               as Grp_Cd,
            t.trxn_exctn_dt as Trans_Dt,
            t.ACCT_INTRL_ID,
            t.FUNC_CRNCY_CD
       FROM fccmatomic.CASH_TRXN t,
            fccmatomic.ACCT a,
            Incld_Cust c
      WHERE
            t.DBT_CDT_CD = 'C'
        AND t.ACCT_INTRL_ID = a.ACCT_INTRL_ID
        AND a.PRMRY_CUST_INTRL_ID is not null
        AND (@All_Trans_Src_Fl = 'Y' or t.SRC_SYS_CD in (@Incl_Trans_Src_Lst))
    -- -----------------------------------------------------------------------------------------------------
--Bug#21935427
/*        AND (a.LAST_ACTVY_DT is null or
            (a.LAST_ACTVY_DT > (SELECT add_days(min(b.CLNDR_DT),-Frequency_Period) FROM &&mantas_schema_owner..KDD_CAL b WHERE b.CLNDR_NM = 'SYSCAL' AND b.CLNDR_DAY_AGE=0)
             AND a.LAST_ACTVY_DT <= (SELECT max(b.CLNDR_DT) FROM &&mantas_schema_owner..KDD_CAL b WHERE b.CLNDR_NM = 'SYSCAL' AND b.CLNDR_DAY_AGE=0))
            )*/
        AND c.CUST_INTRL_ID = a.PRMRY_CUST_INTRL_ID
        AND a.MANTAS_ACCT_HOLDR_TYPE_CD in (@Incld_Acct_Hldr_Typ_Cd)
        AND a.MANTAS_ACCT_BUS_TYPE_CD in (@Mantas_Bus_Acct_Type_Lst)
    -- -----------------------------------------------------------------------------------------------------
       --25048632
        AND t.TRXN_EXCTN_DT > (select Min_Dt from clndr_vw) and t.TRXN_EXCTN_DT <= (select Max_Dt from clndr_vw) 
        AND t.DATA_DUMP_DT > (select Min_Dt from clndr_vw) and t.DATA_DUMP_DT <= (select Max_Dt from clndr_vw)        
        -- PR32809
        -- Cover only GENERAL transactions
        AND t.MANTAS_TRXN_PURP_CD = 'GENERAL'
        AND t.MANTAS_TRXN_PRDCT_CD in (@Incl_Cash_Trxn_Prdct_Type_Lst)
        -- Divide By Zero error handling
        AND DECODE(@Curr_Type,'F',t.TRXN_FUNC_AM,t.TRXN_BASE_AM) IS NOT NULL AND DECODE(@Curr_Type,'F',t.TRXN_FUNC_AM,t.TRXN_BASE_AM) <> 0
        AND @Prmry_Cust_Fl = 'Y'
        --30232271
        --Exclude Canceled and Canceling Transactions
        AND t.CXL_PAIR_TRXN_INTRL_ID IS NULL

UNION ALL

SELECT  c.CUST_INTRL_ID,
            (case when DECODE(@Curr_Type,'F',t.TRXN_FUNC_AM,t.TRXN_BASE_AM) - trunc(DECODE(@Curr_Type,'F',t.TRXN_FUNC_AM,t.TRXN_BASE_AM),-@Lrf_Digits) = 0 then DECODE(@Curr_Type,'F',t.TRXN_FUNC_AM,t.TRXN_BASE_AM)
                   when t.TRXN_ACTVY_AM - trunc(t.TRXN_ACTVY_AM,-@Lrf_Digits) = 0 then DECODE(@Curr_Type,'F',t.TRXN_FUNC_AM,t.TRXN_BASE_AM) else 0 end) as Lrf_Amt,
            (case when t.CASH_TRXN_NTITY_RISK_NB > 0 or t.CASH_TRXN_ACTVY_RISK_NB > 0 then DECODE(@Curr_Type,'F',t.TRXN_FUNC_AM,t.TRXN_BASE_AM) else 0 end) as Hr_Amt,
            0               as Pass_Thru_Amt,
           --25048632
            (SELECT k.BUS_DAY_AGE FROM fccmatomic.KDD_CAL k WHERE k.CLNDR_NM = 'SYSCAL' AND k.CLNDR_DT = t.TRXN_EXCTN_DT) as BUS_DAY_AGE,
            (SELECT k.CLNDR_DAY_AGE FROM fccmatomic.KDD_CAL k WHERE k.CLNDR_NM = 'SYSCAL' AND k.CLNDR_DT = t.TRXN_EXCTN_DT) as CLNDR_DAY_AGE,
            t.FO_TRXN_SEQ_ID,
            DECODE(@Curr_Type,'F',t.TRXN_FUNC_AM,t.TRXN_BASE_AM) as Trxn_Am,
            DECODE(@Curr_Type,'F',t.TRXN_FUNC_AM,t.TRXN_BASE_AM)  as Dep_Trans_Amt,
            1               as Dep_Trans_Ct,
            0               as WD_Trans_Amt,
            0               as WD_Trans_Ct,
            0               as Trans_Ty,
            1               as Grp_Cd,
            t.trxn_exctn_dt as Trans_Dt,
            t.ACCT_INTRL_ID,
            t.FUNC_CRNCY_CD

       FROM
            fccmatomic.CASH_TRXN t,
            fccmatomic.ACCT a,
            fccmatomic.CUST_ACCT ca,
            Incld_Cust c,
            fccmatomic.CUST_ACCT_ROLE car
WHERE
            t.ACCT_INTRL_ID = a.ACCT_INTRL_ID
        AND a.ACCT_INTRL_ID = ca.ACCT_INTRL_ID
        AND ca.CUST_INTRL_ID = c.CUST_INTRL_ID
        AND ca.CUST_ACCT_ROLE_CD = car.CUST_ACCT_ROLE_CD
        AND (car.TRDNG_AUTH_FL = 'Y' or car.WDRWL_AUTH_FL = 'Y' or car.POA_FL = 'Y')
        AND t.DBT_CDT_CD = 'C'
        AND (@All_Trans_Src_Fl = 'Y' or t.SRC_SYS_CD in (@Incl_Trans_Src_Lst))
    -- -----------------------------------------------------------------------------------------------------
--Bug#21935427
/*        AND (a.LAST_ACTVY_DT is null or
            (a.LAST_ACTVY_DT > (SELECT add_days(min(b.CLNDR_DT),-Frequency_Period) FROM &&mantas_schema_owner..KDD_CAL b WHERE b.CLNDR_NM = 'SYSCAL' AND b.CLNDR_DAY_AGE=0)
             AND a.LAST_ACTVY_DT <= (SELECT max(b.CLNDR_DT) FROM &&mantas_schema_owner..KDD_CAL b WHERE b.CLNDR_NM = 'SYSCAL' AND b.CLNDR_DAY_AGE=0))
            )*/
        AND a.MANTAS_ACCT_HOLDR_TYPE_CD in (@Incld_Acct_Hldr_Typ_Cd)
        AND a.MANTAS_ACCT_BUS_TYPE_CD in (@Mantas_Bus_Acct_Type_Lst)
    -- -----------------------------------------------------------------------------------------------------
       --25048632
        AND t.TRXN_EXCTN_DT > (select Min_Dt from clndr_vw) and t.TRXN_EXCTN_DT <= (select Max_Dt from clndr_vw) 
        AND t.DATA_DUMP_DT > (select Min_Dt from clndr_vw) and t.DATA_DUMP_DT <= (select Max_Dt from clndr_vw)  
        -- PR32809
        -- Cover only GENERAL transactions
        AND t.MANTAS_TRXN_PURP_CD = 'GENERAL'
        AND t.MANTAS_TRXN_PRDCT_CD in (@Incl_Cash_Trxn_Prdct_Type_Lst)
        -- Divide By Zero error handling
        AND DECODE(@Curr_Type,'F',t.TRXN_FUNC_AM,t.TRXN_BASE_AM) IS NOT NULL AND DECODE(@Curr_Type,'F',t.TRXN_FUNC_AM,t.TRXN_BASE_AM) <> 0
        AND @Prmry_Cust_Fl = 'N'
                --30232271
                --Exclude Canceled and Canceling Transactions
                AND t.CXL_PAIR_TRXN_INTRL_ID IS NULL
    ) csh
  --------------------------------------------
   )  t
  group by
  t.cust_intrl_id
, t.bus_day_age
)

select
     1 as Dataset_key,
     g.CUST_INTRL_ID
   , g.Trans_Dt
   , g.Bus_Day_Age
   , g.Clndr_Day_Age
   , 0 Grp_Cd
   , -1 as Trans_Ty
   , g.One_Day_Amt
   , g.One_Day_Amt + COALESCE(t.One_Day_Amt,0) as Two_Days_Amt
   , case when g.One_Day_Amt = (g.One_Day_Amt + COALESCE(t.One_Day_Amt,0)) then 0 else 1 end as Two_Consecutive_Fl
   -- it tells us if the first day fall into range
   , case when g.One_Day_Amt >= @LE_R1 and g.One_Day_Amt <= @UE_R1 then 1
          when g.One_Day_Amt >= @LE_R2 and g.One_Day_Amt <= @UE_R2 then 1
          else 0
      end as One_Day_Amt_Fl
   -- it tells us if sum of two consecutive days fall into range and we have two consecutive days
   , case when ((g.One_Day_Amt + COALESCE(t.One_Day_Amt,0))>= @LE_R1 and (g.One_Day_Amt + COALESCE(t.One_Day_Amt,0))<= @UE_R1 and g.One_Day_Amt <> (g.One_Day_Amt + COALESCE(t.One_Day_Amt,0))) then 1
          when ((g.One_Day_Amt + COALESCE(t.One_Day_Amt,0))>= @LE_R2 and (g.One_Day_Amt + COALESCE(t.One_Day_Amt,0))<= @UE_R2 and g.One_Day_Amt <> (g.One_Day_Amt + COALESCE(t.One_Day_Amt,0))) then 1
          else 0
      end as Two_Days_Amt_Fl
  , g.Func_Crncy_Cd
  , count(1) over (partition by g.CUST_INTRL_ID) as Rec_Ct
from
      All_Trxn_B g
      left outer join All_Trxn_B t on g.CUST_INTRL_ID = t.CUST_INTRL_ID
                                   and g.bus_day_age = t.bus_day_age - 1
 ) ot ORDER BY ot.CUST_INTRL_ID, ot.BUS_DAY_AGE, ot.GRP_CD, ot.TRANS_TY 
06/29/2026 23:43:57 DEBUG : Thread ID = 140031667316480:  Sequence Matcher:   File = dscursor.cc:  Line = 748:  Preparing to select from dataset 114016219 
06/29/2026 23:43:57 DEBUG : Thread ID = 140031667316480:  Sequence Matcher:   File = dscursor.cc:  Line = 754:  SELECT  ot.TWO_DAYS_AMT, ot.ONE_DAY_AMT, ot.ONE_DAY_AMT_FL, ot.TWO_CONSECUTIVE_FL, ot.TWO_DAYS_AMT_FL, ot.GRP_CD, ot.TRANS_TY, ot.BUS_DAY_AGE, ot.CLNDR_DAY_AGE, ot.DATASET_KEY, ot.TRANS_DT, ot.CUST_INTRL_ID, ot.FUNC_CRNCY_CD FROM (WITH Incld_Cust as
(SELECT DISTINCT ct.CUST_INTRL_ID
 FROM fccmatomic.ML_STRUCTURING_CU_B_TMP ct
),

clndr_vw as (
select
(select add_days(cal.CLNDR_DT, -14) from fccmatomic.KDD_CAL cal where cal.CLNDR_NM = 'SYSCAL' and cal.CLNDR_DAY_AGE = 0) as Min_Dt,
(select cal.clndr_dt from fccmatomic.KDD_CAL cal where cal.CLNDR_NM = 'SYSCAL' and cal.CLNDR_DAY_AGE = 0) as Max_Dt
FROM dual
),


All_Trxn_B as
(select
   t.cust_intrl_id
  ,t.bus_day_age
  ,min(t.Clndr_Day_Age) Clndr_Day_Age
  ,sum(t.trxn_am) One_Day_Amt
  ,max(t.trans_dt) Trans_Dt
  ,max(t.func_crncy_cd) Func_Crncy_Cd
from
 (
    /*********MI*******/
   select mi.cust_intrl_id
        , mi.bus_day_age
        , mi.Clndr_Day_Age
        , mi.trxn_am
        , mi.trans_dt
        , mi.func_crncy_cd
    from
       --ML_StructAvdRprtTshld_CU_MI_BM1
       --114016222 mi
       (--OFSAABD-17813
SELECT a.PRMRY_CUST_INTRL_ID as CUST_INTRL_ID,
            (case when DECODE('B','F',t.TRXN_FUNC_AM,t.TRXN_BASE_AM) - trunc(DECODE('B','F',t.TRXN_FUNC_AM,t.TRXN_BASE_AM),-4) = 0 then DECODE('B','F',t.TRXN_FUNC_AM,t.TRXN_BASE_AM)
                  when t.ISSUE_TRXN_ACTVY_AM - trunc(t.ISSUE_TRXN_ACTVY_AM,-4) = 0 then DECODE('B','F',t.TRXN_FUNC_AM,t.TRXN_BASE_AM)
                  when t.CLR_TRXN_ACTVY_AM - trunc(t.CLR_TRXN_ACTVY_AM,-4) = 0 then DECODE('B','F',t.TRXN_FUNC_AM,t.TRXN_BASE_AM)
                  when t.DEP_TRXN_ACTVY_AM - trunc(t.DEP_TRXN_ACTVY_AM,-4) = 0 then DECODE('B','F',t.TRXN_FUNC_AM,t.TRXN_BASE_AM)
                  else 0 end) Lrf_Amt,
            (case when t.BENEF_NTITY_RISK_NB > 0 or t.BENEF_ACTVY_RISK_NB > 0 then DECODE('B','F',t.TRXN_FUNC_AM,t.TRXN_BASE_AM) else 0 end) as Hr_Amt,
            (case when t.PASS_THRU_FL = 'Y' then DECODE('B','F',t.TRXN_FUNC_AM,t.TRXN_BASE_AM) else 0 end) Pass_Thru_Amt,
            --25048632
            (SELECT k.BUS_DAY_AGE FROM fccmatomic.KDD_CAL k WHERE k.CLNDR_NM = 'SYSCAL' AND k.CLNDR_DT = t.MANTAS_POST_DT) as BUS_DAY_AGE,
            (SELECT k.CLNDR_DAY_AGE FROM fccmatomic.KDD_CAL k WHERE k.CLNDR_NM = 'SYSCAL' AND k.CLNDR_DT = t.MANTAS_POST_DT) as CLNDR_DAY_AGE,
            t.FO_TRXN_SEQ_ID,
            DECODE('B','F',t.TRXN_FUNC_AM,t.TRXN_BASE_AM) as Trxn_Am,
            DECODE('B','F',t.TRXN_FUNC_AM,t.TRXN_BASE_AM)   as Dep_Trans_Amt,
            1                as Dep_Trans_Ct,
            0                as WD_Trans_Amt,
            0                as WD_Trans_Ct,
            1                as Trans_Ty,
            1                as Grp_Cd,
            t.MANTAS_POST_DT as Trans_Dt,
            t.BENEF_ACCT_ID as ACCT_INTRL_ID,
            case when t.TRSTD_TRXN_FL = 'Y' then DECODE('B','F',t.TRXN_FUNC_AM,t.TRXN_BASE_AM) else 0 end as Trusted_Trxn_Amt,
            t.FUNC_CRNCY_CD
       FROM
            fccmatomic.MI_TRXN t,
            fccmatomic.ACCT a,
            Incld_Cust c
    WHERE
          t.BENEF_ACCT_ID = a.ACCT_INTRL_ID
      AND a.prmry_cust_intrl_id is not null
      AND ('Y' = 'Y' or t.SRC_SYS_CD in ('Inactive'))
      AND t.INTRL_BENEF_ACCT_FL = 'Y'
      -- ---------------------------------------------------------------------------------------------------
      --Bug#21935427
      /*      AND (a.LAST_ACTVY_DT is null or
          (a.LAST_ACTVY_DT > (SELECT add_days(min(b.CLNDR_DT),-Frequency_Period) FROM &&mantas_schema_owner..KDD_CAL b WHERE b.CLNDR_NM = 'SYSCAL' AND b.CLNDR_DAY_AGE=0)
           AND a.LAST_ACTVY_DT <= (SELECT max(b.CLNDR_DT) FROM &&mantas_schema_owner..KDD_CAL b WHERE b.CLNDR_NM = 'SYSCAL' AND b.CLNDR_DAY_AGE=0 ) )
          )*/
      AND c.CUST_INTRL_ID = a.PRMRY_CUST_INTRL_ID
      AND a.MANTAS_ACCT_HOLDR_TYPE_CD in ('CR')
      AND a.MANTAS_ACCT_BUS_TYPE_CD in ('RBK','RBR')
        -- ---------------------------------------------------------------------------------------------------
      --25048632
      AND t.MANTAS_POST_DT > (select Min_Dt from clndr_vw) and t.MANTAS_POST_DT <= (select Max_Dt from clndr_vw) 
      AND t.DATA_DUMP_DT > (select Min_Dt from clndr_vw) and t.DATA_DUMP_DT <= (select Max_Dt from clndr_vw)  
            -- PR32809
            -- Cover only GENERAL transactions
      AND t.MANTAS_TRXN_PURP_CD = 'GENERAL'
      AND t.MANTAS_TRXN_PRDCT_CD in ('CASH-EQ-CASHIER-CHECK', 'CASH-EQ-CERT-CHECK', 'CASH-EQ-MONEY-ORDER', 'CASH-EQ-TRAVELERS-CHECK', 'CASH-EQ-OTHER', 'CASH-LETTER', 'CHECK', 'PAPER-OTHER', 'CHECK-ACH')
      AND ('Y' = 'Y' or COALESCE(t.TRSTD_TRXN_FL,'N') ='N')
      -- allow user to include (Y) or exclude (N)  Bank-to-Bank transactions between related parties
      AND ('Y' = 'Y' or NOT(t.BANK_TO_BANK_TRNFR_FL = 'Y' and t.PASS_THRU_FL = 'N'))
      -- Divide By Zero error handling
      AND DECODE('B','F',t.TRXN_FUNC_AM,t.TRXN_BASE_AM) IS NOT NULL AND DECODE('B','F',t.TRXN_FUNC_AM,t.TRXN_BASE_AM) <> 0
      AND 'Y' = 'Y'
      --30232271
      --Exclude Canceled and Canceling Transactions
      AND t.CXL_PAIR_TRXN_INTRL_ID IS NULL
--25363161
UNION ALL

SELECT a.PRMRY_CUST_INTRL_ID as CUST_INTRL_ID,
            (case when DECODE('B','F',t.TRXN_FUNC_AM,t.TRXN_BASE_AM) - trunc(DECODE('B','F',t.TRXN_FUNC_AM,t.TRXN_BASE_AM),-4) = 0 then DECODE('B','F',t.TRXN_FUNC_AM,t.TRXN_BASE_AM)
                  when t.ISSUE_TRXN_ACTVY_AM - trunc(t.ISSUE_TRXN_ACTVY_AM,-4) = 0 then DECODE('B','F',t.TRXN_FUNC_AM,t.TRXN_BASE_AM)
                  when t.CLR_TRXN_ACTVY_AM - trunc(t.CLR_TRXN_ACTVY_AM,-4) = 0 then DECODE('B','F',t.TRXN_FUNC_AM,t.TRXN_BASE_AM)
                  when t.DEP_TRXN_ACTVY_AM - trunc(t.DEP_TRXN_ACTVY_AM,-4) = 0 then DECODE('B','F',t.TRXN_FUNC_AM,t.TRXN_BASE_AM)
                  else 0 end) Lrf_Amt,
            (case when t.SCND_BENEF_NTITY_RISK_NB > 0 or t.SCND_BENEF_ACTVY_RISK_NB > 0 then DECODE('B','F',t.TRXN_FUNC_AM,t.TRXN_BASE_AM) else 0 end) as Hr_Amt,
            (case when t.PASS_THRU_FL = 'Y' then DECODE('B','F',t.TRXN_FUNC_AM,t.TRXN_BASE_AM) else 0 end) Pass_Thru_Amt,
            --25048632
            (SELECT k.BUS_DAY_AGE FROM fccmatomic.KDD_CAL k WHERE k.CLNDR_NM = 'SYSCAL' AND k.CLNDR_DT = t.MANTAS_POST_DT) as BUS_DAY_AGE,
            (SELECT k.CLNDR_DAY_AGE FROM fccmatomic.KDD_CAL k WHERE k.CLNDR_NM = 'SYSCAL' AND k.CLNDR_DT = t.MANTAS_POST_DT) as CLNDR_DAY_AGE,
            t.FO_TRXN_SEQ_ID,
            DECODE('B','F',t.TRXN_FUNC_AM,t.TRXN_BASE_AM) as Trxn_Am,
            DECODE('B','F',t.TRXN_FUNC_AM,t.TRXN_BASE_AM)   as Dep_Trans_Amt,
            1                as Dep_Trans_Ct,
            0                as WD_Trans_Amt,
            0                as WD_Trans_Ct,
            1                as Trans_Ty,
            1                as Grp_Cd,
            t.MANTAS_POST_DT as Trans_Dt,
            t.SCND_BENEF_ACCT_ID as ACCT_INTRL_ID,
            case when t.TRSTD_TRXN_FL = 'Y' then DECODE('B','F',t.TRXN_FUNC_AM,t.TRXN_BASE_AM) else 0 end as Trusted_Trxn_Amt,
            t.FUNC_CRNCY_CD
       FROM
            fccmatomic.MI_TRXN t,
            fccmatomic.ACCT a,
            Incld_Cust c
    WHERE
          t.SCND_BENEF_ACCT_ID = a.ACCT_INTRL_ID
      AND a.PRMRY_CUST_INTRL_ID is not null
      AND ('Y' = 'Y' or t.SRC_SYS_CD in ('Inactive'))
      AND t.INTRL_SCND_BENEF_ACCT_FL = 'Y'
      AND (t.INTRL_BENEF_ACCT_FL <> 'Y'
          OR
          (COALESCE((select a1.PRMRY_CUST_INTRL_ID from fccmatomic.ACCT a1 where a1.ACCT_INTRL_ID = t.BENEF_ACCT_ID),'-') <> a.PRMRY_CUST_INTRL_ID))
    -- ---------------------------------------------------------------------------------------------------
--Bug#21935427
/*      AND (a.LAST_ACTVY_DT is null or
          (a.LAST_ACTVY_DT > (SELECT add_days(min(b.CLNDR_DT),-Frequency_Period) FROM &&mantas_schema_owner..KDD_CAL b WHERE b.CLNDR_NM = 'SYSCAL' AND b.CLNDR_DAY_AGE=0)
           AND a.LAST_ACTVY_DT <= (SELECT max(b.CLNDR_DT) FROM &&mantas_schema_owner..KDD_CAL b WHERE b.CLNDR_NM = 'SYSCAL' AND b.CLNDR_DAY_AGE=0 ) )
          )*/
      AND c.CUST_INTRL_ID = a.PRMRY_CUST_INTRL_ID
      AND a.MANTAS_ACCT_HOLDR_TYPE_CD in ('CR')
      AND a.MANTAS_ACCT_BUS_TYPE_CD in ('RBK','RBR')
    -- ---------------------------------------------------------------------------------------------------
      --25048632
      AND t.MANTAS_POST_DT > (select Min_Dt from clndr_vw) and t.MANTAS_POST_DT <= (select Max_Dt from clndr_vw) 
      AND t.DATA_DUMP_DT > (select Min_Dt from clndr_vw) and t.DATA_DUMP_DT <= (select Max_Dt from clndr_vw) 
            -- PR32809
            -- Cover only GENERAL transactions
      AND t.MANTAS_TRXN_PURP_CD = 'GENERAL'
      AND t.MANTAS_TRXN_PRDCT_CD in ('CASH-EQ-CASHIER-CHECK', 'CASH-EQ-CERT-CHECK', 'CASH-EQ-MONEY-ORDER', 'CASH-EQ-TRAVELERS-CHECK', 'CASH-EQ-OTHER', 'CASH-LETTER', 'CHECK', 'PAPER-OTHER', 'CHECK-ACH')
      AND ('Y' = 'Y' or COALESCE(t.TRSTD_TRXN_FL,'N') ='N')
      -- allow user to include (Y) or exclude (N)  Bank-to-Bank transactions between related parties
      AND ('Y' = 'Y' or NOT(t.BANK_TO_BANK_TRNFR_FL = 'Y' and t.PASS_THRU_FL = 'N'))
      -- Divide By Zero error handling
      AND DECODE('B','F',t.TRXN_FUNC_AM,t.TRXN_BASE_AM) IS NOT NULL AND DECODE('B','F',t.TRXN_FUNC_AM,t.TRXN_BASE_AM) <> 0
      AND 'Y' = 'Y'
      --30232271
      --Exclude Canceled and Canceling Transactions
      AND t.CXL_PAIR_TRXN_INTRL_ID IS NULL
      
UNION ALL

SELECT c.CUST_INTRL_ID,
            (case when DECODE('B','F',t.TRXN_FUNC_AM,t.TRXN_BASE_AM) - trunc(DECODE('B','F',t.TRXN_FUNC_AM,t.TRXN_BASE_AM),-4) = 0 then DECODE('B','F',t.TRXN_FUNC_AM,t.TRXN_BASE_AM)
                  when t.ISSUE_TRXN_ACTVY_AM - trunc(t.ISSUE_TRXN_ACTVY_AM,-4) = 0 then DECODE('B','F',t.TRXN_FUNC_AM,t.TRXN_BASE_AM)
                  when t.CLR_TRXN_ACTVY_AM - trunc(t.CLR_TRXN_ACTVY_AM,-4) = 0 then DECODE('B','F',t.TRXN_FUNC_AM,t.TRXN_BASE_AM)
                  when t.DEP_TRXN_ACTVY_AM - trunc(t.DEP_TRXN_ACTVY_AM,-4) = 0 then DECODE('B','F',t.TRXN_FUNC_AM,t.TRXN_BASE_AM)
                  else 0 end) Lrf_Amt,
            (case when t.BENEF_NTITY_RISK_NB > 0 or t.BENEF_ACTVY_RISK_NB > 0 then DECODE('B','F',t.TRXN_FUNC_AM,t.TRXN_BASE_AM) else 0 end) as Hr_Amt,
            (case when t.PASS_THRU_FL = 'Y' then DECODE('B','F',t.TRXN_FUNC_AM,t.TRXN_BASE_AM) else 0 end) Pass_Thru_Amt,
            --25048632
            (SELECT k.BUS_DAY_AGE FROM fccmatomic.KDD_CAL k WHERE k.CLNDR_NM = 'SYSCAL' AND k.CLNDR_DT = t.MANTAS_POST_DT) as BUS_DAY_AGE,
            (SELECT k.CLNDR_DAY_AGE FROM fccmatomic.KDD_CAL k WHERE k.CLNDR_NM = 'SYSCAL' AND k.CLNDR_DT = t.MANTAS_POST_DT) as CLNDR_DAY_AGE,
            t.FO_TRXN_SEQ_ID,
            DECODE('B','F',t.TRXN_FUNC_AM,t.TRXN_BASE_AM) as Trxn_Am,
            DECODE('B','F',t.TRXN_FUNC_AM,t.TRXN_BASE_AM)   as Dep_Trans_Amt,
            1                as Dep_Trans_Ct,
            0                as WD_Trans_Amt,
            0                as WD_Trans_Ct,
            1                as Trans_Ty,
            1                as Grp_Cd,
            t.MANTAS_POST_DT as Trans_Dt,
            t.BENEF_ACCT_ID as ACCT_INTRL_ID,
            case when t.TRSTD_TRXN_FL = 'Y' then DECODE('B','F',t.TRXN_FUNC_AM,t.TRXN_BASE_AM) else 0 end as Trusted_Trxn_Amt,
            t.FUNC_CRNCY_CD
       FROM
            fccmatomic.MI_TRXN t,
            fccmatomic.ACCT a,
            fccmatomic.CUST_ACCT ca,
            Incld_Cust c,
            fccmatomic.CUST_ACCT_ROLE car
WHERE
          t.BENEF_ACCT_ID = a.ACCT_INTRL_ID
      AND a.ACCT_INTRL_ID = ca.ACCT_INTRL_ID
      AND ca.CUST_INTRL_ID = c.CUST_INTRL_ID
      AND ca.CUST_ACCT_ROLE_CD = car.CUST_ACCT_ROLE_CD
      AND (car.TRDNG_AUTH_FL = 'Y' or car.WDRWL_AUTH_FL = 'Y' or car.POA_FL = 'Y')
      AND ('Y' = 'Y' or t.SRC_SYS_CD in ('Inactive'))
      AND t.INTRL_BENEF_ACCT_FL = 'Y'
    -- ---------------------------------------------------------------------------------------------------
      AND a.MANTAS_ACCT_HOLDR_TYPE_CD in ('CR')
      AND a.MANTAS_ACCT_BUS_TYPE_CD in ('RBK','RBR')
    -- ---------------------------------------------------------------------------------------------------
      AND t.MANTAS_POST_DT > (select Min_Dt from clndr_vw) and t.MANTAS_POST_DT <= (select Max_Dt from clndr_vw) 
      AND t.DATA_DUMP_DT > (select Min_Dt from clndr_vw) and t.DATA_DUMP_DT <= (select Max_Dt from clndr_vw) 
      -- Cover only GENERAL transactions
      AND t.MANTAS_TRXN_PURP_CD = 'GENERAL'
      AND t.MANTAS_TRXN_PRDCT_CD in ('CASH-EQ-CASHIER-CHECK', 'CASH-EQ-CERT-CHECK', 'CASH-EQ-MONEY-ORDER', 'CASH-EQ-TRAVELERS-CHECK', 'CASH-EQ-OTHER', 'CASH-LETTER', 'CHECK', 'PAPER-OTHER', 'CHECK-ACH')
      AND ('Y' = 'Y' or COALESCE(t.TRSTD_TRXN_FL,'N') ='N')
      -- allow user to include (Y) or exclude (N)  Bank-to-Bank transactions between related parties
      AND ('Y' = 'Y' or NOT(t.BANK_TO_BANK_TRNFR_FL = 'Y' and t.PASS_THRU_FL = 'N'))
      -- Divide By Zero error handling
      AND DECODE('B','F',t.TRXN_FUNC_AM,t.TRXN_BASE_AM) IS NOT NULL AND DECODE('B','F',t.TRXN_FUNC_AM,t.TRXN_BASE_AM) <> 0
      AND 'Y' = 'N'
      --30232271
      --Exclude Canceled and Canceling Transactions
      AND t.CXL_PAIR_TRXN_INTRL_ID IS NULL
      
UNION ALL

SELECT c.CUST_INTRL_ID,
            (case when DECODE('B','F',t.TRXN_FUNC_AM,t.TRXN_BASE_AM) - trunc(DECODE('B','F',t.TRXN_FUNC_AM,t.TRXN_BASE_AM),-4) = 0 then DECODE('B','F',t.TRXN_FUNC_AM,t.TRXN_BASE_AM)
                  when t.ISSUE_TRXN_ACTVY_AM - trunc(t.ISSUE_TRXN_ACTVY_AM,-4) = 0 then DECODE('B','F',t.TRXN_FUNC_AM,t.TRXN_BASE_AM)
                  when t.CLR_TRXN_ACTVY_AM - trunc(t.CLR_TRXN_ACTVY_AM,-4) = 0 then DECODE('B','F',t.TRXN_FUNC_AM,t.TRXN_BASE_AM)
                  when t.DEP_TRXN_ACTVY_AM - trunc(t.DEP_TRXN_ACTVY_AM,-4) = 0 then DECODE('B','F',t.TRXN_FUNC_AM,t.TRXN_BASE_AM)
                  else 0 end) Lrf_Amt,
            (case when t.SCND_BENEF_NTITY_RISK_NB > 0 or t.SCND_BENEF_ACTVY_RISK_NB > 0 then DECODE('B','F',t.TRXN_FUNC_AM,t.TRXN_BASE_AM) else 0 end) as Hr_Amt,
            (case when t.PASS_THRU_FL = 'Y' then DECODE('B','F',t.TRXN_FUNC_AM,t.TRXN_BASE_AM) else 0 end) Pass_Thru_Amt,
            (SELECT k.BUS_DAY_AGE FROM fccmatomic.KDD_CAL k WHERE k.CLNDR_NM = 'SYSCAL' AND k.CLNDR_DT = t.MANTAS_POST_DT) as BUS_DAY_AGE,
            (SELECT k.CLNDR_DAY_AGE FROM fccmatomic.KDD_CAL k WHERE k.CLNDR_NM = 'SYSCAL' AND k.CLNDR_DT = t.MANTAS_POST_DT) as CLNDR_DAY_AGE,
            t.FO_TRXN_SEQ_ID,
            DECODE('B','F',t.TRXN_FUNC_AM,t.TRXN_BASE_AM) as Trxn_Am,
            DECODE('B','F',t.TRXN_FUNC_AM,t.TRXN_BASE_AM)   as Dep_Trans_Amt,
            1                as Dep_Trans_Ct,
            0                as WD_Trans_Amt,
            0                as WD_Trans_Ct,
            1                as Trans_Ty,
            1                as Grp_Cd,
            t.MANTAS_POST_DT as Trans_Dt,
            t.SCND_BENEF_ACCT_ID as ACCT_INTRL_ID,
            case when t.TRSTD_TRXN_FL = 'Y' then DECODE('B','F',t.TRXN_FUNC_AM,t.TRXN_BASE_AM) else 0 end as Trusted_Trxn_Amt,
            t.FUNC_CRNCY_CD
       FROM
            fccmatomic.MI_TRXN t,
            fccmatomic.ACCT a,
            fccmatomic.CUST_ACCT ca,
            Incld_Cust c,
            fccmatomic.CUST_ACCT_ROLE car
WHERE
          t.SCND_BENEF_ACCT_ID = a.ACCT_INTRL_ID
      AND a.ACCT_INTRL_ID = ca.ACCT_INTRL_ID
      AND ca.CUST_INTRL_ID = c.CUST_INTRL_ID
      AND ca.CUST_ACCT_ROLE_CD = car.CUST_ACCT_ROLE_CD
      AND (car.TRDNG_AUTH_FL = 'Y' or car.WDRWL_AUTH_FL = 'Y' or car.POA_FL = 'Y')
      AND ('Y' = 'Y' or t.SRC_SYS_CD in ('Inactive'))
      AND t.INTRL_SCND_BENEF_ACCT_FL = 'Y'
      AND (t.INTRL_BENEF_ACCT_FL <> 'Y'
          OR
          c.CUST_INTRL_ID not in (select COALESCE(cta.cust_intrl_id,'NULL')
                          from fccmatomic.CUST_ACCT cta, fccmatomic.ACCT act, fccmatomic.CUST_ACCT_ROLE car2
                          where act.acct_intrl_id = cta.acct_intrl_id
                                and cta.cust_acct_role_cd = car2.cust_acct_role_cd
                                and (car2.trdng_auth_fl = 'Y' or car2.wdrwl_auth_fl = 'Y' or car2.poa_fl = 'Y')
                                and act.ACCT_INTRL_ID = t.BENEF_ACCT_ID))
    -- ---------------------------------------------------------------------------------------------------
      AND a.MANTAS_ACCT_HOLDR_TYPE_CD in ('CR')
      AND a.MANTAS_ACCT_BUS_TYPE_CD in ('RBK','RBR')
    -- ---------------------------------------------------------------------------------------------------
      AND t.MANTAS_POST_DT > (select Min_Dt from clndr_vw) and t.MANTAS_POST_DT <= (select Max_Dt from clndr_vw) 
      AND t.DATA_DUMP_DT > (select Min_Dt from clndr_vw) and t.DATA_DUMP_DT <= (select Max_Dt from clndr_vw) 
      -- Cover only GENERAL transactions
      AND t.MANTAS_TRXN_PURP_CD = 'GENERAL'
      AND t.MANTAS_TRXN_PRDCT_CD in ('CASH-EQ-CASHIER-CHECK', 'CASH-EQ-CERT-CHECK', 'CASH-EQ-MONEY-ORDER', 'CASH-EQ-TRAVELERS-CHECK', 'CASH-EQ-OTHER', 'CASH-LETTER', 'CHECK', 'PAPER-OTHER', 'CHECK-ACH')
      AND ('Y' = 'Y' or COALESCE(t.TRSTD_TRXN_FL,'N') ='N')
      -- allow user to include (Y) or exclude (N)  Bank-to-Bank transactions between related parties
      AND ('Y' = 'Y' or NOT(t.BANK_TO_BANK_TRNFR_FL = 'Y' and t.PASS_THRU_FL = 'N'))
      -- Divide By Zero error handling
      AND DECODE('B','F',t.TRXN_FUNC_AM,t.TRXN_BASE_AM) IS NOT NULL AND DECODE('B','F',t.TRXN_FUNC_AM,t.TRXN_BASE_AM) <> 0
      AND 'Y' = 'N'
          --30232271
          --Exclude Canceled and Canceling Transactions
          AND t.CXL_PAIR_TRXN_INTRL_ID IS NULL
    ) mi

    ----------------------------------------
    UNION ALL
    /*********CASH*******/

   select csh.cust_intrl_id
        , csh.bus_day_age
        , csh.Clndr_Day_Age
        , csh.trxn_am
        , csh.trans_dt
        , csh.func_crncy_cd
    from
       --ML_StructAvdRprtTshld_CU_Csh_BM1
       --114016221 csh
      (SELECT  a.PRMRY_CUST_INTRL_ID as CUST_INTRL_ID,
            (case when DECODE('B','F',t.TRXN_FUNC_AM,t.TRXN_BASE_AM) - trunc(DECODE('B','F',t.TRXN_FUNC_AM,t.TRXN_BASE_AM),-4) = 0 then DECODE('B','F',t.TRXN_FUNC_AM,t.TRXN_BASE_AM)
                   when t.TRXN_ACTVY_AM - trunc(t.TRXN_ACTVY_AM,-4) = 0 then DECODE('B','F',t.TRXN_FUNC_AM,t.TRXN_BASE_AM) else 0 end) as Lrf_Amt,
            (case when t.CASH_TRXN_NTITY_RISK_NB > 0 or t.CASH_TRXN_ACTVY_RISK_NB > 0 then DECODE('B','F',t.TRXN_FUNC_AM,t.TRXN_BASE_AM) else 0 end) as Hr_Amt,
            0               as Pass_Thru_Amt,
           --25048632
            (SELECT k.BUS_DAY_AGE FROM fccmatomic.KDD_CAL k WHERE k.CLNDR_NM = 'SYSCAL' AND k.CLNDR_DT = t.TRXN_EXCTN_DT) as BUS_DAY_AGE,
            (SELECT k.CLNDR_DAY_AGE FROM fccmatomic.KDD_CAL k WHERE k.CLNDR_NM = 'SYSCAL' AND k.CLNDR_DT = t.TRXN_EXCTN_DT) as CLNDR_DAY_AGE,
            t.FO_TRXN_SEQ_ID,
            DECODE('B','F',t.TRXN_FUNC_AM,t.TRXN_BASE_AM) as Trxn_Am,
            DECODE('B','F',t.TRXN_FUNC_AM,t.TRXN_BASE_AM)  as Dep_Trans_Amt,
            1               as Dep_Trans_Ct,
            0               as WD_Trans_Amt,
            0               as WD_Trans_Ct,
            0               as Trans_Ty,
            1               as Grp_Cd,
            t.trxn_exctn_dt as Trans_Dt,
            t.ACCT_INTRL_ID,
            t.FUNC_CRNCY_CD
       FROM fccmatomic.CASH_TRXN t,
            fccmatomic.ACCT a,
            Incld_Cust c
      WHERE
            t.DBT_CDT_CD = 'C'
        AND t.ACCT_INTRL_ID = a.ACCT_INTRL_ID
        AND a.PRMRY_CUST_INTRL_ID is not null
        AND ('Y' = 'Y' or t.SRC_SYS_CD in ('Inactive'))
    -- -----------------------------------------------------------------------------------------------------
--Bug#21935427
/*        AND (a.LAST_ACTVY_DT is null or
            (a.LAST_ACTVY_DT > (SELECT add_days(min(b.CLNDR_DT),-Frequency_Period) FROM &&mantas_schema_owner..KDD_CAL b WHERE b.CLNDR_NM = 'SYSCAL' AND b.CLNDR_DAY_AGE=0)
             AND a.LAST_ACTVY_DT <= (SELECT max(b.CLNDR_DT) FROM &&mantas_schema_owner..KDD_CAL b WHERE b.CLNDR_NM = 'SYSCAL' AND b.CLNDR_DAY_AGE=0))
            )*/
        AND c.CUST_INTRL_ID = a.PRMRY_CUST_INTRL_ID
        AND a.MANTAS_ACCT_HOLDR_TYPE_CD in ('CR')
        AND a.MANTAS_ACCT_BUS_TYPE_CD in ('RBK','RBR')
    -- -----------------------------------------------------------------------------------------------------
       --25048632
        AND t.TRXN_EXCTN_DT > (select Min_Dt from clndr_vw) and t.TRXN_EXCTN_DT <= (select Max_Dt from clndr_vw) 
        AND t.DATA_DUMP_DT > (select Min_Dt from clndr_vw) and t.DATA_DUMP_DT <= (select Max_Dt from clndr_vw)        
        -- PR32809
        -- Cover only GENERAL transactions
        AND t.MANTAS_TRXN_PURP_CD = 'GENERAL'
        AND t.MANTAS_TRXN_PRDCT_CD in ('DEBIT-CARD', 'SVC', 'CREDIT-CARD', 'CURRENCY', 'PHYS')
        -- Divide By Zero error handling
        AND DECODE('B','F',t.TRXN_FUNC_AM,t.TRXN_BASE_AM) IS NOT NULL AND DECODE('B','F',t.TRXN_FUNC_AM,t.TRXN_BASE_AM) <> 0
        AND 'Y' = 'Y'
        --30232271
        --Exclude Canceled and Canceling Transactions
        AND t.CXL_PAIR_TRXN_INTRL_ID IS NULL

UNION ALL

SELECT  c.CUST_INTRL_ID,
            (case when DECODE('B','F',t.TRXN_FUNC_AM,t.TRXN_BASE_AM) - trunc(DECODE('B','F',t.TRXN_FUNC_AM,t.TRXN_BASE_AM),-4) = 0 then DECODE('B','F',t.TRXN_FUNC_AM,t.TRXN_BASE_AM)
                   when t.TRXN_ACTVY_AM - trunc(t.TRXN_ACTVY_AM,-4) = 0 then DECODE('B','F',t.TRXN_FUNC_AM,t.TRXN_BASE_AM) else 0 end) as Lrf_Amt,
            (case when t.CASH_TRXN_NTITY_RISK_NB > 0 or t.CASH_TRXN_ACTVY_RISK_NB > 0 then DECODE('B','F',t.TRXN_FUNC_AM,t.TRXN_BASE_AM) else 0 end) as Hr_Amt,
            0               as Pass_Thru_Amt,
           --25048632
            (SELECT k.BUS_DAY_AGE FROM fccmatomic.KDD_CAL k WHERE k.CLNDR_NM = 'SYSCAL' AND k.CLNDR_DT = t.TRXN_EXCTN_DT) as BUS_DAY_AGE,
            (SELECT k.CLNDR_DAY_AGE FROM fccmatomic.KDD_CAL k WHERE k.CLNDR_NM = 'SYSCAL' AND k.CLNDR_DT = t.TRXN_EXCTN_DT) as CLNDR_DAY_AGE,
            t.FO_TRXN_SEQ_ID,
            DECODE('B','F',t.TRXN_FUNC_AM,t.TRXN_BASE_AM) as Trxn_Am,
            DECODE('B','F',t.TRXN_FUNC_AM,t.TRXN_BASE_AM)  as Dep_Trans_Amt,
            1               as Dep_Trans_Ct,
            0               as WD_Trans_Amt,
            0               as WD_Trans_Ct,
            0               as Trans_Ty,
            1               as Grp_Cd,
            t.trxn_exctn_dt as Trans_Dt,
            t.ACCT_INTRL_ID,
            t.FUNC_CRNCY_CD

       FROM
            fccmatomic.CASH_TRXN t,
            fccmatomic.ACCT a,
            fccmatomic.CUST_ACCT ca,
            Incld_Cust c,
            fccmatomic.CUST_ACCT_ROLE car
WHERE
            t.ACCT_INTRL_ID = a.ACCT_INTRL_ID
        AND a.ACCT_INTRL_ID = ca.ACCT_INTRL_ID
        AND ca.CUST_INTRL_ID = c.CUST_INTRL_ID
        AND ca.CUST_ACCT_ROLE_CD = car.CUST_ACCT_ROLE_CD
        AND (car.TRDNG_AUTH_FL = 'Y' or car.WDRWL_AUTH_FL = 'Y' or car.POA_FL = 'Y')
        AND t.DBT_CDT_CD = 'C'
        AND ('Y' = 'Y' or t.SRC_SYS_CD in ('Inactive'))
    -- -----------------------------------------------------------------------------------------------------
--Bug#21935427
/*        AND (a.LAST_ACTVY_DT is null or
            (a.LAST_ACTVY_DT > (SELECT add_days(min(b.CLNDR_DT),-Frequency_Period) FROM &&mantas_schema_owner..KDD_CAL b WHERE b.CLNDR_NM = 'SYSCAL' AND b.CLNDR_DAY_AGE=0)
             AND a.LAST_ACTVY_DT <= (SELECT max(b.CLNDR_DT) FROM &&mantas_schema_owner..KDD_CAL b WHERE b.CLNDR_NM = 'SYSCAL' AND b.CLNDR_DAY_AGE=0))
            )*/
        AND a.MANTAS_ACCT_HOLDR_TYPE_CD in ('CR')
        AND a.MANTAS_ACCT_BUS_TYPE_CD in ('RBK','RBR')
    -- -----------------------------------------------------------------------------------------------------
       --25048632
        AND t.TRXN_EXCTN_DT > (select Min_Dt from clndr_vw) and t.TRXN_EXCTN_DT <= (select Max_Dt from clndr_vw) 
        AND t.DATA_DUMP_DT > (select Min_Dt from clndr_vw) and t.DATA_DUMP_DT <= (select Max_Dt from clndr_vw)  
        -- PR32809
        -- Cover only GENERAL transactions
        AND t.MANTAS_TRXN_PURP_CD = 'GENERAL'
        AND t.MANTAS_TRXN_PRDCT_CD in ('DEBIT-CARD', 'SVC', 'CREDIT-CARD', 'CURRENCY', 'PHYS')
        -- Divide By Zero error handling
        AND DECODE('B','F',t.TRXN_FUNC_AM,t.TRXN_BASE_AM) IS NOT NULL AND DECODE('B','F',t.TRXN_FUNC_AM,t.TRXN_BASE_AM) <> 0
        AND 'Y' = 'N'
                --30232271
                --Exclude Canceled and Canceling Transactions
                AND t.CXL_PAIR_TRXN_INTRL_ID IS NULL
    ) csh
  --------------------------------------------
   )  t
  group by
  t.cust_intrl_id
, t.bus_day_age
)

select
     1 as Dataset_key,
     g.CUST_INTRL_ID
   , g.Trans_Dt
   , g.Bus_Day_Age
   , g.Clndr_Day_Age
   , 0 Grp_Cd
   , -1 as Trans_Ty
   , g.One_Day_Amt
   , g.One_Day_Amt + COALESCE(t.One_Day_Amt,0) as Two_Days_Amt
   , case when g.One_Day_Amt = (g.One_Day_Amt + COALESCE(t.One_Day_Amt,0)) then 0 else 1 end as Two_Consecutive_Fl
   -- it tells us if the first day fall into range
   , case when g.One_Day_Amt >= 2500 and g.One_Day_Amt <= 2999 then 1
          when g.One_Day_Amt >= 8999 and g.One_Day_Amt <= 9999 then 1
          else 0
      end as One_Day_Amt_Fl
   -- it tells us if sum of two consecutive days fall into range and we have two consecutive days
   , case when ((g.One_Day_Amt + COALESCE(t.One_Day_Amt,0))>= 2500 and (g.One_Day_Amt + COALESCE(t.One_Day_Amt,0))<= 2999 and g.One_Day_Amt <> (g.One_Day_Amt + COALESCE(t.One_Day_Amt,0))) then 1
          when ((g.One_Day_Amt + COALESCE(t.One_Day_Amt,0))>= 8999 and (g.One_Day_Amt + COALESCE(t.One_Day_Amt,0))<= 9999 and g.One_Day_Amt <> (g.One_Day_Amt + COALESCE(t.One_Day_Amt,0))) then 1
          else 0
      end as Two_Days_Amt_Fl
  , g.Func_Crncy_Cd
  , count(1) over (partition by g.CUST_INTRL_ID) as Rec_Ct
from
      All_Trxn_B g
      left outer join All_Trxn_B t on g.CUST_INTRL_ID = t.CUST_INTRL_ID
                                   and g.bus_day_age = t.bus_day_age - 1
 ) ot ORDER BY ot.CUST_INTRL_ID, ot.BUS_DAY_AGE, ot.GRP_CD, ot.TRANS_TY
06/29/2026 23:43:57 DEBUG : Thread ID = 140031667316480:  Sequence Matcher:   File = dscursor.cc:  Line = 1161:  Found a reference to a dataset.  Calling getDatasetSql to resolve thresholds.  Id = 114016221 
06/29/2026 23:43:57 DEBUG : Thread ID = 140031667316480:  Sequence Matcher:   File = dscursor.cc:  Line = 1175:  After expansion, sql = SELECT ot.ACCT_INTRL_ID, ot.FO_TRXN_SEQ_ID, ot.CLNDR_DAY_AGE, ot.BUS_DAY_AGE, ot.HR_AMT, ot.LRF_AMT, ot.PASS_THRU_AMT, ot.TRANS_TY, ot.GRP_CD, ot.TRANS_DT, ot.WD_TRANS_CT, ot.DEP_TRANS_AMT, ot.WD_TRANS_AMT, ot.DEP_TRANS_CT, ot.CUST_INTRL_ID, ot.TRXN_AM, ot.FUNC_CRNCY_CD FROM (with
Incld_Cust as
(SELECT DISTINCT ct.CUST_INTRL_ID
 FROM fccmatomic.ML_STRUCTURING_CU_B_TMP ct
),
    
clndr_vw as (
select
(select add_days(cal.CLNDR_DT, -@Look_Back_Period) from fccmatomic.KDD_CAL cal where cal.CLNDR_NM = 'SYSCAL' and cal.CLNDR_DAY_AGE = 0) as Min_Dt,
(select cal.clndr_dt from fccmatomic.KDD_CAL cal where cal.CLNDR_NM = 'SYSCAL' and cal.CLNDR_DAY_AGE = 0) as Max_Dt
FROM dual
),
         
Cust_Accounts as
(SELECT 
        c.CUST_INTRL_ID,
        ac.ACCT_INTRL_ID
        
FROM        
 fccmatomic.ACCT ac,
 Incld_Cust c 
WHERE     
          c.CUST_INTRL_ID = ac.PRMRY_CUST_INTRL_ID
      AND ac.MANTAS_ACCT_HOLDR_TYPE_CD in (@Incld_Acct_Hldr_Typ_Cd)
      AND ac.MANTAS_ACCT_BUS_TYPE_CD in (@Mantas_Bus_Acct_Type_Lst)
      AND @Prmry_Cust_Fl = 'Y'

UNION ALL
SELECT 
        c.CUST_INTRL_ID,
        ac.ACCT_INTRL_ID
FROM        
  fccmatomic.ACCT ac,
  fccmatomic.CUST_ACCT ca, 
  Incld_Cust c,
  fccmatomic.CUST_ACCT_ROLE car
WHERE     
          ac.ACCT_INTRL_ID = ca.ACCT_INTRL_ID
      AND ca.CUST_INTRL_ID = c.CUST_INTRL_ID
      AND ca.CUST_ACCT_ROLE_CD = car.CUST_ACCT_ROLE_CD
      AND ac.MANTAS_ACCT_HOLDR_TYPE_CD in (@Incld_Acct_Hldr_Typ_Cd)
      AND ac.MANTAS_ACCT_BUS_TYPE_CD in (@Mantas_Bus_Acct_Type_Lst)
      AND (car.TRDNG_AUTH_FL = 'Y' or car.WDRWL_AUTH_FL = 'Y' or car.POA_FL = 'Y')
      AND @Prmry_Cust_Fl = 'N'
)

SELECT 
             c.CUST_INTRL_ID,
            (case when DECODE(@Curr_Type,'F',t.TRXN_FUNC_AM,t.TRXN_BASE_AM) - trunc(DECODE(@Curr_Type,'F',t.TRXN_FUNC_AM,t.TRXN_BASE_AM),-@Lrf_Digits) = 0 then DECODE(@Curr_Type,'F',t.TRXN_FUNC_AM,t.TRXN_BASE_AM)
                  when t.TRXN_ACTVY_AM - trunc(t.TRXN_ACTVY_AM,-@Lrf_Digits) = 0 then DECODE(@Curr_Type,'F',t.TRXN_FUNC_AM,t.TRXN_BASE_AM) else 0 end) as LRF_AMT,
            (case when t.CASH_TRXN_NTITY_RISK_NB > 0 or t.CASH_TRXN_ACTVY_RISK_NB > 0 then DECODE(@Curr_Type,'F',t.TRXN_FUNC_AM,t.TRXN_BASE_AM) else 0 end) as HR_AMT,
            0               as Pass_Thru_Amt,
            --25048632
            (SELECT k.BUS_DAY_AGE FROM fccmatomic.KDD_CAL k WHERE k.CLNDR_NM = 'SYSCAL' AND k.CLNDR_DT = t.TRXN_EXCTN_DT) as BUS_DAY_AGE,
            (SELECT k.CLNDR_DAY_AGE FROM fccmatomic.KDD_CAL k WHERE k.CLNDR_NM = 'SYSCAL' AND k.CLNDR_DT = t.TRXN_EXCTN_DT) as CLNDR_DAY_AGE,
            t.FO_TRXN_SEQ_ID,
            DECODE(@Curr_Type,'F',t.TRXN_FUNC_AM,t.TRXN_BASE_AM) as Trxn_Am,
            DECODE(@Curr_Type,'F',t.TRXN_FUNC_AM,t.TRXN_BASE_AM) as WD_Trans_Amt,
            1               as WD_Trans_Ct,
            0               as Dep_Trans_Amt,
            0               as Dep_Trans_Ct,
            0               as Trans_Ty,
            1               as Grp_Cd,
            t.TRXN_EXCTN_DT as Trans_Dt,
            t.ACCT_INTRL_ID,
            t.FUNC_CRNCY_CD
       FROM 
            fccmatomic.CASH_TRXN t,
            Cust_Accounts a,
            Incld_Cust c
      WHERE 
            t.DBT_CDT_CD = 'C'
        AND t.ACCT_INTRL_ID = a.ACCT_INTRL_ID
        AND a.CUST_INTRL_ID = c.CUST_INTRL_ID
        AND (@All_Trans_Src_Fl='Y' or t.SRC_SYS_CD in (@Incl_Trans_Src_Lst))
        AND t.TRXN_EXCTN_DT > (select Min_Dt from clndr_vw) and t.TRXN_EXCTN_DT <= (select Max_Dt from clndr_vw) 
        AND t.DATA_DUMP_DT > (select Min_Dt from clndr_vw) and t.DATA_DUMP_DT <= (select Max_Dt from clndr_vw)           
        -- PR32809
        -- Cover only GENERAL transactions
        AND t.MANTAS_TRXN_PURP_CD = 'GENERAL'
        AND t.MANTAS_TRXN_PRDCT_CD in (@Incl_Cash_Trxn_Prdct_Type_Lst)
        -- Divide By Zero error handling
        AND DECODE(@Curr_Type,'F',t.TRXN_FUNC_AM,t.TRXN_BASE_AM) IS NOT NULL AND DECODE(@Curr_Type,'F',t.TRXN_FUNC_AM,t.TRXN_BASE_AM) <> 0            
        --30232271  
        --Exclude Canceled and Canceling Transactions
       AND t.CXL_PAIR_TRXN_INTRL_ID IS NULL
 ) ot ORDER BY ot.CUST_INTRL_ID, ot.BUS_DAY_AGE, ot.GRP_CD, ot.TRANS_TY 
06/29/2026 23:43:57 DEBUG : Thread ID = 140031667316480:  Sequence Matcher:   File = dscursor.cc:  Line = 748:  Preparing to select from dataset 114016221 
06/29/2026 23:43:57 DEBUG : Thread ID = 140031667316480:  Sequence Matcher:   File = dscursor.cc:  Line = 754:  SELECT  ot.ACCT_INTRL_ID, ot.FO_TRXN_SEQ_ID, ot.CLNDR_DAY_AGE, ot.BUS_DAY_AGE, ot.HR_AMT, ot.LRF_AMT, ot.PASS_THRU_AMT, ot.TRANS_TY, ot.GRP_CD, ot.TRANS_DT, ot.WD_TRANS_CT, ot.DEP_TRANS_AMT, ot.WD_TRANS_AMT, ot.DEP_TRANS_CT, ot.CUST_INTRL_ID, ot.TRXN_AM, ot.FUNC_CRNCY_CD FROM (with
Incld_Cust as
(SELECT DISTINCT ct.CUST_INTRL_ID
 FROM fccmatomic.ML_STRUCTURING_CU_B_TMP ct
),
    
clndr_vw as (
select
(select add_days(cal.CLNDR_DT, -14) from fccmatomic.KDD_CAL cal where cal.CLNDR_NM = 'SYSCAL' and cal.CLNDR_DAY_AGE = 0) as Min_Dt,
(select cal.clndr_dt from fccmatomic.KDD_CAL cal where cal.CLNDR_NM = 'SYSCAL' and cal.CLNDR_DAY_AGE = 0) as Max_Dt
FROM dual
),
         
Cust_Accounts as
(SELECT 
        c.CUST_INTRL_ID,
        ac.ACCT_INTRL_ID
        
FROM        
 fccmatomic.ACCT ac,
 Incld_Cust c 
WHERE     
          c.CUST_INTRL_ID = ac.PRMRY_CUST_INTRL_ID
      AND ac.MANTAS_ACCT_HOLDR_TYPE_CD in ('CR')
      AND ac.MANTAS_ACCT_BUS_TYPE_CD in ('RBK','RBR')
      AND 'Y' = 'Y'

UNION ALL
SELECT 
        c.CUST_INTRL_ID,
        ac.ACCT_INTRL_ID
FROM        
  fccmatomic.ACCT ac,
  fccmatomic.CUST_ACCT ca, 
  Incld_Cust c,
  fccmatomic.CUST_ACCT_ROLE car
WHERE     
          ac.ACCT_INTRL_ID = ca.ACCT_INTRL_ID
      AND ca.CUST_INTRL_ID = c.CUST_INTRL_ID
      AND ca.CUST_ACCT_ROLE_CD = car.CUST_ACCT_ROLE_CD
      AND ac.MANTAS_ACCT_HOLDR_TYPE_CD in ('CR')
      AND ac.MANTAS_ACCT_BUS_TYPE_CD in ('RBK','RBR')
      AND (car.TRDNG_AUTH_FL = 'Y' or car.WDRWL_AUTH_FL = 'Y' or car.POA_FL = 'Y')
      AND 'Y' = 'N'
)

SELECT 
             c.CUST_INTRL_ID,
            (case when DECODE('B','F',t.TRXN_FUNC_AM,t.TRXN_BASE_AM) - trunc(DECODE('B','F',t.TRXN_FUNC_AM,t.TRXN_BASE_AM),-4) = 0 then DECODE('B','F',t.TRXN_FUNC_AM,t.TRXN_BASE_AM)
                  when t.TRXN_ACTVY_AM - trunc(t.TRXN_ACTVY_AM,-4) = 0 then DECODE('B','F',t.TRXN_FUNC_AM,t.TRXN_BASE_AM) else 0 end) as LRF_AMT,
            (case when t.CASH_TRXN_NTITY_RISK_NB > 0 or t.CASH_TRXN_ACTVY_RISK_NB > 0 then DECODE('B','F',t.TRXN_FUNC_AM,t.TRXN_BASE_AM) else 0 end) as HR_AMT,
            0               as Pass_Thru_Amt,
            --25048632
            (SELECT k.BUS_DAY_AGE FROM fccmatomic.KDD_CAL k WHERE k.CLNDR_NM = 'SYSCAL' AND k.CLNDR_DT = t.TRXN_EXCTN_DT) as BUS_DAY_AGE,
            (SELECT k.CLNDR_DAY_AGE FROM fccmatomic.KDD_CAL k WHERE k.CLNDR_NM = 'SYSCAL' AND k.CLNDR_DT = t.TRXN_EXCTN_DT) as CLNDR_DAY_AGE,
            t.FO_TRXN_SEQ_ID,
            DECODE('B','F',t.TRXN_FUNC_AM,t.TRXN_BASE_AM) as Trxn_Am,
            DECODE('B','F',t.TRXN_FUNC_AM,t.TRXN_BASE_AM) as WD_Trans_Amt,
            1               as WD_Trans_Ct,
            0               as Dep_Trans_Amt,
            0               as Dep_Trans_Ct,
            0               as Trans_Ty,
            1               as Grp_Cd,
            t.TRXN_EXCTN_DT as Trans_Dt,
            t.ACCT_INTRL_ID,
            t.FUNC_CRNCY_CD
       FROM 
            fccmatomic.CASH_TRXN t,
            Cust_Accounts a,
            Incld_Cust c
      WHERE 
            t.DBT_CDT_CD = 'C'
        AND t.ACCT_INTRL_ID = a.ACCT_INTRL_ID
        AND a.CUST_INTRL_ID = c.CUST_INTRL_ID
        AND ('Y'='Y' or t.SRC_SYS_CD in ('Inactive'))
        AND t.TRXN_EXCTN_DT > (select Min_Dt from clndr_vw) and t.TRXN_EXCTN_DT <= (select Max_Dt from clndr_vw) 
        AND t.DATA_DUMP_DT > (select Min_Dt from clndr_vw) and t.DATA_DUMP_DT <= (select Max_Dt from clndr_vw)           
        -- PR32809
        -- Cover only GENERAL transactions
        AND t.MANTAS_TRXN_PURP_CD = 'GENERAL'
        AND t.MANTAS_TRXN_PRDCT_CD in ('DEBIT-CARD', 'SVC', 'CREDIT-CARD', 'CURRENCY', 'PHYS')
        -- Divide By Zero error handling
        AND DECODE('B','F',t.TRXN_FUNC_AM,t.TRXN_BASE_AM) IS NOT NULL AND DECODE('B','F',t.TRXN_FUNC_AM,t.TRXN_BASE_AM) <> 0            
        --30232271  
        --Exclude Canceled and Canceling Transactions
       AND t.CXL_PAIR_TRXN_INTRL_ID IS NULL
 ) ot ORDER BY ot.CUST_INTRL_ID, ot.BUS_DAY_AGE, ot.GRP_CD, ot.TRANS_TY
06/29/2026 23:43:57 DEBUG : Thread ID = 140031667316480:  Sequence Matcher:   File = dscursor.cc:  Line = 1161:  Found a reference to a dataset.  Calling getDatasetSql to resolve thresholds.  Id = 114016222 
06/29/2026 23:43:57 DEBUG : Thread ID = 140031667316480:  Sequence Matcher:   File = dscursor.cc:  Line = 1175:  After expansion, sql = SELECT ot.ACCT_INTRL_ID, ot.FO_TRXN_SEQ_ID, ot.CLNDR_DAY_AGE, ot.BUS_DAY_AGE, ot.HR_AMT, ot.LRF_AMT, ot.PASS_THRU_AMT, ot.TRANS_TY, ot.GRP_CD, ot.TRANS_DT, ot.WD_TRANS_CT, ot.DEP_TRANS_AMT, ot.WD_TRANS_AMT, ot.DEP_TRANS_CT, ot.TRUSTED_TRXN_AMT, ot.FUNC_CRNCY_CD, ot.CUST_INTRL_ID, ot.TRXN_AM FROM (with
Incld_Cust as
(SELECT DISTINCT ct.CUST_INTRL_ID
 FROM fccmatomic.ML_STRUCTURING_CU_B_TMP ct
),

clndr_vw as (
select
(select add_days(cal.CLNDR_DT, -@Look_Back_Period) from fccmatomic.KDD_CAL cal where cal.CLNDR_NM = 'SYSCAL' and cal.CLNDR_DAY_AGE = 0) as Min_Dt,
(select cal.clndr_dt from fccmatomic.KDD_CAL cal where cal.CLNDR_NM = 'SYSCAL' and cal.CLNDR_DAY_AGE = 0) as Max_Dt
FROM dual
),
             
Cust_Accounts as
(SELECT 
        c.CUST_INTRL_ID,
        ac.ACCT_INTRL_ID
        
FROM        
 fccmatomic.ACCT ac,
 Incld_Cust c 
WHERE     
          c.CUST_INTRL_ID = ac.PRMRY_CUST_INTRL_ID
      AND ac.MANTAS_ACCT_HOLDR_TYPE_CD in (@Incld_Acct_Hldr_Typ_Cd)
      AND ac.MANTAS_ACCT_BUS_TYPE_CD in (@Mantas_Bus_Acct_Type_Lst)
      AND @Prmry_Cust_Fl = 'Y'

UNION ALL
SELECT 
        c.CUST_INTRL_ID,
        ac.ACCT_INTRL_ID
FROM        
  fccmatomic.ACCT ac,
  fccmatomic.CUST_ACCT ca, 
  Incld_Cust c,
  fccmatomic.CUST_ACCT_ROLE car
WHERE     
          ac.ACCT_INTRL_ID = ca.ACCT_INTRL_ID
      AND ca.CUST_INTRL_ID = c.CUST_INTRL_ID
      AND ca.CUST_ACCT_ROLE_CD = car.CUST_ACCT_ROLE_CD
      AND ac.MANTAS_ACCT_HOLDR_TYPE_CD in (@Incld_Acct_Hldr_Typ_Cd)
      AND ac.MANTAS_ACCT_BUS_TYPE_CD in (@Mantas_Bus_Acct_Type_Lst)
      AND (car.TRDNG_AUTH_FL = 'Y' or car.WDRWL_AUTH_FL = 'Y' or car.POA_FL = 'Y')
      AND @Prmry_Cust_Fl = 'N'
)

SELECT      c.CUST_INTRL_ID,
            (case when DECODE(@Curr_Type,'F',t.TRXN_FUNC_AM,t.TRXN_BASE_AM) - trunc(DECODE(@Curr_Type,'F',t.TRXN_FUNC_AM,t.TRXN_BASE_AM),-@Lrf_Digits) = 0 then DECODE(@Curr_Type,'F',t.TRXN_FUNC_AM,t.TRXN_BASE_AM)
                  when t.ISSUE_TRXN_ACTVY_AM - trunc(t.ISSUE_TRXN_ACTVY_AM,-@Lrf_Digits) = 0 then DECODE(@Curr_Type,'F',t.TRXN_FUNC_AM,t.TRXN_BASE_AM)
                  when t.CLR_TRXN_ACTVY_AM - trunc(t.CLR_TRXN_ACTVY_AM,-@Lrf_Digits) = 0 then DECODE(@Curr_Type,'F',t.TRXN_FUNC_AM,t.TRXN_BASE_AM)
                  when t.DEP_TRXN_ACTVY_AM - trunc(t.DEP_TRXN_ACTVY_AM,-@Lrf_Digits) = 0 then DECODE(@Curr_Type,'F',t.TRXN_FUNC_AM,t.TRXN_BASE_AM)
                  else 0 end) Lrf_Amt,
            (case when t.BENEF_NTITY_RISK_NB > 0 or t.BENEF_ACTVY_RISK_NB > 0 then DECODE(@Curr_Type,'F',t.TRXN_FUNC_AM,t.TRXN_BASE_AM) else 0 end) as Hr_Amt,
            (case when t.PASS_THRU_FL = 'Y' then DECODE(@Curr_Type,'F',t.TRXN_FUNC_AM,t.TRXN_BASE_AM) else 0 end) Pass_Thru_Amt,
            --25048632
            (SELECT k.BUS_DAY_AGE FROM fccmatomic.KDD_CAL k WHERE k.CLNDR_NM = 'SYSCAL' AND k.CLNDR_DT = t.MANTAS_POST_DT) as BUS_DAY_AGE,
            (SELECT k.CLNDR_DAY_AGE FROM fccmatomic.KDD_CAL k WHERE k.CLNDR_NM = 'SYSCAL' AND k.CLNDR_DT = t.MANTAS_POST_DT) as CLNDR_DAY_AGE,
            t.FO_TRXN_SEQ_ID,
            DECODE(@Curr_Type,'F',t.TRXN_FUNC_AM,t.TRXN_BASE_AM) as Trxn_Am,
            DECODE(@Curr_Type,'F',t.TRXN_FUNC_AM,t.TRXN_BASE_AM) as WD_Trans_Amt,
            1                   as WD_Trans_Ct,
            0                   as Dep_Trans_Amt,
            0                   as Dep_Trans_Ct,
            1                   as Trans_Ty,
            1                   as Grp_Cd,
            t.MANTAS_ISSUE_DATE as Trans_Dt,
            t.BENEF_ACCT_ID as ACCT_INTRL_ID,
            case when t.TRSTD_TRXN_FL = 'Y' then DECODE(@Curr_Type,'F',t.TRXN_FUNC_AM,t.TRXN_BASE_AM) else 0 end as Trusted_Trxn_Amt,
            t.FUNC_CRNCY_CD
       FROM 
            fccmatomic.MI_TRXN t,
            Cust_Accounts a,
            Incld_Cust c
      WHERE 
            t.BENEF_ACCT_ID = a.ACCT_INTRL_ID
        AND a.CUST_INTRL_ID = c.CUST_INTRL_ID
        AND (@All_Trans_Src_Fl='Y' or t.SRC_SYS_CD in (@Incl_Trans_Src_Lst))
        AND t.INTRL_BENEF_ACCT_FL = 'Y'
        AND t.MANTAS_POST_DT > (select Min_Dt from clndr_vw) and t.MANTAS_POST_DT <= (select Max_Dt from clndr_vw) 
        AND t.DATA_DUMP_DT > (select Min_Dt from clndr_vw) and t.DATA_DUMP_DT <= (select Max_Dt from clndr_vw)         
        -- PR32809
        -- Cover only GENERAL transactions
        AND t.MANTAS_TRXN_PURP_CD = 'GENERAL'
        AND t.MANTAS_TRXN_PRDCT_CD in (@Incl_MI_Trxn_Prdct_Type_Lst)
        AND (@Include_Trusted_Trans_FL = 'Y' or COALESCE(t.TRSTD_TRXN_FL,'N') ='N')
        -- allow user to include (Y) or exclude (N)  Bank-to-Bank transactions between related parties
        AND (@Include_B2B_Trnfr_Fl = 'Y' or NOT(t.BANK_TO_BANK_TRNFR_FL = 'Y' and t.PASS_THRU_FL = 'N'))      
        -- Divide By Zero error handling
        AND DECODE(@Curr_Type,'F',t.TRXN_FUNC_AM,t.TRXN_BASE_AM) IS NOT NULL AND DECODE(@Curr_Type,'F',t.TRXN_FUNC_AM,t.TRXN_BASE_AM) <> 0            
        --30232271  
        --Exclude Canceled and Canceling Transactions
        AND t.CXL_PAIR_TRXN_INTRL_ID IS NULL     

UNION ALL

SELECT      c.CUST_INTRL_ID,
            (case when DECODE(@Curr_Type,'F',t.TRXN_FUNC_AM,t.TRXN_BASE_AM) - trunc(DECODE(@Curr_Type,'F',t.TRXN_FUNC_AM,t.TRXN_BASE_AM),-@Lrf_Digits) = 0 then DECODE(@Curr_Type,'F',t.TRXN_FUNC_AM,t.TRXN_BASE_AM)
                  when t.ISSUE_TRXN_ACTVY_AM - trunc(t.ISSUE_TRXN_ACTVY_AM,-@Lrf_Digits) = 0 then DECODE(@Curr_Type,'F',t.TRXN_FUNC_AM,t.TRXN_BASE_AM)
                  when t.CLR_TRXN_ACTVY_AM - trunc(t.CLR_TRXN_ACTVY_AM,-@Lrf_Digits) = 0 then DECODE(@Curr_Type,'F',t.TRXN_FUNC_AM,t.TRXN_BASE_AM)
                  when t.DEP_TRXN_ACTVY_AM - trunc(t.DEP_TRXN_ACTVY_AM,-@Lrf_Digits) = 0 then DECODE(@Curr_Type,'F',t.TRXN_FUNC_AM,t.TRXN_BASE_AM)
                  else 0 end) Lrf_Amt,
            (case when t.SCND_BENEF_NTITY_RISK_NB > 0 or t.SCND_BENEF_ACTVY_RISK_NB > 0 then DECODE(@Curr_Type,'F',t.TRXN_FUNC_AM,t.TRXN_BASE_AM) else 0 end) as Hr_Amt,
            (case when t.PASS_THRU_FL = 'Y' then DECODE(@Curr_Type,'F',t.TRXN_FUNC_AM,t.TRXN_BASE_AM) else 0 end) Pass_Thru_Amt,
            --25048632
            (SELECT k.BUS_DAY_AGE FROM fccmatomic.KDD_CAL k WHERE k.CLNDR_NM = 'SYSCAL' AND k.CLNDR_DT = t.MANTAS_POST_DT) as BUS_DAY_AGE,
            (SELECT k.CLNDR_DAY_AGE FROM fccmatomic.KDD_CAL k WHERE k.CLNDR_NM = 'SYSCAL' AND k.CLNDR_DT = t.MANTAS_POST_DT) as CLNDR_DAY_AGE,
            t.FO_TRXN_SEQ_ID,
            DECODE(@Curr_Type,'F',t.TRXN_FUNC_AM,t.TRXN_BASE_AM) as Trxn_Am,
            DECODE(@Curr_Type,'F',t.TRXN_FUNC_AM,t.TRXN_BASE_AM) as WD_Trans_Amt,
            1                   as WD_Trans_Ct,
            0                   as Dep_Trans_Amt,
            0                   as Dep_Trans_Ct,
            1                   as Trans_Ty,
            1                   as Grp_Cd,
            t.MANTAS_ISSUE_DATE as Trans_Dt,
            t.SCND_BENEF_ACCT_ID as ACCT_INTRL_ID,
            case when t.TRSTD_TRXN_FL = 'Y' then DECODE(@Curr_Type,'F',t.TRXN_FUNC_AM,t.TRXN_BASE_AM) else 0 end as Trusted_Trxn_Amt,
            t.FUNC_CRNCY_CD
       FROM 
            fccmatomic.MI_TRXN t,
            Cust_Accounts a,
            Incld_Cust c
      WHERE 
            t.SCND_BENEF_ACCT_ID = a.ACCT_INTRL_ID
        AND a.CUST_INTRL_ID = c.CUST_INTRL_ID
        AND (@All_Trans_Src_Fl='Y' or t.SRC_SYS_CD in (@Incl_Trans_Src_Lst))
        AND t.INTRL_SCND_BENEF_ACCT_FL = 'Y'
        AND t.MANTAS_POST_DT > (select Min_Dt from clndr_vw) and t.MANTAS_POST_DT <= (select Max_Dt from clndr_vw) 
        AND t.DATA_DUMP_DT > (select Min_Dt from clndr_vw) and t.DATA_DUMP_DT <= (select Max_Dt from clndr_vw)         
        --SCND_BENEF <> BENEF
        AND ((@Prmry_Cust_Fl = 'Y'
                and 
                (t.INTRL_BENEF_ACCT_FL <> 'Y' OR COALESCE((select ac.PRMRY_CUST_INTRL_ID from fccmatomic.ACCT ac where ac.ACCT_INTRL_ID = t.BENEF_ACCT_ID),'-') <> c.CUST_INTRL_ID))
           OR
            (@Prmry_Cust_Fl = 'N'
                and
                (t.INTRL_BENEF_ACCT_FL <> 'Y' OR  c.CUST_INTRL_ID not in (select COALESCE(cta.cust_intrl_id,'NULL') 
                                                                                  from fccmatomic.CUST_ACCT cta,
                                                                                       fccmatomic.ACCT act,
                                                                                       fccmatomic.CUST_ACCT_ROLE car2
                                                                                  where act.acct_intrl_id = cta.acct_intrl_id
                                                                                        and cta.cust_acct_role_cd = car2.cust_acct_role_cd
                                                                                        and (car2.trdng_auth_fl = 'Y' or car2.wdrwl_auth_fl = 'Y' or car2.poa_fl = 'Y')
                                                                                        and act.ACCT_INTRL_ID = t.BENEF_ACCT_ID))) 
            )     
        -- PR32809
        -- Cover only GENERAL transactions
        AND t.MANTAS_TRXN_PURP_CD = 'GENERAL'
        AND t.MANTAS_TRXN_PRDCT_CD in (@Incl_MI_Trxn_Prdct_Type_Lst)
        AND (@Include_Trusted_Trans_FL = 'Y' or COALESCE(t.TRSTD_TRXN_FL,'N') ='N')
        -- allow user to include (Y) or exclude (N)  Bank-to-Bank transactions between related parties
        AND (@Include_B2B_Trnfr_Fl = 'Y' or NOT(t.BANK_TO_BANK_TRNFR_FL = 'Y' and t.PASS_THRU_FL = 'N'))      
        -- Divide By Zero error handling
        AND DECODE(@Curr_Type,'F',t.TRXN_FUNC_AM,t.TRXN_BASE_AM) IS NOT NULL AND DECODE(@Curr_Type,'F',t.TRXN_FUNC_AM,t.TRXN_BASE_AM) <> 0            
        --30232271  
        --Exclude Canceled and Canceling Transactions
        AND t.CXL_PAIR_TRXN_INTRL_ID IS NULL
 ) ot ORDER BY ot.CUST_INTRL_ID, ot.BUS_DAY_AGE, ot.GRP_CD, ot.TRANS_TY 
06/29/2026 23:43:57 DEBUG : Thread ID = 140031667316480:  Sequence Matcher:   File = dscursor.cc:  Line = 748:  Preparing to select from dataset 114016222 
06/29/2026 23:43:57 DEBUG : Thread ID = 140031667316480:  Sequence Matcher:   File = dscursor.cc:  Line = 754:  SELECT  ot.ACCT_INTRL_ID, ot.FO_TRXN_SEQ_ID, ot.CLNDR_DAY_AGE, ot.BUS_DAY_AGE, ot.HR_AMT, ot.LRF_AMT, ot.PASS_THRU_AMT, ot.TRANS_TY, ot.GRP_CD, ot.TRANS_DT, ot.WD_TRANS_CT, ot.DEP_TRANS_AMT, ot.WD_TRANS_AMT, ot.DEP_TRANS_CT, ot.TRUSTED_TRXN_AMT, ot.FUNC_CRNCY_CD, ot.CUST_INTRL_ID, ot.TRXN_AM FROM (with
Incld_Cust as
(SELECT DISTINCT ct.CUST_INTRL_ID
 FROM fccmatomic.ML_STRUCTURING_CU_B_TMP ct
),

clndr_vw as (
select
(select add_days(cal.CLNDR_DT, -14) from fccmatomic.KDD_CAL cal where cal.CLNDR_NM = 'SYSCAL' and cal.CLNDR_DAY_AGE = 0) as Min_Dt,
(select cal.clndr_dt from fccmatomic.KDD_CAL cal where cal.CLNDR_NM = 'SYSCAL' and cal.CLNDR_DAY_AGE = 0) as Max_Dt
FROM dual
),
             
Cust_Accounts as
(SELECT 
        c.CUST_INTRL_ID,
        ac.ACCT_INTRL_ID
        
FROM        
 fccmatomic.ACCT ac,
 Incld_Cust c 
WHERE     
          c.CUST_INTRL_ID = ac.PRMRY_CUST_INTRL_ID
      AND ac.MANTAS_ACCT_HOLDR_TYPE_CD in ('CR')
      AND ac.MANTAS_ACCT_BUS_TYPE_CD in ('RBK','RBR')
      AND 'Y' = 'Y'

UNION ALL
SELECT 
        c.CUST_INTRL_ID,
        ac.ACCT_INTRL_ID
FROM        
  fccmatomic.ACCT ac,
  fccmatomic.CUST_ACCT ca, 
  Incld_Cust c,
  fccmatomic.CUST_ACCT_ROLE car
WHERE     
          ac.ACCT_INTRL_ID = ca.ACCT_INTRL_ID
      AND ca.CUST_INTRL_ID = c.CUST_INTRL_ID
      AND ca.CUST_ACCT_ROLE_CD = car.CUST_ACCT_ROLE_CD
      AND ac.MANTAS_ACCT_HOLDR_TYPE_CD in ('CR')
      AND ac.MANTAS_ACCT_BUS_TYPE_CD in ('RBK','RBR')
      AND (car.TRDNG_AUTH_FL = 'Y' or car.WDRWL_AUTH_FL = 'Y' or car.POA_FL = 'Y')
      AND 'Y' = 'N'
)

SELECT      c.CUST_INTRL_ID,
            (case when DECODE('B','F',t.TRXN_FUNC_AM,t.TRXN_BASE_AM) - trunc(DECODE('B','F',t.TRXN_FUNC_AM,t.TRXN_BASE_AM),-4) = 0 then DECODE('B','F',t.TRXN_FUNC_AM,t.TRXN_BASE_AM)
                  when t.ISSUE_TRXN_ACTVY_AM - trunc(t.ISSUE_TRXN_ACTVY_AM,-4) = 0 then DECODE('B','F',t.TRXN_FUNC_AM,t.TRXN_BASE_AM)
                  when t.CLR_TRXN_ACTVY_AM - trunc(t.CLR_TRXN_ACTVY_AM,-4) = 0 then DECODE('B','F',t.TRXN_FUNC_AM,t.TRXN_BASE_AM)
                  when t.DEP_TRXN_ACTVY_AM - trunc(t.DEP_TRXN_ACTVY_AM,-4) = 0 then DECODE('B','F',t.TRXN_FUNC_AM,t.TRXN_BASE_AM)
                  else 0 end) Lrf_Amt,
            (case when t.BENEF_NTITY_RISK_NB > 0 or t.BENEF_ACTVY_RISK_NB > 0 then DECODE('B','F',t.TRXN_FUNC_AM,t.TRXN_BASE_AM) else 0 end) as Hr_Amt,
            (case when t.PASS_THRU_FL = 'Y' then DECODE('B','F',t.TRXN_FUNC_AM,t.TRXN_BASE_AM) else 0 end) Pass_Thru_Amt,
            --25048632
            (SELECT k.BUS_DAY_AGE FROM fccmatomic.KDD_CAL k WHERE k.CLNDR_NM = 'SYSCAL' AND k.CLNDR_DT = t.MANTAS_POST_DT) as BUS_DAY_AGE,
            (SELECT k.CLNDR_DAY_AGE FROM fccmatomic.KDD_CAL k WHERE k.CLNDR_NM = 'SYSCAL' AND k.CLNDR_DT = t.MANTAS_POST_DT) as CLNDR_DAY_AGE,
            t.FO_TRXN_SEQ_ID,
            DECODE('B','F',t.TRXN_FUNC_AM,t.TRXN_BASE_AM) as Trxn_Am,
            DECODE('B','F',t.TRXN_FUNC_AM,t.TRXN_BASE_AM) as WD_Trans_Amt,
            1                   as WD_Trans_Ct,
            0                   as Dep_Trans_Amt,
            0                   as Dep_Trans_Ct,
            1                   as Trans_Ty,
            1                   as Grp_Cd,
            t.MANTAS_ISSUE_DATE as Trans_Dt,
            t.BENEF_ACCT_ID as ACCT_INTRL_ID,
            case when t.TRSTD_TRXN_FL = 'Y' then DECODE('B','F',t.TRXN_FUNC_AM,t.TRXN_BASE_AM) else 0 end as Trusted_Trxn_Amt,
            t.FUNC_CRNCY_CD
       FROM 
            fccmatomic.MI_TRXN t,
            Cust_Accounts a,
            Incld_Cust c
      WHERE 
            t.BENEF_ACCT_ID = a.ACCT_INTRL_ID
        AND a.CUST_INTRL_ID = c.CUST_INTRL_ID
        AND ('Y'='Y' or t.SRC_SYS_CD in ('Inactive'))
        AND t.INTRL_BENEF_ACCT_FL = 'Y'
        AND t.MANTAS_POST_DT > (select Min_Dt from clndr_vw) and t.MANTAS_POST_DT <= (select Max_Dt from clndr_vw) 
        AND t.DATA_DUMP_DT > (select Min_Dt from clndr_vw) and t.DATA_DUMP_DT <= (select Max_Dt from clndr_vw)         
        -- PR32809
        -- Cover only GENERAL transactions
        AND t.MANTAS_TRXN_PURP_CD = 'GENERAL'
        AND t.MANTAS_TRXN_PRDCT_CD in ('CASH-EQ-CASHIER-CHECK', 'CASH-EQ-CERT-CHECK', 'CASH-EQ-MONEY-ORDER', 'CASH-EQ-TRAVELERS-CHECK', 'CASH-EQ-OTHER', 'CASH-LETTER', 'CHECK', 'PAPER-OTHER', 'CHECK-ACH')
        AND ('Y' = 'Y' or COALESCE(t.TRSTD_TRXN_FL,'N') ='N')
        -- allow user to include (Y) or exclude (N)  Bank-to-Bank transactions between related parties
        AND ('Y' = 'Y' or NOT(t.BANK_TO_BANK_TRNFR_FL = 'Y' and t.PASS_THRU_FL = 'N'))      
        -- Divide By Zero error handling
        AND DECODE('B','F',t.TRXN_FUNC_AM,t.TRXN_BASE_AM) IS NOT NULL AND DECODE('B','F',t.TRXN_FUNC_AM,t.TRXN_BASE_AM) <> 0            
        --30232271  
        --Exclude Canceled and Canceling Transactions
        AND t.CXL_PAIR_TRXN_INTRL_ID IS NULL     

UNION ALL

SELECT      c.CUST_INTRL_ID,
            (case when DECODE('B','F',t.TRXN_FUNC_AM,t.TRXN_BASE_AM) - trunc(DECODE('B','F',t.TRXN_FUNC_AM,t.TRXN_BASE_AM),-4) = 0 then DECODE('B','F',t.TRXN_FUNC_AM,t.TRXN_BASE_AM)
                  when t.ISSUE_TRXN_ACTVY_AM - trunc(t.ISSUE_TRXN_ACTVY_AM,-4) = 0 then DECODE('B','F',t.TRXN_FUNC_AM,t.TRXN_BASE_AM)
                  when t.CLR_TRXN_ACTVY_AM - trunc(t.CLR_TRXN_ACTVY_AM,-4) = 0 then DECODE('B','F',t.TRXN_FUNC_AM,t.TRXN_BASE_AM)
                  when t.DEP_TRXN_ACTVY_AM - trunc(t.DEP_TRXN_ACTVY_AM,-4) = 0 then DECODE('B','F',t.TRXN_FUNC_AM,t.TRXN_BASE_AM)
                  else 0 end) Lrf_Amt,
            (case when t.SCND_BENEF_NTITY_RISK_NB > 0 or t.SCND_BENEF_ACTVY_RISK_NB > 0 then DECODE('B','F',t.TRXN_FUNC_AM,t.TRXN_BASE_AM) else 0 end) as Hr_Amt,
            (case when t.PASS_THRU_FL = 'Y' then DECODE('B','F',t.TRXN_FUNC_AM,t.TRXN_BASE_AM) else 0 end) Pass_Thru_Amt,
            --25048632
            (SELECT k.BUS_DAY_AGE FROM fccmatomic.KDD_CAL k WHERE k.CLNDR_NM = 'SYSCAL' AND k.CLNDR_DT = t.MANTAS_POST_DT) as BUS_DAY_AGE,
            (SELECT k.CLNDR_DAY_AGE FROM fccmatomic.KDD_CAL k WHERE k.CLNDR_NM = 'SYSCAL' AND k.CLNDR_DT = t.MANTAS_POST_DT) as CLNDR_DAY_AGE,
            t.FO_TRXN_SEQ_ID,
            DECODE('B','F',t.TRXN_FUNC_AM,t.TRXN_BASE_AM) as Trxn_Am,
            DECODE('B','F',t.TRXN_FUNC_AM,t.TRXN_BASE_AM) as WD_Trans_Amt,
            1                   as WD_Trans_Ct,
            0                   as Dep_Trans_Amt,
            0                   as Dep_Trans_Ct,
            1                   as Trans_Ty,
            1                   as Grp_Cd,
            t.MANTAS_ISSUE_DATE as Trans_Dt,
            t.SCND_BENEF_ACCT_ID as ACCT_INTRL_ID,
            case when t.TRSTD_TRXN_FL = 'Y' then DECODE('B','F',t.TRXN_FUNC_AM,t.TRXN_BASE_AM) else 0 end as Trusted_Trxn_Amt,
            t.FUNC_CRNCY_CD
       FROM 
            fccmatomic.MI_TRXN t,
            Cust_Accounts a,
            Incld_Cust c
      WHERE 
            t.SCND_BENEF_ACCT_ID = a.ACCT_INTRL_ID
        AND a.CUST_INTRL_ID = c.CUST_INTRL_ID
        AND ('Y'='Y' or t.SRC_SYS_CD in ('Inactive'))
        AND t.INTRL_SCND_BENEF_ACCT_FL = 'Y'
        AND t.MANTAS_POST_DT > (select Min_Dt from clndr_vw) and t.MANTAS_POST_DT <= (select Max_Dt from clndr_vw) 
        AND t.DATA_DUMP_DT > (select Min_Dt from clndr_vw) and t.DATA_DUMP_DT <= (select Max_Dt from clndr_vw)         
        --SCND_BENEF <> BENEF
        AND (('Y' = 'Y'
                and 
                (t.INTRL_BENEF_ACCT_FL <> 'Y' OR COALESCE((select ac.PRMRY_CUST_INTRL_ID from fccmatomic.ACCT ac where ac.ACCT_INTRL_ID = t.BENEF_ACCT_ID),'-') <> c.CUST_INTRL_ID))
           OR
            ('Y' = 'N'
                and
                (t.INTRL_BENEF_ACCT_FL <> 'Y' OR  c.CUST_INTRL_ID not in (select COALESCE(cta.cust_intrl_id,'NULL') 
                                                                                  from fccmatomic.CUST_ACCT cta,
                                                                                       fccmatomic.ACCT act,
                                                                                       fccmatomic.CUST_ACCT_ROLE car2
                                                                                  where act.acct_intrl_id = cta.acct_intrl_id
                                                                                        and cta.cust_acct_role_cd = car2.cust_acct_role_cd
                                                                                        and (car2.trdng_auth_fl = 'Y' or car2.wdrwl_auth_fl = 'Y' or car2.poa_fl = 'Y')
                                                                                        and act.ACCT_INTRL_ID = t.BENEF_ACCT_ID))) 
            )     
        -- PR32809
        -- Cover only GENERAL transactions
        AND t.MANTAS_TRXN_PURP_CD = 'GENERAL'
        AND t.MANTAS_TRXN_PRDCT_CD in ('CASH-EQ-CASHIER-CHECK', 'CASH-EQ-CERT-CHECK', 'CASH-EQ-MONEY-ORDER', 'CASH-EQ-TRAVELERS-CHECK', 'CASH-EQ-OTHER', 'CASH-LETTER', 'CHECK', 'PAPER-OTHER', 'CHECK-ACH')
        AND ('Y' = 'Y' or COALESCE(t.TRSTD_TRXN_FL,'N') ='N')
        -- allow user to include (Y) or exclude (N)  Bank-to-Bank transactions between related parties
        AND ('Y' = 'Y' or NOT(t.BANK_TO_BANK_TRNFR_FL = 'Y' and t.PASS_THRU_FL = 'N'))      
        -- Divide By Zero error handling
        AND DECODE('B','F',t.TRXN_FUNC_AM,t.TRXN_BASE_AM) IS NOT NULL AND DECODE('B','F',t.TRXN_FUNC_AM,t.TRXN_BASE_AM) <> 0            
        --30232271  
        --Exclude Canceled and Canceling Transactions
        AND t.CXL_PAIR_TRXN_INTRL_ID IS NULL
 ) ot ORDER BY ot.CUST_INTRL_ID, ot.BUS_DAY_AGE, ot.GRP_CD, ot.TRANS_TY
06/29/2026 23:43:57 DEBUG : Thread ID = 140031667316480:  Sequence Matcher:   File = dscursor.cc:  Line = 1161:  Found a reference to a dataset.  Calling getDatasetSql to resolve thresholds.  Id = 114001780 
06/29/2026 23:43:57 DEBUG : Thread ID = 140031667316480:  Sequence Matcher:   File = TableDataset.cc:  Line = 169:  SELECT a.DATASET_ID, a.PRNT_DATASET_ID, a.DATASET_NM, a.USER_ID, a.CREATE_DT, a.REALIZED_NM, a.SQL_FL, a.SQL_CMMNT, a.SCNRO_ID, a.SQL_TX FROM fccmatomic.KDD_DATASET a WHERE a.DATASET_ID = 114001780 ORDER BY a.DATASET_ID
06/29/2026 23:43:57 DEBUG : Thread ID = 140031667316480:  Sequence Matcher:   File = dscursor.cc:  Line = 1175:  After expansion, sql = SELECT ot.CLNDR_DAY_AGE, ot.DDATE, ot.DTIME, ot.DINT, ot.DFLOAT, ot.DSTRING FROM (select case when kc.CLNDR_DAY_AGE = 1 then add_months(add_days(kc.CLNDR_DT, 1),  120) -- 10 years after the current date
            when kc.CLNDR_DAY_AGE = 0 then add_months(kc.CLNDR_DT, -120) end DDATE, -- 10 years before the current date
       case when kc.CLNDR_DAY_AGE = 1 then '246060999' -- slightly higher than highest possible time string
            when kc.CLNDR_DAY_AGE = 0 then '000000000' end DTIME, -- This field was set to type 'Time' in dataset editor, but treated like a string
       case when kc.CLNDR_DAY_AGE = 1 then '~' -- printable character with highest ASCII value
            when kc.CLNDR_DAY_AGE = 0 then '!' end DSTRING, -- printable character with lowest ASCII value
       case when kc.CLNDR_DAY_AGE = 1 then 999999999 -- 9 digits maximum for INT     
            when kc.CLNDR_DAY_AGE = 0 then 0 end DINT,
       case when kc.CLNDR_DAY_AGE = 1 then 9999999999999999 -- 16 digits maximum for FLOAT
            when kc.CLNDR_DAY_AGE = 0 then 0.0 end DFLOAT,
       kc.CLNDR_DAY_AGE
from   fccmatomic.KDD_cal kc
where  kc.CLNDR_DAY_AGE in (0,1)
   AND  kc.CLNDR_NM = 'SYSCAL'
 ) ot ORDER BY ot.DSTRING, ot.DINT, ot.DINT, ot.DINT 
06/29/2026 23:43:57 DEBUG : Thread ID = 140031667316480:  Sequence Matcher:   File = dscursor.cc:  Line = 748:  Preparing to select from dataset 114001780 
06/29/2026 23:43:57 DEBUG : Thread ID = 140031667316480:  Sequence Matcher:   File = dscursor.cc:  Line = 754:  SELECT  ot.CLNDR_DAY_AGE, ot.DDATE, ot.DTIME, ot.DINT, ot.DFLOAT, ot.DSTRING FROM (select case when kc.CLNDR_DAY_AGE = 1 then add_months(add_days(kc.CLNDR_DT, 1),  120) -- 10 years after the current date
            when kc.CLNDR_DAY_AGE = 0 then add_months(kc.CLNDR_DT, -120) end DDATE, -- 10 years before the current date
       case when kc.CLNDR_DAY_AGE = 1 then '246060999' -- slightly higher than highest possible time string
            when kc.CLNDR_DAY_AGE = 0 then '000000000' end DTIME, -- This field was set to type 'Time' in dataset editor, but treated like a string
       case when kc.CLNDR_DAY_AGE = 1 then '~' -- printable character with highest ASCII value
            when kc.CLNDR_DAY_AGE = 0 then '!' end DSTRING, -- printable character with lowest ASCII value
       case when kc.CLNDR_DAY_AGE = 1 then 999999999 -- 9 digits maximum for INT     
            when kc.CLNDR_DAY_AGE = 0 then 0 end DINT,
       case when kc.CLNDR_DAY_AGE = 1 then 9999999999999999 -- 16 digits maximum for FLOAT
            when kc.CLNDR_DAY_AGE = 0 then 0.0 end DFLOAT,
       kc.CLNDR_DAY_AGE
from   fccmatomic.KDD_cal kc
where  kc.CLNDR_DAY_AGE in (0,1)
   AND  kc.CLNDR_NM = 'SYSCAL'
 ) ot ORDER BY ot.DSTRING, ot.DINT, ot.DINT, ot.DINT
06/29/2026 23:43:57 DEBUG : Thread ID = 140031667316480:  Sequence Matcher:   File = matcher.cc:  Line = 500:  FETCHED ROW: [ML_StructAvdRprtTshld_CU_Func_B 3 0] 3.000000, "!", 0, 0, 0 
06/29/2026 23:43:57 DEBUG : Thread ID = 140031667316480:  Sequence Matcher:   File = matcher.cc:  Line = 518:  Created new partial match state 1 (0) on sequence "Structuring: Avoid Report Threshold - CU" 
06/29/2026 23:43:57 DEBUG : Thread ID = 140031667316480:  Sequence Matcher:   File = matcher.cc:  Line = 547:  Current number of partial match states: 1
Maximum number of partial match states so far: 1 
06/29/2026 23:43:57 DEBUG : Thread ID = 140031667316480:  Sequence Matcher:   File = matcher.cc:  Line = 562:  Trying to match current row (key id 3) against partial match state: 
--- Partial Match State: 1 (child of partial match state 0)  ---
Current Status: RESULT_STILL_ALIVE
Current Loop Count: 0
NO VARIABLES BOUND
Currently on sequence node:
row :dataset 118862099 :comment "Customer" :constraint 1 == 1 :binds CUSTOMER CUST_INTRL_ID "CUSTOMER"  "" :binds DAY_AGE BUS_DAY_AGE :binds Effctv_Risk_Lvl CUST_EFCTV_RISK_NB "Effctv Risk Lvl"  "" :binds Lrf_Amt 0 :binds Hr_Amt 0 :binds Pass_Thru_Amt 0 :binds Tot_Trans_Amt 0 :binds Tot_Trans_Ct 0 "
Tot Trans Ct =
    "  "INTEGER" :binds Lrf_Prctg 0 "Lrf Prctg"  "" :binds Hr_Prctg 0 "Hr Prctg"  "" :binds Pass_Thru_Prctg 0 "Pass Thru Prctg"  "" :binds Rec_Days_Ct 0 :binds Attempt_Ct 0 "Attempts Ct ="  "INTEGER" :binds Frequency_Fl 0 :binds In1day_Amt 0 :binds In2days_Amt 0 :binds Two_Consecutive_Fl 0 :binds In1day_Amt_Fl 0 :binds In2days_Amt_Fl 0 :binds Day_Before_Last_Fl 0 :binds NumOfAccts NumOfAccts "# of Accts ="  "INTEGER" :binds Prev_Two_Days_Attempt_Fl 0 :binds Trans_Amt_Dbt 0 "Trans Amt Dbt"  "" :binds Trans_Ct_Dbt 0 "Trans Ct Dbt"  "" :binds Trans_Amt_Cdt 0 "Trans Amt Cdt"  "" :binds Trans_Ct_Cdt 0 "Trans Ct Cdt"  "" :binds Clndr_Day_Age - 1 :binds Acct_Intrl_Id "dummy" :binds Num_Acct_Fl 0 :binds Trusted_Trans_Amt 0 :binds Trusted_Trans_Prctg 0 "
% Trans w/Trusted Pairs =
    "  "%" :binds Which_Day "Neither" :binds Tot_Trans_Base_Amt 0 "
Tot Trans Amt =
    "  "CURRENCY" :binds Tot_Trans_Func_Amt 0 "
Tot Trans Amt - Functional =
    "  "ALT_CUR" :binds Prmry_Cust_Fl "Y" "Prmry_Cust_Fl"  "" :binds Prmry_Cust_Id cond("Y" == "Y";CUST_INTRL_ID;"NULL")  "Prmry_Cust_Id"  "" 
 
06/29/2026 23:43:57 DEBUG : Thread ID = 140031667316480:  Sequence Matcher:   File = matcher.cc:  Line = 596:  !!! Partial match state 1 (0) didn't make it for reason: RESULT_TABLE_DIFFERENT - deleting state !!! 
06/29/2026 23:43:57 DEBUG : Thread ID = 140031667316480:  Sequence Matcher:   File = matcher.cc:  Line = 500:  FETCHED ROW: [ROWSTUFFER 0 0] 0, 31-Jan-2007, "000000000", 0, 0.000000, "!" 
06/29/2026 23:43:57 DEBUG : Thread ID = 140031667316480:  Sequence Matcher:   File = matcher.cc:  Line = 518:  Created new partial match state 2 (0) on sequence "Structuring: Avoid Report Threshold - CU" 
06/29/2026 23:43:57 DEBUG : Thread ID = 140031667316480:  Sequence Matcher:   File = matcher.cc:  Line = 547:  Current number of partial match states: 1
Maximum number of partial match states so far: 1 
06/29/2026 23:43:57 DEBUG : Thread ID = 140031667316480:  Sequence Matcher:   File = matcher.cc:  Line = 562:  Trying to match current row (key id 0) against partial match state: 
--- Partial Match State: 2 (child of partial match state 0)  ---
Current Status: RESULT_STILL_ALIVE
Current Loop Count: 0
NO VARIABLES BOUND
Currently on sequence node:
row :dataset 118862099 :comment "Customer" :constraint 1 == 1 :binds CUSTOMER CUST_INTRL_ID "CUSTOMER"  "" :binds DAY_AGE BUS_DAY_AGE :binds Effctv_Risk_Lvl CUST_EFCTV_RISK_NB "Effctv Risk Lvl"  "" :binds Lrf_Amt 0 :binds Hr_Amt 0 :binds Pass_Thru_Amt 0 :binds Tot_Trans_Amt 0 :binds Tot_Trans_Ct 0 "
Tot Trans Ct =
    "  "INTEGER" :binds Lrf_Prctg 0 "Lrf Prctg"  "" :binds Hr_Prctg 0 "Hr Prctg"  "" :binds Pass_Thru_Prctg 0 "Pass Thru Prctg"  "" :binds Rec_Days_Ct 0 :binds Attempt_Ct 0 "Attempts Ct ="  "INTEGER" :binds Frequency_Fl 0 :binds In1day_Amt 0 :binds In2days_Amt 0 :binds Two_Consecutive_Fl 0 :binds In1day_Amt_Fl 0 :binds In2days_Amt_Fl 0 :binds Day_Before_Last_Fl 0 :binds NumOfAccts NumOfAccts "# of Accts ="  "INTEGER" :binds Prev_Two_Days_Attempt_Fl 0 :binds Trans_Amt_Dbt 0 "Trans Amt Dbt"  "" :binds Trans_Ct_Dbt 0 "Trans Ct Dbt"  "" :binds Trans_Amt_Cdt 0 "Trans Amt Cdt"  "" :binds Trans_Ct_Cdt 0 "Trans Ct Cdt"  "" :binds Clndr_Day_Age - 1 :binds Acct_Intrl_Id "dummy" :binds Num_Acct_Fl 0 :binds Trusted_Trans_Amt 0 :binds Trusted_Trans_Prctg 0 "
% Trans w/Trusted Pairs =
    "  "%" :binds Which_Day "Neither" :binds Tot_Trans_Base_Amt 0 "
Tot Trans Amt =
    "  "CURRENCY" :binds Tot_Trans_Func_Amt 0 "
Tot Trans Amt - Functional =
    "  "ALT_CUR" :binds Prmry_Cust_Fl "Y" "Prmry_Cust_Fl"  "" :binds Prmry_Cust_Id cond("Y" == "Y";CUST_INTRL_ID;"NULL")  "Prmry_Cust_Id"  "" 
 
06/29/2026 23:43:57 DEBUG : Thread ID = 140031667316480:  Sequence Matcher:   File = matcher.cc:  Line = 596:  !!! Partial match state 2 (0) didn't make it for reason: RESULT_TABLE_DIFFERENT - deleting state !!! 
06/29/2026 23:43:57 DEBUG : Thread ID = 140031667316480:  Sequence Matcher:   File = matcher.cc:  Line = 500:  FETCHED ROW: [ROWSTUFFER 1 0] 1, 31-Jan-2027, "246060999", 999999999, 9999999999999999.000000, "~" 
06/29/2026 23:43:57 DEBUG : Thread ID = 140031667316480:  Sequence Matcher:   File = matcher.cc:  Line = 518:  Created new partial match state 3 (0) on sequence "Structuring: Avoid Report Threshold - CU" 
06/29/2026 23:43:57 DEBUG : Thread ID = 140031667316480:  Sequence Matcher:   File = matcher.cc:  Line = 547:  Current number of partial match states: 1
Maximum number of partial match states so far: 1 
06/29/2026 23:43:57 DEBUG : Thread ID = 140031667316480:  Sequence Matcher:   File = matcher.cc:  Line = 562:  Trying to match current row (key id 1) against partial match state: 
--- Partial Match State: 3 (child of partial match state 0)  ---
Current Status: RESULT_STILL_ALIVE
Current Loop Count: 0
NO VARIABLES BOUND
Currently on sequence node:
row :dataset 118862099 :comment "Customer" :constraint 1 == 1 :binds CUSTOMER CUST_INTRL_ID "CUSTOMER"  "" :binds DAY_AGE BUS_DAY_AGE :binds Effctv_Risk_Lvl CUST_EFCTV_RISK_NB "Effctv Risk Lvl"  "" :binds Lrf_Amt 0 :binds Hr_Amt 0 :binds Pass_Thru_Amt 0 :binds Tot_Trans_Amt 0 :binds Tot_Trans_Ct 0 "
Tot Trans Ct =
    "  "INTEGER" :binds Lrf_Prctg 0 "Lrf Prctg"  "" :binds Hr_Prctg 0 "Hr Prctg"  "" :binds Pass_Thru_Prctg 0 "Pass Thru Prctg"  "" :binds Rec_Days_Ct 0 :binds Attempt_Ct 0 "Attempts Ct ="  "INTEGER" :binds Frequency_Fl 0 :binds In1day_Amt 0 :binds In2days_Amt 0 :binds Two_Consecutive_Fl 0 :binds In1day_Amt_Fl 0 :binds In2days_Amt_Fl 0 :binds Day_Before_Last_Fl 0 :binds NumOfAccts NumOfAccts "# of Accts ="  "INTEGER" :binds Prev_Two_Days_Attempt_Fl 0 :binds Trans_Amt_Dbt 0 "Trans Amt Dbt"  "" :binds Trans_Ct_Dbt 0 "Trans Ct Dbt"  "" :binds Trans_Amt_Cdt 0 "Trans Amt Cdt"  "" :binds Trans_Ct_Cdt 0 "Trans Ct Cdt"  "" :binds Clndr_Day_Age - 1 :binds Acct_Intrl_Id "dummy" :binds Num_Acct_Fl 0 :binds Trusted_Trans_Amt 0 :binds Trusted_Trans_Prctg 0 "
% Trans w/Trusted Pairs =
    "  "%" :binds Which_Day "Neither" :binds Tot_Trans_Base_Amt 0 "
Tot Trans Amt =
    "  "CURRENCY" :binds Tot_Trans_Func_Amt 0 "
Tot Trans Amt - Functional =
    "  "ALT_CUR" :binds Prmry_Cust_Fl "Y" "Prmry_Cust_Fl"  "" :binds Prmry_Cust_Id cond("Y" == "Y";CUST_INTRL_ID;"NULL")  "Prmry_Cust_Id"  "" 
 
06/29/2026 23:43:57 DEBUG : Thread ID = 140031667316480:  Sequence Matcher:   File = matcher.cc:  Line = 596:  !!! Partial match state 3 (0) didn't make it for reason: RESULT_TABLE_DIFFERENT - deleting state !!! 
06/29/2026 23:43:57 INFO : Thread ID = 140031667316480:  Sequence Matcher:   File = matcher.cc:  Line = 861:  
---Matching Statistics for Run 47701---
Matched Pattern(s): 114000552 
Number of rows fetched from 6 table(s): 2
Number of matches generated: 0
Number of break matches: 0 (0 matched, 0 augmented)
Number of match bindings: 0 (0 matched, 0 augmented)
Number of partial match states left over: 0
Maximum number of partial match states: 1
Average number of partial match states: 1
Elapsed time for matching: 00:00:00 
06/29/2026 23:43:57 DEBUG : Thread ID = 140031667316480:  Sequence Matcher:   File = runupdater.cc:  Line = 104:  UPDATE fccmatomic.KDD_RUN SET RUN_MSG_TX = :Msg WHERE RUN_ID = 47701
06/29/2026 23:43:57 DEBUG : Thread ID = 140031667316480:  Sequence Matcher:   File = runupdater.cc:  Line = 142:  UPDATE fccmatomic.KDD_RUN SET RUN_MSG_TX = :Msg WHERE RUN_ID = 47701
06/29/2026 23:43:57 DEBUG : Thread ID = 140031667316480:  Sequence Matcher:   File = runupdater.cc:  Line = 59:  UPDATE fccmatomic.KDD_RUN SET RUN_STATUS_CD = 'FIN' WHERE RUN_ID = 47701
06/29/2026 23:43:57 DEBUG : Thread ID = 140031667316480:  Sequence Matcher:   File = runupdater.cc:  Line = 198:  UPDATE fccmatomic.KDD_RUN SET END_TS = TO_DATE('29/06/2026 11:43:57 PM','DD/MM/YYYY HH:MI:SS AM') WHERE RUN_ID = 47701
06/29/2026 23:43:57 DEBUG : Thread ID = 140033140038848:  Sequence Matcher:   File = jobupdater.cc:  Line = 57:  UPDATE fccmatomic.KDD_JOB SET STATUS_CD = 'FIN' WHERE JOB_ID = 104791
06/29/2026 23:43:57 INFO : Thread ID = 140033140038848:  Sequence Matcher:   File = mantas.cc:  Line = 697:  
mantas: ============================================================
mantas: Exiting job 104791 at Mon Jun 29 23:43:57 IST 2026 with code 0
mantas: ============================================================
