2026-06-07 18:48:54,287 | INFO     | config | Logging initialised — level: INFO
2026-06-07 18:48:54,288 | INFO     | config | App base path: D:\OFSAA\Scenario_Debugger
2026-06-07 18:48:54,293 | INFO     | jobs | Initialising database at: D:\OFSAA\Scenario_Debugger\db\scenario_debugger.db
2026-06-07 18:48:54,346 | INFO     | jobs | Database initialised successfully
2026-06-07 18:48:54,750 | INFO     | jobs | User created: admin (role: admin)
2026-06-07 18:48:54,750 | WARNING  | jobs | ============================================================
2026-06-07 18:48:54,751 | WARNING  | jobs | DEFAULT ADMIN CREATED
2026-06-07 18:48:54,751 | WARNING  | jobs | Username : admin
2026-06-07 18:48:54,751 | WARNING  | jobs | Password : changeme123
2026-06-07 18:48:54,752 | WARNING  | jobs | CHANGE THIS PASSWORD IMMEDIATELY AFTER FIRST LOGIN
2026-06-07 18:48:54,752 | WARNING  | jobs | ============================================================
2026-06-07 18:48:56,449 | INFO     | config | Logging initialised — level: INFO
2026-06-07 18:48:56,450 | INFO     | config | App base path: D:\OFSAA\Scenario_Debugger
2026-06-07 18:48:56,451 | INFO     | jobs | Initialising database at: D:\OFSAA\Scenario_Debugger\db\scenario_debugger.db
2026-06-07 18:48:56,458 | INFO     | jobs | Database initialised successfully
2026-06-07 18:49:23,907 | INFO     | auth | Login successful: admin from 127.0.0.1
2026-06-07 18:49:43,553 | INFO     | main | File uploaded: RMF_AIOR.log by admin (103311 bytes)
2026-06-07 18:49:46,924 | INFO     | jobs | Job created: 2a0312d7-4cc3-44b9-b1df-7955730c1e6d for user_id=1 file=b5b5430780224c84a2b92acece42ac3b_RMF_AIOR.log
2026-06-07 18:49:46,948 | INFO     | main | Job started: 2a0312d7-4cc3-44b9-b1df-7955730c1e6d by admin for file b5b5430780224c84a2b92acece42ac3b_RMF_AIOR.log
2026-06-07 18:49:46,955 | INFO     | pipeline | Pipeline started — job_id=2a0312d7-4cc3-44b9-b1df-7955730c1e6d user=admin
2026-06-07 18:49:46,993 | INFO     | pipeline | Step starting: log_reader
2026-06-07 18:49:47,317 | INFO     | pipeline | Step completed: log_reader
2026-06-07 18:49:47,318 | INFO     | pipeline | Step starting: set_batch_date
2026-06-07 18:49:47,760 | INFO     | paramiko.transport | Connected (version 2.0, client OpenSSH_8.0)
2026-06-07 18:49:47,981 | INFO     | paramiko.transport | Authentication (password) successful!
2026-06-07 18:50:17,281 | INFO     | pipeline | Step completed: set_batch_date
2026-06-07 18:50:17,282 | INFO     | pipeline | Step starting: sql_executer
2026-06-07 18:50:17,477 | INFO     | db_connect | Connecting to Oracle (attempt 1/3)...
2026-06-07 18:50:17,747 | INFO     | db_connect | Oracle connection established successfully
2026-06-07 18:50:17,754 | INFO     | sql_executer | Loading SQL file: D:/OFSAA/Scenario_Debugger/outputs\20260607\ML-RapidMvmtFundsAllActivity_RMF_AIOR\extracted_queries\ML_RapidMvmtFundsAllActivity_RMF_AIOR_dataset_query_20260607_184947.sql
2026-06-07 18:50:17,758 | INFO     | sql_executer | SQL loaded successfully (25336 chars)
2026-06-07 18:50:17,761 | INFO     | sql_executer | Executing dataset query...
2026-06-07 18:50:19,820 | INFO     | pipeline | Step completed: sql_executer
2026-06-07 18:50:19,822 | INFO     | pipeline | Step starting: cte_parser
2026-06-07 18:50:21,096 | INFO     | pipeline | Step completed: cte_parser
2026-06-07 18:50:21,101 | INFO     | pipeline | Step starting: cte_executer
2026-06-07 18:50:21,140 | INFO     | db_connect | Connecting to Oracle (attempt 1/3)...
2026-06-07 18:50:21,380 | INFO     | db_connect | Oracle connection established successfully
2026-06-07 18:50:21,381 | INFO     | cte_executer_mod | Creating view: clndr_vw
2026-06-07 18:50:21,460 | INFO     | cte_executer_mod | Creating view: wire_vw
2026-06-07 18:50:21,663 | INFO     | cte_executer_mod | Creating view: mi_vw
2026-06-07 18:50:22,701 | INFO     | pipeline | Step completed: cte_executer
2026-06-07 18:50:22,713 | INFO     | pipeline | Step starting: sql_diagnostics
2026-06-07 18:50:27,031 | INFO     | pipeline | Oracle connection closed after diagnostics
2026-06-07 18:50:27,051 | INFO     | pipeline | Step completed: sql_diagnostics
2026-06-07 18:50:27,087 | INFO     | pipeline | Pipeline completed — job_id=2a0312d7-4cc3-44b9-b1df-7955730c1e6d
2026-06-07 19:10:40,271 | INFO     | main | File uploaded: LRT_log1.log by admin (88435 bytes)
2026-06-07 19:10:41,898 | INFO     | jobs | Job created: 36a79989-a1f7-4451-8fa8-fe231d601913 for user_id=1 file=621ce426afe44827baff2d05d64e59a8_LRT_log1.log
2026-06-07 19:10:41,937 | INFO     | main | Job started: 36a79989-a1f7-4451-8fa8-fe231d601913 by admin for file 621ce426afe44827baff2d05d64e59a8_LRT_log1.log
2026-06-07 19:10:41,972 | INFO     | pipeline | Pipeline started — job_id=36a79989-a1f7-4451-8fa8-fe231d601913 user=admin
2026-06-07 19:10:42,022 | INFO     | pipeline | Step starting: log_reader
2026-06-07 19:10:42,365 | INFO     | pipeline | Step completed: log_reader
2026-06-07 19:10:42,365 | INFO     | pipeline | Step starting: set_batch_date
2026-06-07 19:10:42,520 | INFO     | paramiko.transport | Connected (version 2.0, client OpenSSH_8.0)
2026-06-07 19:10:42,698 | INFO     | paramiko.transport | Authentication (password) successful!
2026-06-07 19:11:06,304 | INFO     | pipeline | Step completed: set_batch_date
2026-06-07 19:11:06,305 | INFO     | pipeline | Step starting: sql_executer
2026-06-07 19:11:06,318 | INFO     | db_connect | Connecting to Oracle (attempt 1/3)...
2026-06-07 19:11:06,614 | INFO     | db_connect | Oracle connection established successfully
2026-06-07 19:11:06,628 | INFO     | sql_executer | Loading SQL file: D:/OFSAA/Scenario_Debugger/outputs\20260607\ML-LargeReportableTrans_LRT_AMEA\extracted_queries\ML_LargeReportableTrans_LRT_AMEA_dataset_query_20260607_191042.sql
2026-06-07 19:11:06,637 | INFO     | sql_executer | SQL loaded successfully (22523 chars)
2026-06-07 19:11:06,639 | INFO     | sql_executer | Executing dataset query...
2026-06-07 19:11:07,405 | INFO     | pipeline | Step completed: sql_executer
2026-06-07 19:11:07,405 | INFO     | pipeline | Step starting: cte_parser
2026-06-07 19:11:07,649 | INFO     | pipeline | Step completed: cte_parser
2026-06-07 19:11:07,653 | INFO     | pipeline | Step starting: cte_executer
2026-06-07 19:11:07,669 | INFO     | db_connect | Connecting to Oracle (attempt 1/3)...
2026-06-07 19:11:07,946 | INFO     | db_connect | Oracle connection established successfully
2026-06-07 19:11:07,947 | INFO     | cte_executer_mod | Creating view: clndr_vw
2026-06-07 19:11:08,038 | INFO     | cte_executer_mod | Creating view: Wire_Trxn_Vw
2026-06-07 19:11:08,283 | INFO     | cte_executer_mod | Creating view: Mi_Trxn_Vw
2026-06-07 19:11:08,413 | INFO     | cte_executer_mod | Creating view: Cust_Accounts
2026-06-07 19:11:10,050 | INFO     | pipeline | Step completed: cte_executer
2026-06-07 19:11:10,052 | INFO     | pipeline | Step starting: sql_diagnostics
2026-06-07 19:11:14,610 | INFO     | pipeline | Oracle connection closed after diagnostics
2026-06-07 19:11:14,622 | INFO     | pipeline | Step completed: sql_diagnostics
2026-06-07 19:11:14,640 | INFO     | pipeline | Pipeline completed — job_id=36a79989-a1f7-4451-8fa8-fe231d601913
2026-06-07 19:40:10,109 | INFO     | main | File uploaded: LRT_log1.log by admin (88435 bytes)
2026-06-07 19:40:11,227 | INFO     | jobs | Job created: 55b26553-4856-4e85-90ce-b43c33024b90 for user_id=1 file=3962f987430744628eab11b7f0ac790c_LRT_log1.log
2026-06-07 19:40:11,243 | INFO     | main | Job started: 55b26553-4856-4e85-90ce-b43c33024b90 by admin for file 3962f987430744628eab11b7f0ac790c_LRT_log1.log
2026-06-07 19:40:11,245 | INFO     | pipeline | Pipeline started — job_id=55b26553-4856-4e85-90ce-b43c33024b90 user=admin
2026-06-07 19:40:11,265 | INFO     | pipeline | Step starting: log_reader
2026-06-07 19:40:11,538 | INFO     | pipeline | Step completed: log_reader
2026-06-07 19:40:11,538 | INFO     | pipeline | Step starting: set_batch_date
2026-06-07 19:40:11,618 | INFO     | paramiko.transport | Connected (version 2.0, client OpenSSH_8.0)
2026-06-07 19:40:11,859 | INFO     | paramiko.transport | Authentication (password) successful!
2026-06-07 19:40:36,760 | INFO     | pipeline | Step completed: set_batch_date
2026-06-07 19:40:36,760 | INFO     | pipeline | Step starting: sql_executer
2026-06-07 19:40:36,774 | INFO     | db_connect | Connecting to Oracle (attempt 1/3)...
2026-06-07 19:40:37,023 | INFO     | db_connect | Oracle connection established successfully
2026-06-07 19:40:37,035 | INFO     | sql_executer | Loading SQL file: D:/OFSAA/Scenario_Debugger/outputs\20260607\ML-LargeReportableTrans_LRT_AMEA\extracted_queries\ML_LargeReportableTrans_LRT_AMEA_dataset_query_20260607_194011.sql
2026-06-07 19:40:37,038 | INFO     | sql_executer | SQL loaded successfully (22523 chars)
2026-06-07 19:40:37,039 | INFO     | sql_executer | Executing dataset query...
2026-06-07 19:40:37,804 | INFO     | pipeline | Step completed: sql_executer
2026-06-07 19:40:37,805 | INFO     | pipeline | Step starting: cte_parser
2026-06-07 19:40:38,001 | INFO     | pipeline | Step completed: cte_parser
2026-06-07 19:40:38,001 | INFO     | pipeline | Step starting: cte_executer
2026-06-07 19:40:38,017 | INFO     | db_connect | Connecting to Oracle (attempt 1/3)...
2026-06-07 19:40:38,268 | INFO     | db_connect | Oracle connection established successfully
2026-06-07 19:40:38,270 | INFO     | cte_executer_mod | Creating view: clndr_vw
2026-06-07 19:40:38,462 | INFO     | cte_executer_mod | Creating view: Wire_Trxn_Vw
2026-06-07 19:40:38,709 | INFO     | cte_executer_mod | Creating view: Mi_Trxn_Vw
2026-06-07 19:40:38,838 | INFO     | cte_executer_mod | Creating view: Cust_Accounts
2026-06-07 19:40:40,639 | INFO     | pipeline | Step completed: cte_executer
2026-06-07 19:40:40,640 | INFO     | pipeline | Step starting: sql_diagnostics
2026-06-07 19:40:45,049 | INFO     | pipeline | Oracle connection closed after diagnostics
2026-06-07 19:40:45,076 | INFO     | pipeline | Step completed: sql_diagnostics
2026-06-07 19:40:45,111 | INFO     | pipeline | Pipeline completed — job_id=55b26553-4856-4e85-90ce-b43c33024b90
2026-06-07 20:02:56,637 | INFO     | main | File uploaded: LRT_log1.log by admin (88435 bytes)
2026-06-07 20:02:58,692 | INFO     | jobs | Job created: f873e63f-6048-412d-bb65-d893bffc05ea for user_id=1 file=225e68764e3c4f5c8af8f8972e52c791_LRT_log1.log
2026-06-07 20:02:58,707 | INFO     | main | Job started: f873e63f-6048-412d-bb65-d893bffc05ea by admin for file 225e68764e3c4f5c8af8f8972e52c791_LRT_log1.log
2026-06-07 20:02:58,712 | INFO     | pipeline | Pipeline started — job_id=f873e63f-6048-412d-bb65-d893bffc05ea user=admin
2026-06-07 20:02:58,752 | INFO     | pipeline | Step starting: log_reader
2026-06-07 20:02:58,972 | INFO     | pipeline | Step completed: log_reader
2026-06-07 20:02:58,973 | INFO     | pipeline | Step starting: set_batch_date
2026-06-07 20:02:59,067 | INFO     | paramiko.transport | Connected (version 2.0, client OpenSSH_8.0)
2026-06-07 20:02:59,226 | INFO     | paramiko.transport | Authentication (password) successful!
2026-06-07 20:03:23,979 | INFO     | pipeline | Step completed: set_batch_date
2026-06-07 20:03:23,979 | INFO     | pipeline | Step starting: sql_executer
2026-06-07 20:03:23,994 | INFO     | db_connect | Connecting to Oracle (attempt 1/3)...
2026-06-07 20:03:24,237 | INFO     | db_connect | Oracle connection established successfully
2026-06-07 20:03:24,252 | INFO     | sql_executer | Loading SQL file: D:/OFSAA/Scenario_Debugger/outputs\20260607\ML-LargeReportableTrans_LRT_AMEA\extracted_queries\ML_LargeReportableTrans_LRT_AMEA_dataset_query_20260607_200258.sql
2026-06-07 20:03:24,263 | INFO     | sql_executer | SQL loaded successfully (22523 chars)
2026-06-07 20:03:24,267 | INFO     | sql_executer | Executing dataset query...
2026-06-07 20:03:25,042 | INFO     | pipeline | Step completed: sql_executer
2026-06-07 20:03:25,043 | INFO     | pipeline | Step starting: cte_parser
2026-06-07 20:03:25,258 | INFO     | pipeline | Step completed: cte_parser
2026-06-07 20:03:25,261 | INFO     | pipeline | Step starting: cte_executer
2026-06-07 20:03:25,282 | INFO     | db_connect | Connecting to Oracle (attempt 1/3)...
2026-06-07 20:03:25,518 | INFO     | db_connect | Oracle connection established successfully
2026-06-07 20:03:25,520 | INFO     | cte_executer_mod | Creating view: clndr_vw
2026-06-07 20:03:25,631 | INFO     | cte_executer_mod | Creating view: Wire_Trxn_Vw
2026-06-07 20:03:25,819 | INFO     | cte_executer_mod | Creating view: Mi_Trxn_Vw
2026-06-07 20:03:25,941 | INFO     | cte_executer_mod | Creating view: Cust_Accounts
2026-06-07 20:03:27,568 | INFO     | pipeline | Step completed: cte_executer
2026-06-07 20:03:27,570 | INFO     | pipeline | Step starting: sql_diagnostics
2026-06-07 20:03:32,171 | INFO     | pipeline | Oracle connection closed after diagnostics
2026-06-07 20:03:32,193 | INFO     | pipeline | Step completed: sql_diagnostics
2026-06-07 20:03:32,222 | INFO     | pipeline | Pipeline completed — job_id=f873e63f-6048-412d-bb65-d893bffc05ea
2026-06-07 20:05:01,467 | INFO     | config | Logging initialised — level: INFO
2026-06-07 20:05:01,468 | INFO     | config | App base path: D:\OFSAA\Scenario_Debugger
2026-06-07 20:05:01,471 | INFO     | jobs | Initialising database at: D:\OFSAA\Scenario_Debugger\db\scenario_debugger.db
2026-06-07 20:05:01,475 | INFO     | jobs | Database initialised successfully
2026-06-07 20:05:02,707 | INFO     | config | Logging initialised — level: INFO
2026-06-07 20:05:02,708 | INFO     | config | App base path: D:\OFSAA\Scenario_Debugger
2026-06-07 20:05:02,709 | INFO     | jobs | Initialising database at: D:\OFSAA\Scenario_Debugger\db\scenario_debugger.db
2026-06-07 20:05:02,713 | INFO     | jobs | Database initialised successfully
2026-06-07 20:06:15,311 | INFO     | main | File uploaded: LRT_log1.log by admin (88435 bytes)
2026-06-07 20:06:17,150 | INFO     | jobs | Job created: 8e022edf-2c0d-46ac-b8ea-5c907b2b31ef for user_id=1 file=83ecda0f8395476da8b88e838112f3f1_LRT_log1.log
2026-06-07 20:06:17,161 | INFO     | main | Job started: 8e022edf-2c0d-46ac-b8ea-5c907b2b31ef by admin for file 83ecda0f8395476da8b88e838112f3f1_LRT_log1.log
2026-06-07 20:06:17,169 | INFO     | pipeline | Pipeline started — job_id=8e022edf-2c0d-46ac-b8ea-5c907b2b31ef user=admin
2026-06-07 20:06:17,202 | INFO     | pipeline | Step starting: log_reader
2026-06-07 20:06:17,435 | INFO     | pipeline | Step completed: log_reader
2026-06-07 20:06:17,436 | INFO     | pipeline | Step starting: set_batch_date
2026-06-07 20:06:18,102 | INFO     | paramiko.transport | Connected (version 2.0, client OpenSSH_8.0)
2026-06-07 20:06:18,298 | INFO     | paramiko.transport | Authentication (password) successful!
2026-06-07 20:06:43,945 | INFO     | pipeline | Step completed: set_batch_date
2026-06-07 20:06:43,947 | INFO     | pipeline | Step starting: sql_executer
2026-06-07 20:06:44,249 | INFO     | db_connect | Connecting to Oracle (attempt 1/3)...
2026-06-07 20:06:44,538 | INFO     | db_connect | Oracle connection established successfully
2026-06-07 20:06:44,542 | INFO     | sql_executer | Loading SQL file: D:/OFSAA/Scenario_Debugger/outputs\20260607\ML-LargeReportableTrans_LRT_AMEA\extracted_queries\ML_LargeReportableTrans_LRT_AMEA_dataset_query_20260607_200617.sql
2026-06-07 20:06:44,544 | INFO     | sql_executer | SQL loaded successfully (22523 chars)
2026-06-07 20:06:44,544 | INFO     | sql_executer | Executing dataset query...
2026-06-07 20:06:45,057 | INFO     | pipeline | Step completed: sql_executer
2026-06-07 20:06:45,057 | INFO     | pipeline | Step starting: cte_parser
2026-06-07 20:06:45,551 | INFO     | pipeline | Step completed: cte_parser
2026-06-07 20:06:45,551 | INFO     | pipeline | Step starting: cte_executer
2026-06-07 20:06:45,601 | INFO     | db_connect | Connecting to Oracle (attempt 1/3)...
2026-06-07 20:06:45,790 | INFO     | db_connect | Oracle connection established successfully
2026-06-07 20:06:45,790 | INFO     | cte_executer_mod | Creating view: clndr_vw
2026-06-07 20:06:45,881 | INFO     | cte_executer_mod | Creating view: Wire_Trxn_Vw
2026-06-07 20:06:46,127 | INFO     | cte_executer_mod | Creating view: Mi_Trxn_Vw
2026-06-07 20:06:46,233 | INFO     | cte_executer_mod | Creating view: Cust_Accounts
2026-06-07 20:06:47,901 | INFO     | pipeline | Step completed: cte_executer
2026-06-07 20:06:47,901 | INFO     | pipeline | Step starting: sql_diagnostics
2026-06-07 20:06:54,599 | INFO     | pipeline | Oracle connection closed after diagnostics
2026-06-07 20:06:54,619 | INFO     | pipeline | Step completed: sql_diagnostics
2026-06-07 20:06:54,649 | INFO     | pipeline | Pipeline completed — job_id=8e022edf-2c0d-46ac-b8ea-5c907b2b31ef
2026-06-07 20:29:08,626 | INFO     | config | Logging initialised — level: INFO
2026-06-07 20:29:08,627 | INFO     | config | App base path: D:\OFSAA\Scenario_Debugger
2026-06-07 20:29:08,628 | INFO     | jobs | Initialising database at: D:\OFSAA\Scenario_Debugger\db\scenario_debugger.db
2026-06-07 20:29:08,632 | INFO     | jobs | Database initialised successfully
2026-06-07 20:29:09,780 | INFO     | config | Logging initialised — level: INFO
2026-06-07 20:29:09,781 | INFO     | config | App base path: D:\OFSAA\Scenario_Debugger
2026-06-07 20:29:09,782 | INFO     | jobs | Initialising database at: D:\OFSAA\Scenario_Debugger\db\scenario_debugger.db
2026-06-07 20:29:09,786 | INFO     | jobs | Database initialised successfully
2026-06-07 20:29:22,016 | INFO     | main | File uploaded: LRT_log1.log by admin (88435 bytes)
2026-06-07 20:29:22,920 | INFO     | jobs | Job created: 9f60bfc2-2dfa-4eec-ba2c-82f004bd44cb for user_id=1 file=c6f63c8189df450290cf1371b2bebd94_LRT_log1.log
2026-06-07 20:29:22,938 | INFO     | main | Job started: 9f60bfc2-2dfa-4eec-ba2c-82f004bd44cb by admin for file c6f63c8189df450290cf1371b2bebd94_LRT_log1.log
2026-06-07 20:29:22,943 | INFO     | pipeline | Pipeline started — job_id=9f60bfc2-2dfa-4eec-ba2c-82f004bd44cb user=admin
2026-06-07 20:29:23,004 | INFO     | pipeline | Step starting: log_reader
2026-06-07 20:29:23,346 | INFO     | pipeline | Step completed: log_reader
2026-06-07 20:29:23,346 | INFO     | pipeline | Step starting: set_batch_date
2026-06-07 20:29:23,661 | INFO     | paramiko.transport | Connected (version 2.0, client OpenSSH_8.0)
2026-06-07 20:29:23,863 | INFO     | paramiko.transport | Authentication (password) successful!
2026-06-07 20:29:49,186 | INFO     | pipeline | Step completed: set_batch_date
2026-06-07 20:29:49,186 | INFO     | pipeline | Step starting: sql_executer
2026-06-07 20:29:49,321 | INFO     | db_connect | Connecting to Oracle (attempt 1/3)...
2026-06-07 20:29:49,552 | INFO     | db_connect | Oracle connection established successfully
2026-06-07 20:29:49,564 | INFO     | sql_executer | Loading SQL file: D:/OFSAA/Scenario_Debugger/outputs\20260607\ML-LargeReportableTrans_LRT_AMEA\extracted_queries\ML_LargeReportableTrans_LRT_AMEA_dataset_query_20260607_202923.sql
2026-06-07 20:29:49,571 | INFO     | sql_executer | SQL loaded successfully (22523 chars)
2026-06-07 20:29:49,573 | INFO     | sql_executer | Executing dataset query...
2026-06-07 20:29:50,023 | INFO     | pipeline | Step completed: sql_executer
2026-06-07 20:29:50,024 | INFO     | pipeline | Step starting: cte_parser
2026-06-07 20:29:50,404 | INFO     | pipeline | Step completed: cte_parser
2026-06-07 20:29:50,405 | INFO     | pipeline | Step starting: cte_executer
2026-06-07 20:29:50,451 | INFO     | db_connect | Connecting to Oracle (attempt 1/3)...
2026-06-07 20:29:50,670 | INFO     | db_connect | Oracle connection established successfully
2026-06-07 20:29:50,671 | INFO     | cte_executer_mod | Creating view: clndr_vw
2026-06-07 20:29:50,737 | INFO     | cte_executer_mod | Creating view: Wire_Trxn_Vw
2026-06-07 20:29:50,968 | INFO     | cte_executer_mod | Creating view: Mi_Trxn_Vw
2026-06-07 20:29:51,086 | INFO     | cte_executer_mod | Creating view: Cust_Accounts
2026-06-07 20:29:52,769 | INFO     | pipeline | Step completed: cte_executer
2026-06-07 20:29:52,770 | INFO     | pipeline | Step starting: sql_diagnostics
2026-06-07 20:29:58,942 | INFO     | pipeline | Oracle connection closed after diagnostics
2026-06-07 20:29:58,983 | INFO     | pipeline | Step completed: sql_diagnostics
2026-06-07 20:29:59,015 | INFO     | pipeline | Pipeline completed — job_id=9f60bfc2-2dfa-4eec-ba2c-82f004bd44cb
2026-06-07 20:39:23,261 | INFO     | config | Logging initialised — level: INFO
2026-06-07 20:39:23,262 | INFO     | config | App base path: D:\OFSAA\Scenario_Debugger
2026-06-07 20:39:23,264 | INFO     | jobs | Initialising database at: D:\OFSAA\Scenario_Debugger\db\scenario_debugger.db
2026-06-07 20:39:23,268 | INFO     | jobs | Database initialised successfully
2026-06-07 20:39:24,654 | INFO     | config | Logging initialised — level: INFO
2026-06-07 20:39:24,656 | INFO     | config | App base path: D:\OFSAA\Scenario_Debugger
2026-06-07 20:39:24,658 | INFO     | jobs | Initialising database at: D:\OFSAA\Scenario_Debugger\db\scenario_debugger.db
2026-06-07 20:39:24,663 | INFO     | jobs | Database initialised successfully
2026-06-07 20:39:34,934 | INFO     | main | File uploaded: LRT_log1.log by admin (88435 bytes)
2026-06-07 20:39:35,946 | INFO     | jobs | Job created: cf34c49f-833b-41e7-b9cc-d2960f66921f for user_id=1 file=3696cb805bb14246bcc90c5cc9239dc5_LRT_log1.log
2026-06-07 20:39:35,965 | INFO     | main | Job started: cf34c49f-833b-41e7-b9cc-d2960f66921f by admin for file 3696cb805bb14246bcc90c5cc9239dc5_LRT_log1.log
2026-06-07 20:39:35,967 | INFO     | pipeline | Pipeline started — job_id=cf34c49f-833b-41e7-b9cc-d2960f66921f user=admin
2026-06-07 20:39:35,997 | INFO     | pipeline | Step starting: log_reader
2026-06-07 20:39:36,288 | INFO     | pipeline | Step completed: log_reader
2026-06-07 20:39:36,291 | INFO     | pipeline | Step starting: set_batch_date
2026-06-07 20:39:36,646 | INFO     | paramiko.transport | Connected (version 2.0, client OpenSSH_8.0)
2026-06-07 20:39:36,850 | INFO     | paramiko.transport | Authentication (password) successful!
2026-06-07 20:40:01,448 | INFO     | pipeline | Step completed: set_batch_date
2026-06-07 20:40:01,448 | INFO     | pipeline | Step starting: sql_executer
2026-06-07 20:40:01,612 | INFO     | db_connect | Connecting to Oracle (attempt 1/3)...
2026-06-07 20:40:01,858 | INFO     | db_connect | Oracle connection established successfully
2026-06-07 20:40:01,866 | INFO     | sql_executer | Loading SQL file: D:/OFSAA/Scenario_Debugger/outputs\20260607\ML-LargeReportableTrans_LRT_AMEA\extracted_queries\ML_LargeReportableTrans_LRT_AMEA_dataset_query_20260607_203936.sql
2026-06-07 20:40:01,874 | INFO     | sql_executer | SQL loaded successfully (22523 chars)
2026-06-07 20:40:01,886 | INFO     | sql_executer | Executing dataset query...
2026-06-07 20:40:02,366 | INFO     | pipeline | Step completed: sql_executer
2026-06-07 20:40:02,366 | INFO     | pipeline | Step starting: cte_parser
2026-06-07 20:40:02,728 | INFO     | pipeline | Step completed: cte_parser
2026-06-07 20:40:02,729 | INFO     | pipeline | Step starting: cte_executer
2026-06-07 20:40:02,780 | INFO     | db_connect | Connecting to Oracle (attempt 1/3)...
2026-06-07 20:40:02,958 | INFO     | db_connect | Oracle connection established successfully
2026-06-07 20:40:02,959 | INFO     | cte_executer_mod | Creating view: clndr_vw
2026-06-07 20:40:03,023 | INFO     | cte_executer_mod | Creating view: Wire_Trxn_Vw
2026-06-07 20:40:03,205 | INFO     | cte_executer_mod | Creating view: Mi_Trxn_Vw
2026-06-07 20:40:03,272 | INFO     | cte_executer_mod | Creating view: Cust_Accounts
2026-06-07 20:40:04,940 | INFO     | pipeline | Step completed: cte_executer
2026-06-07 20:40:04,940 | INFO     | pipeline | Step starting: sql_diagnostics
2026-06-07 20:40:15,423 | INFO     | pipeline | Oracle connection closed after diagnostics
2026-06-07 20:40:15,445 | INFO     | pipeline | Step completed: sql_diagnostics
2026-06-07 20:40:15,479 | INFO     | pipeline | Pipeline completed — job_id=cf34c49f-833b-41e7-b9cc-d2960f66921f
2026-06-07 20:54:04,995 | INFO     | config | Logging initialised — level: INFO
2026-06-07 20:54:04,996 | INFO     | config | App base path: D:\OFSAA\Scenario_Debugger
2026-06-07 20:54:04,997 | INFO     | jobs | Initialising database at: D:\OFSAA\Scenario_Debugger\db\scenario_debugger.db
2026-06-07 20:54:05,004 | INFO     | jobs | Database initialised successfully
2026-06-07 21:21:28,417 | INFO     | jobs | Job created: cb97c3a2-9372-42d5-8bcd-2bd699c6cacc for user_id=1 file=3696cb805bb14246bcc90c5cc9239dc5_LRT_log1.log
2026-06-07 21:21:28,429 | INFO     | pipeline | Pipeline started — job_id=cb97c3a2-9372-42d5-8bcd-2bd699c6cacc user=admin
2026-06-07 21:21:28,448 | INFO     | pipeline | Step starting: log_reader
2026-06-07 21:21:28,661 | INFO     | pipeline | Step completed: log_reader
2026-06-07 21:21:28,662 | INFO     | pipeline | Step starting: set_batch_date
2026-06-07 21:21:29,348 | INFO     | paramiko.transport | Connected (version 2.0, client OpenSSH_8.0)
2026-06-07 21:21:29,572 | INFO     | paramiko.transport | Authentication (password) successful!
2026-06-07 21:21:56,297 | INFO     | pipeline | Step completed: set_batch_date
2026-06-07 21:21:56,298 | INFO     | pipeline | Step starting: sql_executer
2026-06-07 21:21:56,619 | INFO     | db_connect | Connecting to Oracle (attempt 1/3)...
2026-06-07 21:21:56,944 | INFO     | db_connect | Oracle connection established successfully
2026-06-07 21:21:56,947 | INFO     | sql_executer | Loading SQL file: D:/OFSAA/Scenario_Debugger/outputs\20260607\ML-LargeReportableTrans_LRT_AMEA\extracted_queries\ML_LargeReportableTrans_LRT_AMEA_dataset_query_20260607_212128.sql
2026-06-07 21:21:56,950 | INFO     | sql_executer | SQL loaded successfully (22523 chars)
2026-06-07 21:21:56,951 | INFO     | sql_executer | Executing dataset query...
2026-06-07 21:21:57,345 | INFO     | pipeline | Step completed: sql_executer
2026-06-07 21:21:57,346 | INFO     | pipeline | Step starting: cte_parser
2026-06-07 21:21:57,823 | INFO     | pipeline | Step completed: cte_parser
2026-06-07 21:21:57,824 | INFO     | pipeline | Step starting: cte_executer
2026-06-07 21:21:57,883 | INFO     | db_connect | Connecting to Oracle (attempt 1/3)...
2026-06-07 21:21:58,094 | INFO     | db_connect | Oracle connection established successfully
2026-06-07 21:21:58,095 | INFO     | cte_executer_mod | Creating view: clndr_vw
2026-06-07 21:21:58,172 | INFO     | cte_executer_mod | Creating view: Wire_Trxn_Vw
2026-06-07 21:21:58,368 | INFO     | cte_executer_mod | Creating view: Mi_Trxn_Vw
2026-06-07 21:21:58,513 | INFO     | cte_executer_mod | Creating view: Cust_Accounts
2026-06-07 21:22:00,323 | INFO     | pipeline | Step completed: cte_executer
2026-06-07 21:22:00,324 | INFO     | pipeline | Step starting: sql_diagnostics
2026-06-07 21:22:10,496 | INFO     | pipeline | Oracle connection closed after diagnostics
2026-06-07 21:22:10,530 | INFO     | pipeline | Step completed: sql_diagnostics
2026-06-07 21:22:10,549 | INFO     | pipeline | Pipeline completed — job_id=cb97c3a2-9372-42d5-8bcd-2bd699c6cacc
2026-06-07 21:23:48,399 | INFO     | jobs | Job created: 42614d64-a52a-47a9-9eaa-b5b5a47ce183 for user_id=1 file=b5b5430780224c84a2b92acece42ac3b_RMF_AIOR.log
2026-06-07 21:23:48,443 | INFO     | pipeline | Pipeline started — job_id=42614d64-a52a-47a9-9eaa-b5b5a47ce183 user=admin
2026-06-07 21:23:48,556 | INFO     | pipeline | Step starting: log_reader
2026-06-07 21:23:49,389 | INFO     | pipeline | Step completed: log_reader
2026-06-07 21:23:49,413 | INFO     | pipeline | Step starting: set_batch_date
2026-06-07 21:23:49,522 | INFO     | paramiko.transport | Connected (version 2.0, client OpenSSH_8.0)
2026-06-07 21:23:49,813 | INFO     | paramiko.transport | Authentication (password) successful!
2026-06-07 21:24:16,533 | INFO     | pipeline | Step completed: set_batch_date
2026-06-07 21:24:16,535 | INFO     | pipeline | Step starting: sql_executer
2026-06-07 21:24:16,556 | INFO     | db_connect | Connecting to Oracle (attempt 1/3)...
2026-06-07 21:24:16,783 | INFO     | db_connect | Oracle connection established successfully
2026-06-07 21:24:16,787 | INFO     | sql_executer | Loading SQL file: D:/OFSAA/Scenario_Debugger/outputs\20260607\ML-RapidMvmtFundsAllActivity_RMF_AIOR\extracted_queries\ML_RapidMvmtFundsAllActivity_RMF_AIOR_dataset_query_20260607_212349.sql
2026-06-07 21:24:16,789 | INFO     | sql_executer | SQL loaded successfully (25336 chars)
2026-06-07 21:24:16,791 | INFO     | sql_executer | Executing dataset query...
2026-06-07 21:24:18,735 | INFO     | pipeline | Step completed: sql_executer
2026-06-07 21:24:18,736 | INFO     | pipeline | Step starting: cte_parser
2026-06-07 21:24:18,920 | INFO     | pipeline | Step completed: cte_parser
2026-06-07 21:24:18,921 | INFO     | pipeline | Step starting: cte_executer
2026-06-07 21:24:18,944 | INFO     | db_connect | Connecting to Oracle (attempt 1/3)...
2026-06-07 21:24:19,154 | INFO     | db_connect | Oracle connection established successfully
2026-06-07 21:24:19,155 | INFO     | cte_executer_mod | Creating view: clndr_vw
2026-06-07 21:24:19,259 | INFO     | cte_executer_mod | Creating view: Wire_Trxn_Vw
2026-06-07 21:24:19,444 | INFO     | cte_executer_mod | Creating view: Mi_Trxn_Vw
2026-06-07 21:24:19,555 | INFO     | cte_executer_mod | Creating view: Cust_Accounts
2026-06-07 21:24:21,187 | INFO     | pipeline | Step completed: cte_executer
2026-06-07 21:24:21,188 | INFO     | pipeline | Step starting: sql_diagnostics
2026-06-07 21:24:31,124 | INFO     | pipeline | Oracle connection closed after diagnostics
2026-06-07 21:24:31,139 | INFO     | pipeline | Step completed: sql_diagnostics
2026-06-07 21:24:31,164 | INFO     | pipeline | Pipeline completed — job_id=42614d64-a52a-47a9-9eaa-b5b5a47ce183
2026-06-07 21:29:16,302 | INFO     | main | File uploaded: RMF_AIOR.log by admin (103311 bytes)
2026-06-07 21:29:16,394 | INFO     | main | File uploaded: RMF_AMEA.log by admin (103340 bytes)
2026-06-07 21:29:17,571 | INFO     | jobs | Job created: 9dcf63a5-59bf-4405-b1ef-f83a48775987 for user_id=1 file=9123e83174da492394fb4cc83fabaa98_RMF_AIOR.log
2026-06-07 21:29:17,590 | INFO     | main | Job started: 9dcf63a5-59bf-4405-b1ef-f83a48775987 by admin for file 9123e83174da492394fb4cc83fabaa98_RMF_AIOR.log
2026-06-07 21:29:17,596 | INFO     | pipeline | Pipeline started — job_id=9dcf63a5-59bf-4405-b1ef-f83a48775987 user=admin
2026-06-07 21:29:17,619 | INFO     | pipeline | Step starting: log_reader
2026-06-07 21:29:17,700 | INFO     | jobs | Job created: 7c3ebab1-b696-41f7-90e3-a1c1dea13b10 for user_id=1 file=9d436fa2a9b04ae8a462c01d6a640c1e_RMF_AMEA.log
2026-06-07 21:29:17,725 | INFO     | main | Job started: 7c3ebab1-b696-41f7-90e3-a1c1dea13b10 by admin for file 9d436fa2a9b04ae8a462c01d6a640c1e_RMF_AMEA.log
2026-06-07 21:29:17,733 | INFO     | pipeline | Pipeline started — job_id=7c3ebab1-b696-41f7-90e3-a1c1dea13b10 user=admin
2026-06-07 21:29:17,757 | INFO     | pipeline | Step starting: log_reader
2026-06-07 21:29:17,807 | INFO     | pipeline | Step completed: log_reader
2026-06-07 21:29:17,813 | INFO     | pipeline | Step starting: set_batch_date
2026-06-07 21:29:17,982 | INFO     | paramiko.transport | Connected (version 2.0, client OpenSSH_8.0)
2026-06-07 21:29:18,015 | INFO     | pipeline | Step completed: log_reader
2026-06-07 21:29:18,016 | INFO     | pipeline | Step starting: set_batch_date
2026-06-07 21:29:18,129 | INFO     | paramiko.transport | Connected (version 2.0, client OpenSSH_8.0)
2026-06-07 21:29:18,229 | INFO     | paramiko.transport | Authentication (password) successful!
2026-06-07 21:29:18,311 | INFO     | paramiko.transport | Authentication (password) successful!
2026-06-07 21:29:47,789 | INFO     | pipeline | Step completed: set_batch_date
2026-06-07 21:29:47,789 | INFO     | pipeline | Step starting: sql_executer
2026-06-07 21:29:47,809 | INFO     | db_connect | Connecting to Oracle (attempt 1/3)...
2026-06-07 21:29:48,106 | INFO     | db_connect | Oracle connection established successfully
2026-06-07 21:29:48,124 | INFO     | sql_executer | Loading SQL file: D:/OFSAA/Scenario_Debugger/outputs\20260607\ML-RapidMvmtFundsAllActivity_RMF_AMEA\extracted_queries\ML_RapidMvmtFundsAllActivity_RMF_AMEA_dataset_query_20260607_212917.sql
2026-06-07 21:29:48,130 | INFO     | sql_executer | SQL loaded successfully (25336 chars)
2026-06-07 21:29:48,131 | INFO     | sql_executer | Executing dataset query...
2026-06-07 21:29:48,923 | INFO     | pipeline | Step completed: sql_executer
2026-06-07 21:29:48,924 | INFO     | pipeline | Step starting: cte_parser
2026-06-07 21:29:49,143 | ERROR    | pipeline | Step failed: set_batch_date — RuntimeError: 
Command failed:
cd /home/oracle && source .profile >/dev/null 2>&1 && cd /u01/OFSAA/FICHOME/database/db_tools/bin && ./start_mantas_batch.sh DLY
2026-06-07 21:29:49,195 | ERROR    | pipeline | Pipeline failed — job_id=9dcf63a5-59bf-4405-b1ef-f83a48775987 reason=set_batch_date failed
2026-06-07 21:29:49,220 | INFO     | pipeline | Step completed: cte_parser
2026-06-07 21:29:49,222 | INFO     | pipeline | Step starting: cte_executer
2026-06-07 21:29:49,244 | INFO     | db_connect | Connecting to Oracle (attempt 1/3)...
2026-06-07 21:29:49,490 | INFO     | db_connect | Oracle connection established successfully
2026-06-07 21:29:49,492 | INFO     | cte_executer_mod | Creating view: clndr_vw
2026-06-07 21:29:49,560 | INFO     | cte_executer_mod | Creating view: wire_vw
2026-06-07 21:29:49,758 | INFO     | cte_executer_mod | Creating view: mi_vw
2026-06-07 21:29:50,977 | INFO     | pipeline | Step completed: cte_executer
2026-06-07 21:29:50,978 | INFO     | pipeline | Step starting: sql_diagnostics
2026-06-07 21:30:01,857 | INFO     | pipeline | Oracle connection closed after diagnostics
2026-06-07 21:30:01,937 | INFO     | pipeline | Step completed: sql_diagnostics
2026-06-07 21:30:02,027 | INFO     | pipeline | Pipeline completed — job_id=7c3ebab1-b696-41f7-90e3-a1c1dea13b10
2026-06-07 21:33:26,877 | INFO     | config | Logging initialised — level: INFO
2026-06-07 21:33:26,877 | INFO     | config | App base path: D:\OFSAA\Scenario_Debugger
2026-06-07 21:33:26,879 | INFO     | jobs | Initialising database at: D:\OFSAA\Scenario_Debugger\db\scenario_debugger.db
2026-06-07 21:33:26,885 | INFO     | jobs | Database initialised successfully
2026-06-07 21:33:46,741 | INFO     | config | Logging initialised — level: INFO
2026-06-07 21:33:46,742 | INFO     | config | App base path: D:\OFSAA\Scenario_Debugger
2026-06-07 21:33:46,743 | INFO     | jobs | Initialising database at: D:\OFSAA\Scenario_Debugger\db\scenario_debugger.db
2026-06-07 21:33:46,747 | INFO     | jobs | Database initialised successfully
2026-06-07 21:35:42,424 | INFO     | config | Logging initialised — level: INFO
2026-06-07 21:35:42,424 | INFO     | config | App base path: D:\OFSAA\Scenario_Debugger
2026-06-07 21:35:42,426 | INFO     | jobs | Initialising database at: D:\OFSAA\Scenario_Debugger\db\scenario_debugger.db
2026-06-07 21:35:42,429 | INFO     | jobs | Database initialised successfully
2026-06-07 21:35:44,147 | INFO     | config | Logging initialised — level: INFO
2026-06-07 21:35:44,147 | INFO     | config | App base path: D:\OFSAA\Scenario_Debugger
2026-06-07 21:35:44,150 | INFO     | jobs | Initialising database at: D:\OFSAA\Scenario_Debugger\db\scenario_debugger.db
2026-06-07 21:35:44,154 | INFO     | jobs | Database initialised successfully
2026-06-07 21:48:19,246 | INFO     | jobs | Job created: 2b46c9d5-a4ff-4a39-9a39-e6117156be79 for user_id=1 file=b5b5430780224c84a2b92acece42ac3b_RMF_AIOR.log
2026-06-07 21:48:19,263 | INFO     | pipeline | Pipeline started — job_id=2b46c9d5-a4ff-4a39-9a39-e6117156be79 user=admin
2026-06-07 21:48:19,286 | INFO     | pipeline | Step starting: log_reader
2026-06-07 21:48:19,449 | INFO     | pipeline | Step completed: log_reader
2026-06-07 21:48:19,452 | INFO     | pipeline | Step starting: set_batch_date
2026-06-07 21:48:19,796 | INFO     | paramiko.transport | Connected (version 2.0, client OpenSSH_8.0)
2026-06-07 21:48:20,007 | INFO     | paramiko.transport | Authentication (password) successful!
2026-06-07 21:48:45,442 | INFO     | pipeline | Step completed: set_batch_date
2026-06-07 21:48:45,448 | INFO     | pipeline | Step starting: sql_executer
2026-06-07 21:48:45,600 | INFO     | db_connect | Connecting to Oracle (attempt 1/3)...
2026-06-07 21:48:45,916 | INFO     | db_connect | Oracle connection established successfully
2026-06-07 21:48:45,935 | INFO     | sql_executer | Loading SQL file: D:/OFSAA/Scenario_Debugger/outputs\20260607\ML-RapidMvmtFundsAllActivity_RMF_AIOR\extracted_queries\ML_RapidMvmtFundsAllActivity_RMF_AIOR_dataset_query_20260607_214819.sql
2026-06-07 21:48:45,946 | INFO     | sql_executer | SQL loaded successfully (25336 chars)
2026-06-07 21:48:45,947 | INFO     | sql_executer | Executing dataset query...
2026-06-07 21:48:47,884 | INFO     | pipeline | Step completed: sql_executer
2026-06-07 21:48:47,885 | INFO     | pipeline | Step starting: cte_parser
2026-06-07 21:48:48,226 | INFO     | pipeline | Step completed: cte_parser
2026-06-07 21:48:48,227 | INFO     | pipeline | Step starting: cte_executer
2026-06-07 21:48:48,280 | INFO     | db_connect | Connecting to Oracle (attempt 1/3)...
2026-06-07 21:48:48,475 | INFO     | db_connect | Oracle connection established successfully
2026-06-07 21:48:48,475 | INFO     | cte_executer_mod | Creating view: clndr_vw
2026-06-07 21:48:48,544 | INFO     | cte_executer_mod | Creating view: wire_vw
2026-06-07 21:48:48,704 | INFO     | cte_executer_mod | Creating view: mi_vw
2026-06-07 21:48:49,918 | INFO     | pipeline | Step completed: cte_executer
2026-06-07 21:48:49,926 | INFO     | pipeline | Step starting: sql_diagnostics
2026-06-07 21:49:00,950 | INFO     | pipeline | Oracle connection closed after diagnostics
2026-06-07 21:49:00,972 | INFO     | pipeline | Step completed: sql_diagnostics
2026-06-07 21:49:00,996 | INFO     | pipeline | Pipeline completed — job_id=2b46c9d5-a4ff-4a39-9a39-e6117156be79
2026-06-08 08:42:15,572 | INFO     | config | Logging initialised — level: INFO
2026-06-08 08:42:15,578 | INFO     | config | App base path: D:\OFSAA\Scenario_Debugger
2026-06-08 08:42:15,610 | INFO     | jobs | Initialising database at: D:\OFSAA\Scenario_Debugger\db\scenario_debugger.db
2026-06-08 08:42:15,623 | INFO     | jobs | Database initialised successfully
2026-06-08 08:42:18,939 | INFO     | config | Logging initialised — level: INFO
2026-06-08 08:42:18,940 | INFO     | config | App base path: D:\OFSAA\Scenario_Debugger
2026-06-08 08:42:18,943 | INFO     | jobs | Initialising database at: D:\OFSAA\Scenario_Debugger\db\scenario_debugger.db
2026-06-08 08:42:18,948 | INFO     | jobs | Database initialised successfully
2026-06-08 08:49:04,530 | INFO     | auth | Login successful: admin from 127.0.0.1
2026-06-08 08:49:18,727 | INFO     | main | File uploaded: LRT_AIIN_With_Alerts.log by admin (484463 bytes)
2026-06-08 08:49:20,345 | INFO     | jobs | Job created: 9ba0b59f-b3a8-4135-8905-f2c967778c80 for user_id=1 file=d79c5c7fda5b4b7899eeee1742b1dfec_LRT_AIIN_With_Alerts.log
2026-06-08 08:49:20,409 | INFO     | main | Job started: 9ba0b59f-b3a8-4135-8905-f2c967778c80 by admin for file d79c5c7fda5b4b7899eeee1742b1dfec_LRT_AIIN_With_Alerts.log
2026-06-08 08:49:20,412 | INFO     | pipeline | Pipeline started — job_id=9ba0b59f-b3a8-4135-8905-f2c967778c80 user=admin
2026-06-08 08:49:20,517 | INFO     | pipeline | Step starting: log_reader
2026-06-08 08:49:21,131 | INFO     | pipeline | Step completed: log_reader
2026-06-08 08:49:21,133 | INFO     | pipeline | Step starting: set_batch_date
2026-06-08 08:49:21,289 | INFO     | paramiko.transport | Connected (version 2.0, client OpenSSH_8.0)
2026-06-08 08:49:21,523 | INFO     | paramiko.transport | Authentication (password) successful!
2026-06-08 08:49:49,948 | INFO     | pipeline | Step completed: set_batch_date
2026-06-08 08:49:49,949 | INFO     | pipeline | Step starting: sql_executer
2026-06-08 08:49:50,007 | INFO     | db_connect | Connecting to Oracle (attempt 1/3)...
2026-06-08 08:49:50,324 | INFO     | db_connect | Oracle connection established successfully
2026-06-08 08:49:50,332 | INFO     | sql_executer | Loading SQL file: D:/OFSAA/Scenario_Debugger/outputs\20260608\ML-LargeReportableTrans_LRT_AIIN\extracted_queries\ML_LargeReportableTrans_LRT_AIIN_dataset_query_20260608_084920.sql
2026-06-08 08:49:50,335 | INFO     | sql_executer | SQL loaded successfully (22527 chars)
2026-06-08 08:49:50,349 | INFO     | sql_executer | Executing dataset query...
2026-06-08 08:49:51,329 | INFO     | pipeline | Step completed: sql_executer
2026-06-08 09:00:05,633 | INFO     | config | Logging initialised — level: INFO
2026-06-08 09:00:05,634 | INFO     | config | App base path: D:\OFSAA\Scenario_Debugger
2026-06-08 09:00:05,635 | INFO     | jobs | Initialising database at: D:\OFSAA\Scenario_Debugger\db\scenario_debugger.db
2026-06-08 09:00:05,640 | INFO     | jobs | Database initialised successfully
2026-06-08 09:00:07,114 | INFO     | config | Logging initialised — level: INFO
2026-06-08 09:00:07,115 | INFO     | config | App base path: D:\OFSAA\Scenario_Debugger
2026-06-08 09:00:07,116 | INFO     | jobs | Initialising database at: D:\OFSAA\Scenario_Debugger\db\scenario_debugger.db
2026-06-08 09:00:07,120 | INFO     | jobs | Database initialised successfully
2026-06-08 09:00:08,155 | INFO     | auth | Login successful: admin from 127.0.0.1
2026-06-08 09:02:35,068 | INFO     | main | File uploaded: EARLY_PO_Without_Alerts.log by admin (39698 bytes)
2026-06-08 09:02:35,351 | INFO     | main | File uploaded: HRE_AIIN_Without_Alerts.log by admin (107154 bytes)
2026-06-08 09:02:35,562 | INFO     | main | File uploaded: HRE_AIOR_Without_Alerts.log by admin (107154 bytes)
2026-06-08 09:02:35,877 | INFO     | main | File uploaded: LRT_AIIN_With_Alerts.log by admin (484463 bytes)
2026-06-08 09:02:36,126 | INFO     | main | File uploaded: NTW_AIIN_Without_Alerts.log by admin (52407 bytes)
2026-06-08 09:02:38,894 | INFO     | jobs | Job created: 86d77329-6e6b-4250-a49b-466718706871 for user_id=1 file=28c44f1d1658423aac3ab0a6e7ee5274_EARLY_PO_Without_Alerts.log
2026-06-08 09:02:38,955 | INFO     | jobs | Job created: dbda9bcd-dff5-4d29-8cee-d8891f9ed198 for user_id=1 file=7d0c5a6518224b9bb28659f55b9d4aac_HRE_AIIN_Without_Alerts.log
2026-06-08 09:02:39,016 | INFO     | jobs | Job created: 3de44842-554e-44b8-9653-ab6d5bee0b5a for user_id=1 file=528165fa9be147f5999f8cf58415d7f5_HRE_AIOR_Without_Alerts.log
2026-06-08 09:02:39,078 | INFO     | jobs | Job created: 33d207e4-3263-4649-b549-70f106c26ded for user_id=1 file=40db51d98dbc45359ae328043b773f0a_LRT_AIIN_With_Alerts.log
2026-06-08 09:02:39,148 | INFO     | jobs | Job created: a2acea1f-51f6-4ba0-b3b5-bc5047c303eb for user_id=1 file=def10c814df44190a478081dfcc9051e_NTW_AIIN_Without_Alerts.log
2026-06-08 09:02:39,218 | INFO     | main | Batch: starting job 86d77329-6e6b-4250-a49b-466718706871 (28c44f1d1658423aac3ab0a6e7ee5274_EARLY_PO_Without_Alerts.log)
2026-06-08 09:02:39,219 | INFO     | pipeline | Pipeline started — job_id=86d77329-6e6b-4250-a49b-466718706871 user=admin
2026-06-08 09:02:39,426 | INFO     | pipeline | Step starting: log_reader
2026-06-08 09:02:39,954 | INFO     | pipeline | Step completed: log_reader
2026-06-08 09:02:39,954 | INFO     | pipeline | Step starting: set_batch_date
2026-06-08 09:02:40,747 | INFO     | paramiko.transport | Connected (version 2.0, client OpenSSH_8.0)
2026-06-08 09:02:40,971 | INFO     | paramiko.transport | Authentication (password) successful!
2026-06-08 09:03:08,244 | INFO     | pipeline | Step completed: set_batch_date
2026-06-08 09:03:08,250 | INFO     | pipeline | Step starting: sql_executer
2026-06-08 09:03:08,716 | INFO     | db_connect | Connecting to Oracle (attempt 1/3)...
2026-06-08 09:03:09,352 | INFO     | db_connect | Oracle connection established successfully
2026-06-08 09:03:09,412 | INFO     | sql_executer | Loading SQL file: D:/OFSAA/Scenario_Debugger/outputs\20260608\ML-EarlyPOCreditProducts__ML-EarlyPOCreditProducts__AIIN\extracted_queries\ML_EarlyPOCreditProducts__ML_EarlyPOCreditProducts__AIIN_dataset_query_20260608_090239.sql
2026-06-08 09:03:09,468 | INFO     | sql_executer | SQL loaded successfully (7969 chars)
2026-06-08 09:03:09,475 | INFO     | sql_executer | Executing dataset query...
2026-06-08 09:03:09,860 | INFO     | pipeline | Step completed: sql_executer
2026-06-08 09:03:09,862 | INFO     | pipeline | Step starting: cte_parser
2026-06-08 09:03:10,510 | INFO     | pipeline | Step completed: cte_parser
2026-06-08 09:03:10,511 | INFO     | pipeline | Step starting: cte_executer
2026-06-08 09:03:10,602 | INFO     | db_connect | Connecting to Oracle (attempt 1/3)...
2026-06-08 09:03:11,176 | INFO     | db_connect | Oracle connection established successfully
2026-06-08 09:03:11,176 | INFO     | cte_executer_mod | Creating view: clndr_vw
2026-06-08 09:03:11,359 | INFO     | cte_executer_mod | Creating view: loan_vw
2026-06-08 09:03:11,720 | INFO     | pipeline | Step completed: cte_executer
2026-06-08 09:03:11,733 | INFO     | pipeline | Step starting: sql_diagnostics
2026-06-08 09:03:12,078 | INFO     | pipeline | Oracle connection closed after diagnostics
2026-06-08 09:03:12,152 | INFO     | pipeline | Step completed: sql_diagnostics
2026-06-08 09:03:12,280 | INFO     | pipeline | Pipeline completed — job_id=86d77329-6e6b-4250-a49b-466718706871
2026-06-08 09:03:12,281 | INFO     | main | Batch: completed job 86d77329-6e6b-4250-a49b-466718706871 — proceeding to next
2026-06-08 09:03:12,281 | INFO     | main | Batch: starting job dbda9bcd-dff5-4d29-8cee-d8891f9ed198 (7d0c5a6518224b9bb28659f55b9d4aac_HRE_AIIN_Without_Alerts.log)
2026-06-08 09:03:12,282 | INFO     | pipeline | Pipeline started — job_id=dbda9bcd-dff5-4d29-8cee-d8891f9ed198 user=admin
2026-06-08 09:03:12,390 | INFO     | pipeline | Step starting: log_reader
2026-06-08 09:03:12,692 | INFO     | pipeline | Step completed: log_reader
2026-06-08 09:03:12,692 | INFO     | pipeline | Step starting: set_batch_date
2026-06-08 09:03:12,812 | INFO     | paramiko.transport | Connected (version 2.0, client OpenSSH_8.0)
2026-06-08 09:03:13,012 | INFO     | paramiko.transport | Authentication (password) successful!
2026-06-08 09:03:37,703 | INFO     | pipeline | Step completed: set_batch_date
2026-06-08 09:03:37,711 | INFO     | pipeline | Step starting: sql_executer
2026-06-08 09:03:37,747 | INFO     | db_connect | Connecting to Oracle (attempt 1/3)...
2026-06-08 09:03:38,040 | INFO     | db_connect | Oracle connection established successfully
2026-06-08 09:03:38,080 | INFO     | sql_executer | Loading SQL file: D:/OFSAA/Scenario_Debugger/outputs\20260608\ML-HRTransFocalHRE__ML-HRTransFocalHRE__AIIN\extracted_queries\ML_HRTransFocalHRE__ML_HRTransFocalHRE__AIIN_dataset_query_20260608_090312.sql
2026-06-08 09:03:38,093 | INFO     | sql_executer | SQL loaded successfully (32180 chars)
2026-06-08 09:03:38,098 | INFO     | sql_executer | Executing dataset query...
2026-06-08 09:03:39,504 | INFO     | pipeline | Step completed: sql_executer
2026-06-08 09:03:39,504 | INFO     | pipeline | Step starting: cte_parser
2026-06-08 09:03:39,903 | INFO     | pipeline | Step completed: cte_parser
2026-06-08 09:03:39,904 | INFO     | pipeline | Step starting: cte_executer
2026-06-08 09:03:39,931 | INFO     | db_connect | Connecting to Oracle (attempt 1/3)...
2026-06-08 09:03:40,161 | INFO     | db_connect | Oracle connection established successfully
2026-06-08 09:03:40,162 | INFO     | cte_executer_mod | Creating view: wires
2026-06-08 09:03:40,360 | INFO     | cte_executer_mod | Creating view: mitrxn
2026-06-08 09:03:40,456 | INFO     | cte_executer_mod | Creating view: Cust_Accounts
2026-06-08 09:03:40,608 | INFO     | pipeline | Step completed: cte_executer
2026-06-08 09:03:40,609 | INFO     | pipeline | Step starting: sql_diagnostics
2026-06-08 09:04:03,830 | INFO     | pipeline | Oracle connection closed after diagnostics
2026-06-08 09:04:03,869 | INFO     | pipeline | Step completed: sql_diagnostics
2026-06-08 09:04:03,931 | INFO     | pipeline | Pipeline completed — job_id=dbda9bcd-dff5-4d29-8cee-d8891f9ed198
2026-06-08 09:04:03,933 | INFO     | main | Batch: completed job dbda9bcd-dff5-4d29-8cee-d8891f9ed198 — proceeding to next
2026-06-08 09:04:03,934 | INFO     | main | Batch: starting job 3de44842-554e-44b8-9653-ab6d5bee0b5a (528165fa9be147f5999f8cf58415d7f5_HRE_AIOR_Without_Alerts.log)
2026-06-08 09:04:03,936 | INFO     | pipeline | Pipeline started — job_id=3de44842-554e-44b8-9653-ab6d5bee0b5a user=admin
2026-06-08 09:04:03,964 | INFO     | pipeline | Step starting: log_reader
2026-06-08 09:04:04,085 | INFO     | pipeline | Step completed: log_reader
2026-06-08 09:04:04,086 | INFO     | pipeline | Step starting: set_batch_date
2026-06-08 09:04:04,186 | INFO     | paramiko.transport | Connected (version 2.0, client OpenSSH_8.0)
2026-06-08 09:04:04,373 | INFO     | paramiko.transport | Authentication (password) successful!
2026-06-08 09:04:30,853 | INFO     | pipeline | Step completed: set_batch_date
2026-06-08 09:04:30,854 | INFO     | pipeline | Step starting: sql_executer
2026-06-08 09:04:30,876 | INFO     | db_connect | Connecting to Oracle (attempt 1/3)...
2026-06-08 09:04:31,138 | INFO     | db_connect | Oracle connection established successfully
2026-06-08 09:04:31,186 | INFO     | sql_executer | Loading SQL file: D:/OFSAA/Scenario_Debugger/outputs\20260608\ML-HRTransFocalHRE__ML-HRTransFocalHRE__AIOR\extracted_queries\ML_HRTransFocalHRE__ML_HRTransFocalHRE__AIOR_dataset_query_20260608_090404.sql
2026-06-08 09:04:31,193 | INFO     | sql_executer | SQL loaded successfully (32180 chars)
2026-06-08 09:04:31,195 | INFO     | sql_executer | Executing dataset query...
2026-06-08 09:04:32,258 | INFO     | pipeline | Step completed: sql_executer
2026-06-08 09:04:32,259 | INFO     | pipeline | Step starting: cte_parser
2026-06-08 09:04:32,611 | INFO     | pipeline | Step completed: cte_parser
2026-06-08 09:04:32,611 | INFO     | pipeline | Step starting: cte_executer
2026-06-08 09:04:32,639 | INFO     | db_connect | Connecting to Oracle (attempt 1/3)...
2026-06-08 09:04:32,865 | INFO     | db_connect | Oracle connection established successfully
2026-06-08 09:04:32,866 | INFO     | cte_executer_mod | Creating view: wires
2026-06-08 09:04:33,043 | INFO     | cte_executer_mod | Creating view: mitrxn
2026-06-08 09:04:33,138 | INFO     | cte_executer_mod | Creating view: Cust_Accounts
2026-06-08 09:04:33,266 | INFO     | pipeline | Step completed: cte_executer
2026-06-08 09:04:33,268 | INFO     | pipeline | Step starting: sql_diagnostics
2026-06-08 09:04:56,471 | INFO     | pipeline | Oracle connection closed after diagnostics
2026-06-08 09:04:56,508 | INFO     | pipeline | Step completed: sql_diagnostics
2026-06-08 09:04:56,565 | INFO     | pipeline | Pipeline completed — job_id=3de44842-554e-44b8-9653-ab6d5bee0b5a
2026-06-08 09:04:56,566 | INFO     | main | Batch: completed job 3de44842-554e-44b8-9653-ab6d5bee0b5a — proceeding to next
2026-06-08 09:04:56,567 | INFO     | main | Batch: starting job 33d207e4-3263-4649-b549-70f106c26ded (40db51d98dbc45359ae328043b773f0a_LRT_AIIN_With_Alerts.log)
2026-06-08 09:04:56,567 | INFO     | pipeline | Pipeline started — job_id=33d207e4-3263-4649-b549-70f106c26ded user=admin
2026-06-08 09:04:56,592 | INFO     | pipeline | Step starting: log_reader
2026-06-08 09:04:56,763 | INFO     | pipeline | Step completed: log_reader
2026-06-08 09:04:56,764 | INFO     | pipeline | Step starting: set_batch_date
2026-06-08 09:04:56,839 | INFO     | paramiko.transport | Connected (version 2.0, client OpenSSH_8.0)
2026-06-08 09:04:57,038 | INFO     | paramiko.transport | Authentication (password) successful!
2026-06-08 09:05:24,205 | INFO     | pipeline | Step completed: set_batch_date
2026-06-08 09:05:24,210 | INFO     | pipeline | Step starting: sql_executer
2026-06-08 09:05:24,247 | INFO     | db_connect | Connecting to Oracle (attempt 1/3)...
2026-06-08 09:05:24,522 | INFO     | db_connect | Oracle connection established successfully
2026-06-08 09:05:24,533 | INFO     | sql_executer | Loading SQL file: D:/OFSAA/Scenario_Debugger/outputs\20260608\ML-LargeReportableTrans_LRT_AIIN\extracted_queries\ML_LargeReportableTrans_LRT_AIIN_dataset_query_20260608_090456.sql
2026-06-08 09:05:24,535 | INFO     | sql_executer | SQL loaded successfully (22527 chars)
2026-06-08 09:05:24,536 | INFO     | sql_executer | Executing dataset query...
2026-06-08 09:05:27,119 | INFO     | pipeline | Step completed: sql_executer
2026-06-08 09:05:27,148 | INFO     | main | Batch: completed job 33d207e4-3263-4649-b549-70f106c26ded — proceeding to next
2026-06-08 09:05:27,149 | INFO     | main | Batch: starting job a2acea1f-51f6-4ba0-b3b5-bc5047c303eb (def10c814df44190a478081dfcc9051e_NTW_AIIN_Without_Alerts.log)
2026-06-08 09:05:27,150 | INFO     | pipeline | Pipeline started — job_id=a2acea1f-51f6-4ba0-b3b5-bc5047c303eb user=admin
2026-06-08 09:05:27,180 | INFO     | pipeline | Step starting: log_reader
2026-06-08 09:05:27,296 | INFO     | pipeline | Step completed: log_reader
2026-06-08 09:05:27,297 | INFO     | pipeline | Step starting: set_batch_date
2026-06-08 09:05:27,377 | INFO     | paramiko.transport | Connected (version 2.0, client OpenSSH_8.0)
2026-06-08 09:05:27,585 | INFO     | paramiko.transport | Authentication (password) successful!
2026-06-08 09:05:53,701 | INFO     | pipeline | Step completed: set_batch_date
2026-06-08 09:05:53,702 | INFO     | pipeline | Step starting: sql_executer
2026-06-08 09:05:53,748 | INFO     | db_connect | Connecting to Oracle (attempt 1/3)...
2026-06-08 09:05:54,034 | INFO     | db_connect | Oracle connection established successfully
2026-06-08 09:05:54,093 | INFO     | sql_executer | Loading SQL file: D:/OFSAA/Scenario_Debugger/outputs\20260608\ML-NetworksOfAcEn__ML-NetworksOfAcEn__AIIN\extracted_queries\ML_NetworksOfAcEn__ML_NetworksOfAcEn__AIIN_dataset_query_20260608_090527.sql
2026-06-08 09:05:54,099 | INFO     | sql_executer | SQL loaded successfully (5833 chars)
2026-06-08 09:05:54,100 | INFO     | sql_executer | Executing dataset query...
2026-06-08 09:05:56,065 | INFO     | pipeline | Step completed: sql_executer
2026-06-08 09:05:56,078 | INFO     | pipeline | Step starting: cte_parser
2026-06-08 09:05:56,335 | INFO     | pipeline | Step completed: cte_parser
2026-06-08 09:05:56,335 | INFO     | pipeline | Step starting: cte_executer
2026-06-08 09:05:56,367 | INFO     | db_connect | Connecting to Oracle (attempt 1/3)...
2026-06-08 09:05:56,658 | INFO     | db_connect | Oracle connection established successfully
2026-06-08 09:05:56,660 | INFO     | cte_executer_mod | Creating view: Prmry_Node
2026-06-08 09:05:56,900 | INFO     | pipeline | Step completed: cte_executer
2026-06-08 09:05:56,908 | INFO     | pipeline | Step starting: sql_diagnostics
2026-06-08 09:05:58,464 | INFO     | pipeline | Oracle connection closed after diagnostics
2026-06-08 09:05:58,477 | INFO     | pipeline | Step completed: sql_diagnostics
2026-06-08 09:05:58,506 | INFO     | pipeline | Pipeline completed — job_id=a2acea1f-51f6-4ba0-b3b5-bc5047c303eb
2026-06-08 09:05:58,508 | INFO     | main | Batch: completed job a2acea1f-51f6-4ba0-b3b5-bc5047c303eb — proceeding to next
2026-06-08 09:46:44,395 | INFO     | jobs | Job created: 6d25d3cd-4cd2-4aaf-ba02-4da9a6cba6d4 for user_id=1 file=7d0c5a6518224b9bb28659f55b9d4aac_HRE_AIIN_Without_Alerts.log
2026-06-08 09:46:44,454 | INFO     | pipeline | Pipeline started — job_id=6d25d3cd-4cd2-4aaf-ba02-4da9a6cba6d4 user=admin
2026-06-08 09:46:44,501 | INFO     | pipeline | Step starting: log_reader
2026-06-08 09:46:44,737 | INFO     | pipeline | Step completed: log_reader
2026-06-08 09:46:44,737 | INFO     | pipeline | Step starting: set_batch_date
2026-06-08 09:46:44,834 | INFO     | paramiko.transport | Connected (version 2.0, client OpenSSH_8.0)
2026-06-08 09:46:45,127 | INFO     | paramiko.transport | Authentication (password) successful!
2026-06-08 09:47:10,703 | INFO     | pipeline | Step completed: set_batch_date
2026-06-08 09:47:10,709 | INFO     | pipeline | Step starting: sql_executer
2026-06-08 09:47:10,735 | INFO     | db_connect | Connecting to Oracle (attempt 1/3)...
2026-06-08 09:47:11,080 | INFO     | db_connect | Oracle connection established successfully
2026-06-08 09:47:11,162 | INFO     | sql_executer | Loading SQL file: D:/OFSAA/Scenario_Debugger/outputs\20260608\ML-HRTransFocalHRE__ML-HRTransFocalHRE__AIIN\extracted_queries\ML_HRTransFocalHRE__ML_HRTransFocalHRE__AIIN_dataset_query_20260608_094644.sql
2026-06-08 09:47:11,165 | INFO     | sql_executer | SQL loaded successfully (32180 chars)
2026-06-08 09:47:11,166 | INFO     | sql_executer | Executing dataset query...
2026-06-08 09:47:12,432 | INFO     | pipeline | Step completed: sql_executer
2026-06-08 09:47:12,433 | INFO     | pipeline | Step starting: cte_parser
2026-06-08 09:47:12,712 | INFO     | pipeline | Step completed: cte_parser
2026-06-08 09:47:12,713 | INFO     | pipeline | Step starting: cte_executer
2026-06-08 09:47:12,752 | INFO     | db_connect | Connecting to Oracle (attempt 1/3)...
2026-06-08 09:47:13,027 | INFO     | db_connect | Oracle connection established successfully
2026-06-08 09:47:13,029 | INFO     | cte_executer_mod | Creating view: Prmry_Node
2026-06-08 09:47:13,427 | INFO     | pipeline | Step completed: cte_executer
2026-06-08 09:47:13,430 | INFO     | pipeline | Step starting: sql_diagnostics
2026-06-08 09:47:14,466 | INFO     | pipeline | Oracle connection closed after diagnostics
2026-06-08 09:47:14,491 | INFO     | pipeline | Step completed: sql_diagnostics
2026-06-08 09:47:14,536 | INFO     | pipeline | Pipeline completed — job_id=6d25d3cd-4cd2-4aaf-ba02-4da9a6cba6d4
2026-06-08 09:49:17,032 | INFO     | jobs | Job created: c5c89fa7-bf7e-411b-840a-eef47bcb5a94 for user_id=1 file=28c44f1d1658423aac3ab0a6e7ee5274_EARLY_PO_Without_Alerts.log
2026-06-08 09:49:17,050 | INFO     | pipeline | Pipeline started — job_id=c5c89fa7-bf7e-411b-840a-eef47bcb5a94 user=admin
2026-06-08 09:49:17,074 | INFO     | pipeline | Step starting: log_reader
2026-06-08 09:49:17,332 | INFO     | pipeline | Step completed: log_reader
2026-06-08 09:49:17,333 | INFO     | pipeline | Step starting: set_batch_date
2026-06-08 09:49:17,421 | INFO     | paramiko.transport | Connected (version 2.0, client OpenSSH_8.0)
2026-06-08 09:49:17,631 | INFO     | paramiko.transport | Authentication (password) successful!
2026-06-08 09:49:41,691 | INFO     | pipeline | Step completed: set_batch_date
2026-06-08 09:49:41,730 | INFO     | pipeline | Step starting: sql_executer
2026-06-08 09:49:41,745 | INFO     | db_connect | Connecting to Oracle (attempt 1/3)...
2026-06-08 09:49:42,118 | INFO     | db_connect | Oracle connection established successfully
2026-06-08 09:49:42,203 | INFO     | sql_executer | Loading SQL file: D:/OFSAA/Scenario_Debugger/outputs\20260608\ML-EarlyPOCreditProducts__ML-EarlyPOCreditProducts__AIIN\extracted_queries\ML_EarlyPOCreditProducts__ML_EarlyPOCreditProducts__AIIN_dataset_query_20260608_094917.sql
2026-06-08 09:49:42,207 | INFO     | sql_executer | SQL loaded successfully (7969 chars)
2026-06-08 09:49:42,210 | INFO     | sql_executer | Executing dataset query...
2026-06-08 09:49:42,352 | INFO     | pipeline | Step completed: sql_executer
2026-06-08 09:49:42,353 | INFO     | pipeline | Step starting: cte_parser
2026-06-08 09:49:42,571 | INFO     | pipeline | Step completed: cte_parser
2026-06-08 09:49:42,571 | INFO     | pipeline | Step starting: cte_executer
2026-06-08 09:49:42,598 | INFO     | db_connect | Connecting to Oracle (attempt 1/3)...
2026-06-08 09:49:42,931 | INFO     | db_connect | Oracle connection established successfully
2026-06-08 09:49:42,932 | INFO     | cte_executer_mod | Creating view: Prmry_Node
2026-06-08 09:49:43,300 | INFO     | pipeline | Step completed: cte_executer
2026-06-08 09:49:43,311 | INFO     | pipeline | Step starting: sql_diagnostics
2026-06-08 09:49:44,207 | INFO     | pipeline | Oracle connection closed after diagnostics
2026-06-08 09:49:44,224 | INFO     | pipeline | Step completed: sql_diagnostics
2026-06-08 09:49:44,248 | INFO     | pipeline | Pipeline completed — job_id=c5c89fa7-bf7e-411b-840a-eef47bcb5a94
2026-06-08 10:15:07,207 | INFO     | main | File uploaded: EARLY_PO_Without_Alerts.log by admin (39698 bytes)
2026-06-08 10:15:07,372 | INFO     | main | File uploaded: HRE_AIIN_Without_Alerts.log by admin (107154 bytes)
2026-06-08 10:15:07,541 | INFO     | main | File uploaded: HRE_AIOR_Without_Alerts.log by admin (107154 bytes)
2026-06-08 10:15:07,789 | INFO     | main | File uploaded: LRT_AIIN_With_Alerts.log by admin (484463 bytes)
2026-06-08 10:15:07,998 | INFO     | main | File uploaded: NTW_AIIN_Without_Alerts.log by admin (52407 bytes)
2026-06-08 10:15:09,158 | INFO     | jobs | Job created: 3cdd0d86-8cf0-46a5-9a64-1ed07fc729d8 for user_id=1 file=47cb9ea6efef47a7ba29d9f3634bec8e_EARLY_PO_Without_Alerts.log
2026-06-08 10:15:09,183 | INFO     | jobs | Job created: 2253c019-685c-458c-95d2-207e00a554d0 for user_id=1 file=554c31f64abd44a2b1821a5715d9637a_HRE_AIIN_Without_Alerts.log
2026-06-08 10:15:09,217 | INFO     | jobs | Job created: 9d94f643-7231-483b-a70e-898e9917b4e4 for user_id=1 file=1f06ab7ccb314ea586060833dd170910_HRE_AIOR_Without_Alerts.log
2026-06-08 10:15:09,250 | INFO     | jobs | Job created: a2406071-6fcf-49a2-b908-dda6eba5b203 for user_id=1 file=6541e5d687f745648ce224aaad9051e3_LRT_AIIN_With_Alerts.log
2026-06-08 10:15:09,279 | INFO     | jobs | Job created: b92c9a92-5c50-45bb-ae30-ea41ad866182 for user_id=1 file=60b0f9cd46864d86bed655e0b3a2b3c1_NTW_AIIN_Without_Alerts.log
2026-06-08 10:15:09,302 | INFO     | main | Batch: starting job 3cdd0d86-8cf0-46a5-9a64-1ed07fc729d8 (47cb9ea6efef47a7ba29d9f3634bec8e_EARLY_PO_Without_Alerts.log)
2026-06-08 10:15:09,305 | INFO     | pipeline | Pipeline started — job_id=3cdd0d86-8cf0-46a5-9a64-1ed07fc729d8 user=admin
2026-06-08 10:15:09,336 | INFO     | pipeline | Step starting: log_reader
2026-06-08 10:15:10,044 | INFO     | pipeline | Step completed: log_reader
2026-06-08 10:15:10,044 | INFO     | pipeline | Step starting: set_batch_date
2026-06-08 10:15:10,149 | INFO     | paramiko.transport | Connected (version 2.0, client OpenSSH_8.0)
2026-06-08 10:15:10,359 | INFO     | paramiko.transport | Authentication (password) successful!
2026-06-08 10:15:35,881 | INFO     | pipeline | Step completed: set_batch_date
2026-06-08 10:15:35,894 | INFO     | pipeline | Step starting: sql_executer
2026-06-08 10:15:35,928 | INFO     | db_connect | Connecting to Oracle (attempt 1/3)...
2026-06-08 10:15:36,183 | INFO     | db_connect | Oracle connection established successfully
2026-06-08 10:15:36,269 | INFO     | sql_executer | Loading SQL file: D:/OFSAA/Scenario_Debugger/outputs\20260608\ML-EarlyPOCreditProducts__ML-EarlyPOCreditProducts__AIIN\extracted_queries\ML_EarlyPOCreditProducts__ML_EarlyPOCreditProducts__AIIN_dataset_query_20260608_101509.sql
2026-06-08 10:15:36,272 | INFO     | sql_executer | SQL loaded successfully (7969 chars)
2026-06-08 10:15:36,273 | INFO     | sql_executer | Executing dataset query...
2026-06-08 10:15:36,358 | INFO     | pipeline | Step completed: sql_executer
2026-06-08 10:15:36,359 | INFO     | pipeline | Step starting: cte_parser
2026-06-08 10:15:36,622 | INFO     | pipeline | Step completed: cte_parser
2026-06-08 10:15:36,623 | INFO     | pipeline | Step starting: cte_executer
2026-06-08 10:15:36,659 | INFO     | db_connect | Connecting to Oracle (attempt 1/3)...
2026-06-08 10:15:36,928 | INFO     | db_connect | Oracle connection established successfully
2026-06-08 10:15:36,929 | INFO     | cte_executer_mod | Creating view: Prmry_Node
2026-06-08 10:15:37,285 | INFO     | pipeline | Step completed: cte_executer
2026-06-08 10:15:37,291 | INFO     | pipeline | Step starting: sql_diagnostics
2026-06-08 10:15:38,738 | INFO     | pipeline | Oracle connection closed after diagnostics
2026-06-08 10:15:38,774 | INFO     | pipeline | Step completed: sql_diagnostics
2026-06-08 10:15:38,853 | INFO     | pipeline | Pipeline completed — job_id=3cdd0d86-8cf0-46a5-9a64-1ed07fc729d8
2026-06-08 10:15:38,898 | INFO     | main | Batch: completed job 3cdd0d86-8cf0-46a5-9a64-1ed07fc729d8 — proceeding to next
2026-06-08 10:15:38,901 | INFO     | main | Batch: starting job 2253c019-685c-458c-95d2-207e00a554d0 (554c31f64abd44a2b1821a5715d9637a_HRE_AIIN_Without_Alerts.log)
2026-06-08 10:15:38,903 | INFO     | pipeline | Pipeline started — job_id=2253c019-685c-458c-95d2-207e00a554d0 user=admin
2026-06-08 10:15:38,929 | INFO     | pipeline | Step starting: log_reader
2026-06-08 10:15:39,281 | INFO     | pipeline | Step completed: log_reader
2026-06-08 10:15:39,282 | INFO     | pipeline | Step starting: set_batch_date
2026-06-08 10:15:39,399 | INFO     | paramiko.transport | Connected (version 2.0, client OpenSSH_8.0)
2026-06-08 10:15:39,632 | INFO     | paramiko.transport | Authentication (password) successful!
2026-06-08 10:16:05,373 | INFO     | pipeline | Step completed: set_batch_date
2026-06-08 10:16:05,395 | INFO     | pipeline | Step starting: sql_executer
2026-06-08 10:16:05,437 | INFO     | db_connect | Connecting to Oracle (attempt 1/3)...
2026-06-08 10:16:05,671 | INFO     | db_connect | Oracle connection established successfully
2026-06-08 10:16:05,744 | INFO     | sql_executer | Loading SQL file: D:/OFSAA/Scenario_Debugger/outputs\20260608\ML-HRTransFocalHRE__ML-HRTransFocalHRE__AIIN\extracted_queries\ML_HRTransFocalHRE__ML_HRTransFocalHRE__AIIN_dataset_query_20260608_101539.sql
2026-06-08 10:16:05,750 | INFO     | sql_executer | SQL loaded successfully (32180 chars)
2026-06-08 10:16:05,754 | INFO     | sql_executer | Executing dataset query...
2026-06-08 10:16:06,203 | INFO     | pipeline | Step completed: sql_executer
2026-06-08 10:16:06,204 | INFO     | pipeline | Step starting: cte_parser
2026-06-08 10:16:06,435 | INFO     | pipeline | Step completed: cte_parser
2026-06-08 10:16:06,435 | INFO     | pipeline | Step starting: cte_executer
2026-06-08 10:16:06,475 | INFO     | db_connect | Connecting to Oracle (attempt 1/3)...
2026-06-08 10:16:06,728 | INFO     | db_connect | Oracle connection established successfully
2026-06-08 10:16:06,731 | INFO     | cte_executer_mod | Creating view: Prmry_Node
2026-06-08 10:16:07,087 | INFO     | pipeline | Step completed: cte_executer
2026-06-08 10:16:07,090 | INFO     | pipeline | Step starting: sql_diagnostics
2026-06-08 10:16:08,842 | INFO     | pipeline | Oracle connection closed after diagnostics
2026-06-08 10:16:08,883 | INFO     | pipeline | Step completed: sql_diagnostics
2026-06-08 10:16:08,929 | INFO     | pipeline | Pipeline completed — job_id=2253c019-685c-458c-95d2-207e00a554d0
2026-06-08 10:16:08,932 | INFO     | main | Batch: completed job 2253c019-685c-458c-95d2-207e00a554d0 — proceeding to next
2026-06-08 10:16:08,934 | INFO     | main | Batch: starting job 9d94f643-7231-483b-a70e-898e9917b4e4 (1f06ab7ccb314ea586060833dd170910_HRE_AIOR_Without_Alerts.log)
2026-06-08 10:16:08,935 | INFO     | pipeline | Pipeline started — job_id=9d94f643-7231-483b-a70e-898e9917b4e4 user=admin
2026-06-08 10:16:08,961 | INFO     | pipeline | Step starting: log_reader
2026-06-08 10:16:09,122 | INFO     | pipeline | Step completed: log_reader
2026-06-08 10:16:09,123 | INFO     | pipeline | Step starting: set_batch_date
2026-06-08 10:16:09,218 | INFO     | paramiko.transport | Connected (version 2.0, client OpenSSH_8.0)
2026-06-08 10:16:09,482 | INFO     | paramiko.transport | Authentication (password) successful!
2026-06-08 10:16:33,635 | INFO     | pipeline | Step completed: set_batch_date
2026-06-08 10:16:33,639 | INFO     | pipeline | Step starting: sql_executer
2026-06-08 10:16:33,663 | INFO     | db_connect | Connecting to Oracle (attempt 1/3)...
2026-06-08 10:16:33,916 | INFO     | db_connect | Oracle connection established successfully
2026-06-08 10:16:33,999 | INFO     | sql_executer | Loading SQL file: D:/OFSAA/Scenario_Debugger/outputs\20260608\ML-HRTransFocalHRE__ML-HRTransFocalHRE__AIOR\extracted_queries\ML_HRTransFocalHRE__ML_HRTransFocalHRE__AIOR_dataset_query_20260608_101609.sql
2026-06-08 10:16:34,006 | INFO     | sql_executer | SQL loaded successfully (32180 chars)
2026-06-08 10:16:34,007 | INFO     | sql_executer | Executing dataset query...
2026-06-08 10:16:35,283 | INFO     | pipeline | Step completed: sql_executer
2026-06-08 10:16:35,283 | INFO     | pipeline | Step starting: cte_parser
2026-06-08 10:16:36,085 | INFO     | pipeline | Step completed: cte_parser
2026-06-08 10:16:36,086 | INFO     | pipeline | Step starting: cte_executer
2026-06-08 10:16:36,120 | INFO     | db_connect | Connecting to Oracle (attempt 1/3)...
2026-06-08 10:16:36,372 | INFO     | db_connect | Oracle connection established successfully
2026-06-08 10:16:36,373 | INFO     | cte_executer_mod | Creating view: Prmry_Node
2026-06-08 10:16:36,667 | INFO     | pipeline | Step completed: cte_executer
2026-06-08 10:16:36,670 | INFO     | pipeline | Step starting: sql_diagnostics
2026-06-08 10:16:37,608 | INFO     | pipeline | Oracle connection closed after diagnostics
2026-06-08 10:16:37,629 | INFO     | pipeline | Step completed: sql_diagnostics
2026-06-08 10:16:37,664 | INFO     | pipeline | Pipeline completed — job_id=9d94f643-7231-483b-a70e-898e9917b4e4
2026-06-08 10:16:37,666 | INFO     | main | Batch: completed job 9d94f643-7231-483b-a70e-898e9917b4e4 — proceeding to next
2026-06-08 10:16:37,667 | INFO     | main | Batch: starting job a2406071-6fcf-49a2-b908-dda6eba5b203 (6541e5d687f745648ce224aaad9051e3_LRT_AIIN_With_Alerts.log)
2026-06-08 10:16:37,668 | INFO     | pipeline | Pipeline started — job_id=a2406071-6fcf-49a2-b908-dda6eba5b203 user=admin
2026-06-08 10:16:37,699 | INFO     | pipeline | Step starting: log_reader
2026-06-08 10:16:37,904 | INFO     | pipeline | Step completed: log_reader
2026-06-08 10:16:37,905 | INFO     | pipeline | Step starting: set_batch_date
2026-06-08 10:16:37,998 | INFO     | paramiko.transport | Connected (version 2.0, client OpenSSH_8.0)
2026-06-08 10:16:38,209 | INFO     | paramiko.transport | Authentication (password) successful!
2026-06-08 10:17:02,418 | INFO     | pipeline | Step completed: set_batch_date
2026-06-08 10:17:02,419 | INFO     | pipeline | Step starting: sql_executer
2026-06-08 10:17:02,449 | INFO     | db_connect | Connecting to Oracle (attempt 1/3)...
2026-06-08 10:17:02,719 | INFO     | db_connect | Oracle connection established successfully
2026-06-08 10:17:02,798 | INFO     | sql_executer | Loading SQL file: D:/OFSAA/Scenario_Debugger/outputs\20260608\ML-LargeReportableTrans_LRT_AIIN\extracted_queries\ML_LargeReportableTrans_LRT_AIIN_dataset_query_20260608_101637.sql
2026-06-08 10:17:02,804 | INFO     | sql_executer | SQL loaded successfully (22527 chars)
2026-06-08 10:17:02,805 | INFO     | sql_executer | Executing dataset query...
2026-06-08 10:17:03,563 | INFO     | pipeline | Step completed: sql_executer
2026-06-08 10:17:03,592 | INFO     | main | Batch: completed job a2406071-6fcf-49a2-b908-dda6eba5b203 — proceeding to next
2026-06-08 10:17:03,593 | INFO     | main | Batch: starting job b92c9a92-5c50-45bb-ae30-ea41ad866182 (60b0f9cd46864d86bed655e0b3a2b3c1_NTW_AIIN_Without_Alerts.log)
2026-06-08 10:17:03,595 | INFO     | pipeline | Pipeline started — job_id=b92c9a92-5c50-45bb-ae30-ea41ad866182 user=admin
2026-06-08 10:17:03,622 | INFO     | pipeline | Step starting: log_reader
2026-06-08 10:17:03,762 | INFO     | pipeline | Step completed: log_reader
2026-06-08 10:17:03,764 | INFO     | pipeline | Step starting: set_batch_date
2026-06-08 10:17:03,855 | INFO     | paramiko.transport | Connected (version 2.0, client OpenSSH_8.0)
2026-06-08 10:17:04,080 | INFO     | paramiko.transport | Authentication (password) successful!
2026-06-08 10:17:28,421 | INFO     | pipeline | Step completed: set_batch_date
2026-06-08 10:17:28,435 | INFO     | pipeline | Step starting: sql_executer
2026-06-08 10:17:28,458 | INFO     | db_connect | Connecting to Oracle (attempt 1/3)...
2026-06-08 10:17:28,681 | INFO     | db_connect | Oracle connection established successfully
2026-06-08 10:17:28,766 | INFO     | sql_executer | Loading SQL file: D:/OFSAA/Scenario_Debugger/outputs\20260608\ML-NetworksOfAcEn__ML-NetworksOfAcEn__AIIN\extracted_queries\ML_NetworksOfAcEn__ML_NetworksOfAcEn__AIIN_dataset_query_20260608_101703.sql
2026-06-08 10:17:28,770 | INFO     | sql_executer | SQL loaded successfully (5833 chars)
2026-06-08 10:17:28,781 | INFO     | sql_executer | Executing dataset query...
2026-06-08 10:17:29,863 | INFO     | pipeline | Step completed: sql_executer
2026-06-08 10:17:29,866 | INFO     | pipeline | Step starting: cte_parser
2026-06-08 10:17:30,114 | INFO     | pipeline | Step completed: cte_parser
2026-06-08 10:17:30,115 | INFO     | pipeline | Step starting: cte_executer
2026-06-08 10:17:30,148 | INFO     | db_connect | Connecting to Oracle (attempt 1/3)...
2026-06-08 10:17:30,396 | INFO     | db_connect | Oracle connection established successfully
2026-06-08 10:17:30,398 | INFO     | cte_executer_mod | Creating view: Prmry_Node
2026-06-08 10:17:30,742 | INFO     | pipeline | Step completed: cte_executer
2026-06-08 10:17:30,745 | INFO     | pipeline | Step starting: sql_diagnostics
2026-06-08 10:17:31,645 | INFO     | pipeline | Oracle connection closed after diagnostics
2026-06-08 10:17:31,669 | INFO     | pipeline | Step completed: sql_diagnostics
2026-06-08 10:17:31,715 | INFO     | pipeline | Pipeline completed — job_id=b92c9a92-5c50-45bb-ae30-ea41ad866182
2026-06-08 10:17:31,715 | INFO     | main | Batch: completed job b92c9a92-5c50-45bb-ae30-ea41ad866182 — proceeding to next
2026-06-08 10:17:56,986 | INFO     | jobs | Job created: 9ebc75bd-63e2-4a56-a907-791495608755 for user_id=1 file=47cb9ea6efef47a7ba29d9f3634bec8e_EARLY_PO_Without_Alerts.log
2026-06-08 10:17:57,009 | INFO     | pipeline | Pipeline started — job_id=9ebc75bd-63e2-4a56-a907-791495608755 user=admin
2026-06-08 10:17:57,045 | INFO     | pipeline | Step starting: log_reader
2026-06-08 10:17:57,240 | INFO     | pipeline | Step completed: log_reader
2026-06-08 10:17:57,240 | INFO     | pipeline | Step starting: set_batch_date
2026-06-08 10:17:57,340 | INFO     | paramiko.transport | Connected (version 2.0, client OpenSSH_8.0)
2026-06-08 10:17:57,720 | INFO     | paramiko.transport | Authentication (password) successful!
2026-06-08 10:18:21,665 | INFO     | pipeline | Step completed: set_batch_date
2026-06-08 10:18:21,688 | INFO     | pipeline | Step starting: sql_executer
2026-06-08 10:18:21,712 | INFO     | db_connect | Connecting to Oracle (attempt 1/3)...
2026-06-08 10:18:21,924 | INFO     | db_connect | Oracle connection established successfully
2026-06-08 10:18:22,006 | INFO     | sql_executer | Loading SQL file: D:/OFSAA/Scenario_Debugger/outputs\20260608\ML-EarlyPOCreditProducts__ML-EarlyPOCreditProducts__AIIN\extracted_queries\ML_EarlyPOCreditProducts__ML_EarlyPOCreditProducts__AIIN_dataset_query_20260608_101757.sql
2026-06-08 10:18:22,012 | INFO     | sql_executer | SQL loaded successfully (7969 chars)
2026-06-08 10:18:22,019 | INFO     | sql_executer | Executing dataset query...
2026-06-08 10:18:22,136 | INFO     | pipeline | Step completed: sql_executer
2026-06-08 10:18:22,137 | INFO     | pipeline | Step starting: cte_parser
2026-06-08 10:18:22,367 | INFO     | pipeline | Step completed: cte_parser
2026-06-08 10:18:22,368 | INFO     | pipeline | Step starting: cte_executer
2026-06-08 10:18:22,403 | INFO     | db_connect | Connecting to Oracle (attempt 1/3)...
2026-06-08 10:18:22,653 | INFO     | db_connect | Oracle connection established successfully
2026-06-08 10:18:22,654 | INFO     | cte_executer_mod | Creating view: Prmry_Node
2026-06-08 10:18:22,974 | INFO     | pipeline | Step completed: cte_executer
2026-06-08 10:18:22,975 | INFO     | pipeline | Step starting: sql_diagnostics
2026-06-08 10:18:23,948 | INFO     | pipeline | Oracle connection closed after diagnostics
2026-06-08 10:18:23,973 | INFO     | pipeline | Step completed: sql_diagnostics
2026-06-08 10:18:24,019 | INFO     | pipeline | Pipeline completed — job_id=9ebc75bd-63e2-4a56-a907-791495608755
2026-06-08 11:57:11,299 | INFO     | jobs | Job created: d61a47c3-817b-4906-8b11-397856ee6906 for user_id=1 file=47cb9ea6efef47a7ba29d9f3634bec8e_EARLY_PO_Without_Alerts.log
2026-06-08 11:57:11,378 | INFO     | pipeline | Pipeline started — job_id=d61a47c3-817b-4906-8b11-397856ee6906 user=admin
2026-06-08 11:57:11,442 | INFO     | pipeline | Step starting: log_reader
2026-06-08 11:57:11,701 | INFO     | pipeline | Step completed: log_reader
2026-06-08 11:57:11,703 | INFO     | pipeline | Step starting: set_batch_date
2026-06-08 11:57:11,802 | INFO     | paramiko.transport | Connected (version 2.0, client OpenSSH_8.0)
2026-06-08 11:57:12,064 | INFO     | paramiko.transport | Authentication (password) successful!
2026-06-08 11:57:37,717 | INFO     | pipeline | Step completed: set_batch_date
2026-06-08 11:57:37,718 | INFO     | pipeline | Step starting: sql_executer
2026-06-08 11:57:37,743 | INFO     | db_connect | Connecting to Oracle (attempt 1/3)...
2026-06-08 11:57:38,132 | INFO     | db_connect | Oracle connection established successfully
2026-06-08 11:57:38,215 | INFO     | sql_executer | Loading SQL file: D:/OFSAA/Scenario_Debugger/outputs\20260608\ML-EarlyPOCreditProducts__ML-EarlyPOCreditProducts__AIIN\extracted_queries\ML_EarlyPOCreditProducts__ML_EarlyPOCreditProducts__AIIN_dataset_query_20260608_115711.sql
2026-06-08 11:57:38,222 | INFO     | sql_executer | SQL loaded successfully (7969 chars)
2026-06-08 11:57:38,227 | INFO     | sql_executer | Executing dataset query...
2026-06-08 11:57:38,591 | INFO     | pipeline | Step completed: sql_executer
2026-06-08 11:57:38,593 | INFO     | pipeline | Step starting: cte_parser
2026-06-08 11:57:38,883 | INFO     | pipeline | Step completed: cte_parser
2026-06-08 11:57:38,883 | INFO     | pipeline | Step starting: cte_executer
2026-06-08 11:57:38,926 | INFO     | db_connect | Connecting to Oracle (attempt 1/3)...
2026-06-08 11:57:39,161 | INFO     | db_connect | Oracle connection established successfully
2026-06-08 11:57:39,163 | INFO     | cte_executer_mod | Creating view: Prmry_Node
2026-06-08 11:57:39,453 | INFO     | pipeline | Step completed: cte_executer
2026-06-08 11:57:39,457 | INFO     | pipeline | Step starting: sql_diagnostics
2026-06-08 11:57:40,707 | INFO     | pipeline | Oracle connection closed after diagnostics
2026-06-08 11:57:40,730 | INFO     | pipeline | Step completed: sql_diagnostics
2026-06-08 11:57:40,774 | INFO     | pipeline | Pipeline completed — job_id=d61a47c3-817b-4906-8b11-397856ee6906
2026-06-08 11:58:12,515 | INFO     | main | File uploaded: EARLY_PO_Without_Alerts.log by admin (39698 bytes)
2026-06-08 11:58:13,668 | INFO     | jobs | Job created: 05e4cd80-6801-4176-9191-89c9a2fe8764 for user_id=1 file=362d6feaf2524e2e82d5d72596d50ffb_EARLY_PO_Without_Alerts.log
2026-06-08 11:58:13,682 | INFO     | main | Job started: 05e4cd80-6801-4176-9191-89c9a2fe8764 by admin for file 362d6feaf2524e2e82d5d72596d50ffb_EARLY_PO_Without_Alerts.log
2026-06-08 11:58:13,691 | INFO     | pipeline | Pipeline started — job_id=05e4cd80-6801-4176-9191-89c9a2fe8764 user=admin
2026-06-08 11:58:13,711 | INFO     | pipeline | Step starting: log_reader
2026-06-08 11:58:13,929 | INFO     | pipeline | Step completed: log_reader
2026-06-08 11:58:13,929 | INFO     | pipeline | Step starting: set_batch_date
2026-06-08 11:58:14,024 | INFO     | paramiko.transport | Connected (version 2.0, client OpenSSH_8.0)
2026-06-08 11:58:14,192 | INFO     | paramiko.transport | Authentication (password) successful!
2026-06-08 11:58:38,209 | INFO     | pipeline | Step completed: set_batch_date
2026-06-08 11:58:38,209 | INFO     | pipeline | Step starting: sql_executer
2026-06-08 11:58:38,221 | INFO     | db_connect | Connecting to Oracle (attempt 1/3)...
2026-06-08 11:58:38,492 | INFO     | db_connect | Oracle connection established successfully
2026-06-08 11:58:38,512 | INFO     | sql_executer | Loading SQL file: D:/OFSAA/Scenario_Debugger/outputs\20260608\ML-EarlyPOCreditProducts__ML-EarlyPOCreditProducts__AIIN\extracted_queries\ML_EarlyPOCreditProducts__ML_EarlyPOCreditProducts__AIIN_dataset_query_20260608_115813.sql
2026-06-08 11:58:38,515 | INFO     | sql_executer | SQL loaded successfully (7969 chars)
2026-06-08 11:58:38,516 | INFO     | sql_executer | Executing dataset query...
2026-06-08 11:58:38,601 | INFO     | pipeline | Step completed: sql_executer
2026-06-08 11:58:38,602 | INFO     | pipeline | Step starting: cte_parser
2026-06-08 11:58:38,788 | INFO     | pipeline | Step completed: cte_parser
2026-06-08 11:58:38,789 | INFO     | pipeline | Step starting: cte_executer
2026-06-08 11:58:38,807 | INFO     | db_connect | Connecting to Oracle (attempt 1/3)...
2026-06-08 11:58:39,055 | INFO     | db_connect | Oracle connection established successfully
2026-06-08 11:58:39,056 | INFO     | cte_executer_mod | Creating view: Prmry_Node
2026-06-08 11:58:39,314 | INFO     | pipeline | Step completed: cte_executer
2026-06-08 11:58:39,315 | INFO     | pipeline | Step starting: sql_diagnostics
2026-06-08 11:58:40,127 | INFO     | pipeline | Oracle connection closed after diagnostics
2026-06-08 11:58:40,150 | INFO     | pipeline | Step completed: sql_diagnostics
2026-06-08 11:58:40,181 | INFO     | pipeline | Pipeline completed — job_id=05e4cd80-6801-4176-9191-89c9a2fe8764
2026-06-08 12:05:55,492 | INFO     | jobs | Job created: cc1da707-a8ee-458e-bc58-60a03d626c95 for user_id=1 file=362d6feaf2524e2e82d5d72596d50ffb_EARLY_PO_Without_Alerts.log
2026-06-08 12:05:55,509 | INFO     | pipeline | Pipeline started — job_id=cc1da707-a8ee-458e-bc58-60a03d626c95 user=admin
2026-06-08 12:05:55,539 | INFO     | pipeline | Step starting: log_reader
2026-06-08 12:05:55,741 | INFO     | pipeline | Step completed: log_reader
2026-06-08 12:05:55,742 | INFO     | pipeline | Step starting: set_batch_date
2026-06-08 12:05:55,870 | INFO     | paramiko.transport | Connected (version 2.0, client OpenSSH_8.0)
2026-06-08 12:05:56,049 | INFO     | paramiko.transport | Authentication (password) successful!
2026-06-08 12:06:22,555 | INFO     | pipeline | Step completed: set_batch_date
2026-06-08 12:06:22,560 | INFO     | pipeline | Step starting: sql_executer
2026-06-08 12:06:22,589 | INFO     | db_connect | Connecting to Oracle (attempt 1/3)...
2026-06-08 12:06:22,828 | INFO     | db_connect | Oracle connection established successfully
2026-06-08 12:06:22,910 | INFO     | sql_executer | Loading SQL file: D:/OFSAA/Scenario_Debugger/outputs\20260608\ML-EarlyPOCreditProducts__ML-EarlyPOCreditProducts__AIIN\extracted_queries\ML_EarlyPOCreditProducts__ML_EarlyPOCreditProducts__AIIN_dataset_query_20260608_120555.sql
2026-06-08 12:06:22,918 | INFO     | sql_executer | SQL loaded successfully (7969 chars)
2026-06-08 12:06:22,919 | INFO     | sql_executer | Executing dataset query...
2026-06-08 12:06:23,253 | INFO     | pipeline | Step completed: sql_executer
2026-06-08 12:06:23,253 | INFO     | pipeline | Step starting: cte_parser
2026-06-08 12:06:23,489 | INFO     | pipeline | Step completed: cte_parser
2026-06-08 12:06:23,490 | INFO     | pipeline | Step starting: cte_executer
2026-06-08 12:06:23,526 | INFO     | db_connect | Connecting to Oracle (attempt 1/3)...
2026-06-08 12:06:23,771 | INFO     | db_connect | Oracle connection established successfully
2026-06-08 12:06:23,773 | INFO     | cte_executer_mod | Creating view: Prmry_Node
2026-06-08 12:06:24,168 | INFO     | pipeline | Step completed: cte_executer
2026-06-08 12:06:24,171 | INFO     | pipeline | Step starting: sql_diagnostics
2026-06-08 12:06:25,305 | INFO     | pipeline | Oracle connection closed after diagnostics
2026-06-08 12:06:25,320 | INFO     | pipeline | Step completed: sql_diagnostics
2026-06-08 12:06:25,344 | INFO     | pipeline | Pipeline completed — job_id=cc1da707-a8ee-458e-bc58-60a03d626c95
2026-06-08 12:29:53,415 | INFO     | jobs | Job created: 49ec6d44-3fd6-4cd0-9374-6458d3af2c94 for user_id=1 file=362d6feaf2524e2e82d5d72596d50ffb_EARLY_PO_Without_Alerts.log
2026-06-08 12:29:53,445 | INFO     | pipeline | Pipeline started — job_id=49ec6d44-3fd6-4cd0-9374-6458d3af2c94 user=admin
2026-06-08 12:29:53,478 | INFO     | pipeline | Step starting: log_reader
2026-06-08 12:29:53,720 | INFO     | pipeline | Step completed: log_reader
2026-06-08 12:29:53,721 | INFO     | pipeline | Step starting: set_batch_date
2026-06-08 12:29:53,840 | INFO     | paramiko.transport | Connected (version 2.0, client OpenSSH_8.0)
2026-06-08 12:29:54,060 | INFO     | paramiko.transport | Authentication (password) successful!
2026-06-08 12:30:19,956 | INFO     | pipeline | Step completed: set_batch_date
2026-06-08 12:30:19,959 | INFO     | pipeline | Step starting: sql_executer
2026-06-08 12:30:19,992 | INFO     | db_connect | Connecting to Oracle (attempt 1/3)...
2026-06-08 12:30:20,300 | INFO     | db_connect | Oracle connection established successfully
2026-06-08 12:30:20,325 | INFO     | sql_executer | Loading SQL file: D:/OFSAA/Scenario_Debugger/outputs\20260608\ML-EarlyPOCreditProducts__ML-EarlyPOCreditProducts__AIIN\extracted_queries\ML_EarlyPOCreditProducts__ML_EarlyPOCreditProducts__AIIN_dataset_query_20260608_122953.sql
2026-06-08 12:30:20,327 | INFO     | sql_executer | SQL loaded successfully (7969 chars)
2026-06-08 12:30:20,330 | INFO     | sql_executer | Executing dataset query...
2026-06-08 12:30:20,437 | INFO     | pipeline | Step completed: sql_executer
2026-06-08 12:30:20,438 | INFO     | pipeline | Step starting: cte_parser
2026-06-08 12:30:20,686 | INFO     | pipeline | Step completed: cte_parser
2026-06-08 12:30:20,688 | INFO     | pipeline | Step starting: cte_executer
2026-06-08 12:30:20,723 | INFO     | db_connect | Connecting to Oracle (attempt 1/3)...
2026-06-08 12:30:21,013 | INFO     | db_connect | Oracle connection established successfully
2026-06-08 12:30:21,017 | INFO     | cte_executer_mod | Creating view: Prmry_Node
2026-06-08 12:30:21,375 | INFO     | pipeline | Step completed: cte_executer
2026-06-08 12:30:21,377 | INFO     | pipeline | Step starting: sql_diagnostics
2026-06-08 12:30:22,533 | INFO     | pipeline | Oracle connection closed after diagnostics
2026-06-08 12:30:22,552 | INFO     | pipeline | Step completed: sql_diagnostics
2026-06-08 12:30:22,585 | INFO     | pipeline | Pipeline completed — job_id=49ec6d44-3fd6-4cd0-9374-6458d3af2c94
2026-06-08 12:30:48,429 | INFO     | config | Logging initialised — level: INFO
2026-06-08 12:30:48,430 | INFO     | config | App base path: D:\OFSAA\Scenario_Debugger
2026-06-08 12:30:48,431 | INFO     | jobs | Initialising database at: D:\OFSAA\Scenario_Debugger\db\scenario_debugger.db
2026-06-08 12:30:48,438 | INFO     | jobs | Database initialised successfully
2026-06-08 12:30:50,197 | INFO     | config | Logging initialised — level: INFO
2026-06-08 12:30:50,198 | INFO     | config | App base path: D:\OFSAA\Scenario_Debugger
2026-06-08 12:30:50,201 | INFO     | jobs | Initialising database at: D:\OFSAA\Scenario_Debugger\db\scenario_debugger.db
2026-06-08 12:30:50,205 | INFO     | jobs | Database initialised successfully
2026-06-08 12:31:15,805 | INFO     | main | File uploaded: EARLY_PO_Without_Alerts.log by admin (39698 bytes)
2026-06-08 12:31:16,922 | INFO     | jobs | Job created: e1fda115-02bb-453b-b536-a2aa134cadc0 for user_id=1 file=e4cacd2f19354fc08fb6a9ecdb41840e_EARLY_PO_Without_Alerts.log
2026-06-08 12:31:16,947 | INFO     | main | Job started: e1fda115-02bb-453b-b536-a2aa134cadc0 by admin for file e4cacd2f19354fc08fb6a9ecdb41840e_EARLY_PO_Without_Alerts.log
2026-06-08 12:31:16,956 | INFO     | pipeline | Pipeline started — job_id=e1fda115-02bb-453b-b536-a2aa134cadc0 user=admin
2026-06-08 12:31:16,991 | INFO     | pipeline | Step starting: log_reader
2026-06-08 12:31:17,321 | INFO     | pipeline | Step completed: log_reader
2026-06-08 12:31:17,322 | INFO     | pipeline | Step starting: set_batch_date
2026-06-08 12:31:17,431 | INFO     | paramiko.transport | Connected (version 2.0, client OpenSSH_8.0)
2026-06-08 12:31:17,667 | INFO     | paramiko.transport | Authentication (password) successful!
2026-06-08 12:31:41,801 | INFO     | pipeline | Step completed: set_batch_date
2026-06-08 12:31:41,802 | INFO     | pipeline | Step starting: sql_executer
2026-06-08 12:31:41,824 | INFO     | db_connect | Connecting to Oracle (attempt 1/3)...
2026-06-08 12:31:42,066 | INFO     | db_connect | Oracle connection established successfully
2026-06-08 12:31:42,149 | INFO     | sql_executer | Loading SQL file: D:/OFSAA/Scenario_Debugger/outputs\20260608\ML-EarlyPOCreditProducts__ML-EarlyPOCreditProducts__AIIN\extracted_queries\ML_EarlyPOCreditProducts__ML_EarlyPOCreditProducts__AIIN_dataset_query_20260608_123117.sql
2026-06-08 12:31:42,156 | INFO     | sql_executer | SQL loaded successfully (7969 chars)
2026-06-08 12:31:42,157 | INFO     | sql_executer | Executing dataset query...
2026-06-08 12:31:42,248 | INFO     | pipeline | Step completed: sql_executer
2026-06-08 12:31:42,249 | INFO     | pipeline | Step starting: cte_parser
2026-06-08 12:31:42,639 | INFO     | pipeline | Step completed: cte_parser
2026-06-08 12:31:42,665 | INFO     | pipeline | Step starting: cte_executer
2026-06-08 12:31:42,723 | INFO     | db_connect | Connecting to Oracle (attempt 1/3)...
2026-06-08 12:31:43,001 | INFO     | db_connect | Oracle connection established successfully
2026-06-08 12:31:43,003 | INFO     | cte_executer_mod | Creating view: Prmry_Node
2026-06-08 12:31:43,391 | INFO     | pipeline | Step completed: cte_executer
2026-06-08 12:31:43,399 | INFO     | pipeline | Step starting: sql_diagnostics
2026-06-08 12:31:44,351 | INFO     | pipeline | Oracle connection closed after diagnostics
2026-06-08 12:31:44,394 | INFO     | pipeline | Step completed: sql_diagnostics
2026-06-08 12:31:44,431 | INFO     | pipeline | Pipeline completed — job_id=e1fda115-02bb-453b-b536-a2aa134cadc0
2026-06-08 12:32:27,217 | INFO     | jobs | Job created: 0a2775cf-7db8-4a07-987c-331267379377 for user_id=1 file=e4cacd2f19354fc08fb6a9ecdb41840e_EARLY_PO_Without_Alerts.log
2026-06-08 12:32:27,251 | INFO     | pipeline | Pipeline started — job_id=0a2775cf-7db8-4a07-987c-331267379377 user=admin
2026-06-08 12:32:27,293 | INFO     | pipeline | Step starting: log_reader
2026-06-08 12:32:27,479 | INFO     | pipeline | Step completed: log_reader
2026-06-08 12:32:27,480 | INFO     | pipeline | Step starting: set_batch_date
2026-06-08 12:32:27,582 | INFO     | paramiko.transport | Connected (version 2.0, client OpenSSH_8.0)
2026-06-08 12:32:27,815 | INFO     | paramiko.transport | Authentication (password) successful!
2026-06-08 12:32:53,790 | INFO     | pipeline | Step completed: set_batch_date
2026-06-08 12:32:53,795 | INFO     | pipeline | Step starting: sql_executer
2026-06-08 12:32:53,816 | INFO     | db_connect | Connecting to Oracle (attempt 1/3)...
2026-06-08 12:32:54,055 | INFO     | db_connect | Oracle connection established successfully
2026-06-08 12:32:54,146 | INFO     | sql_executer | Loading SQL file: D:/OFSAA/Scenario_Debugger/outputs\20260608\ML-EarlyPOCreditProducts__ML-EarlyPOCreditProducts__AIIN\extracted_queries\ML_EarlyPOCreditProducts__ML_EarlyPOCreditProducts__AIIN_dataset_query_20260608_123227.sql
2026-06-08 12:32:54,162 | INFO     | sql_executer | SQL loaded successfully (7969 chars)
2026-06-08 12:32:54,177 | INFO     | sql_executer | Executing dataset query...
2026-06-08 12:32:54,306 | INFO     | pipeline | Step completed: sql_executer
2026-06-08 12:32:54,308 | INFO     | pipeline | Step starting: cte_parser
2026-06-08 12:32:54,546 | INFO     | pipeline | Step completed: cte_parser
2026-06-08 12:32:54,547 | INFO     | pipeline | Step starting: cte_executer
2026-06-08 12:32:54,583 | INFO     | db_connect | Connecting to Oracle (attempt 1/3)...
2026-06-08 12:32:54,842 | INFO     | db_connect | Oracle connection established successfully
2026-06-08 12:32:54,843 | INFO     | cte_executer_mod | Creating view: Prmry_Node
2026-06-08 12:32:55,175 | INFO     | pipeline | Step completed: cte_executer
2026-06-08 12:32:55,176 | INFO     | pipeline | Step starting: sql_diagnostics
2026-06-08 12:32:56,021 | INFO     | pipeline | Oracle connection closed after diagnostics
2026-06-08 12:32:56,047 | INFO     | pipeline | Step completed: sql_diagnostics
2026-06-08 12:32:56,106 | INFO     | pipeline | Pipeline completed — job_id=0a2775cf-7db8-4a07-987c-331267379377
2026-06-08 13:58:13,447 | INFO     | config | Logging initialised — level: INFO
2026-06-08 13:58:13,448 | INFO     | config | App base path: D:\OFSAA\Scenario_Debugger
2026-06-08 13:58:13,450 | INFO     | jobs | Initialising database at: D:\OFSAA\Scenario_Debugger\db\scenario_debugger.db
2026-06-08 13:58:13,464 | INFO     | jobs | Database initialised successfully
2026-06-08 17:16:43,068 | INFO     | config | Logging initialised — level: INFO
2026-06-08 17:16:43,070 | INFO     | config | App base path: D:\OFSAA\Scenario_Debugger
2026-06-08 17:16:43,072 | INFO     | jobs | Initialising database at: D:\OFSAA\Scenario_Debugger\db\scenario_debugger.db
2026-06-08 17:16:43,095 | INFO     | jobs | Database initialised successfully
2026-06-08 17:16:43,104 | ERROR    | fastapi | Form data requires "python-multipart" to be installed. 
You can install "python-multipart" with: 

pip install python-multipart

2026-06-08 17:16:49,704 | INFO     | config | Logging initialised — level: INFO
2026-06-08 17:16:49,704 | INFO     | config | App base path: D:\OFSAA\Scenario_Debugger
2026-06-08 17:16:49,704 | INFO     | jobs | Initialising database at: D:\OFSAA\Scenario_Debugger\db\scenario_debugger.db
2026-06-08 17:16:49,704 | INFO     | jobs | Database initialised successfully
2026-06-08 17:16:49,725 | ERROR    | fastapi | Form data requires "python-multipart" to be installed. 
You can install "python-multipart" with: 

pip install python-multipart

2026-06-08 17:27:55,385 | INFO     | config | Logging initialised — level: INFO
2026-06-08 17:27:55,388 | INFO     | config | App base path: D:\OFSAA\Scenario_Debugger
2026-06-08 17:27:55,390 | INFO     | jobs | Initialising database at: D:\OFSAA\Scenario_Debugger\db\scenario_debugger.db
2026-06-08 17:27:55,403 | INFO     | jobs | Database initialised successfully
2026-06-08 17:27:57,081 | INFO     | config | Logging initialised — level: INFO
2026-06-08 17:27:57,081 | INFO     | config | App base path: D:\OFSAA\Scenario_Debugger
2026-06-08 17:27:57,083 | INFO     | jobs | Initialising database at: D:\OFSAA\Scenario_Debugger\db\scenario_debugger.db
2026-06-08 17:27:57,112 | INFO     | jobs | Database initialised successfully
2026-06-08 17:28:00,374 | INFO     | auth | Login successful: admin from 127.0.0.1
2026-06-08 17:28:07,578 | INFO     | main | File uploaded: EARLY_PO_Without_Alerts.log by admin (39698 bytes)
2026-06-08 17:28:08,874 | INFO     | jobs | Job created: f602e157-6b97-473d-ab4c-b8f3a152e2f2 for user_id=1 file=b443cc529729477997b24b1a3de61569_EARLY_PO_Without_Alerts.log
2026-06-08 17:28:08,894 | INFO     | main | Job started: f602e157-6b97-473d-ab4c-b8f3a152e2f2 by admin for file b443cc529729477997b24b1a3de61569_EARLY_PO_Without_Alerts.log
2026-06-08 17:28:08,896 | INFO     | pipeline | Pipeline started — job_id=f602e157-6b97-473d-ab4c-b8f3a152e2f2 user=admin
2026-06-08 17:28:08,921 | INFO     | pipeline | Step starting: log_reader
2026-06-08 17:28:09,151 | ERROR    | pipeline | Step failed: log_reader — UnicodeEncodeError: 'charmap' codec can't encode character '\u2705' in position 2: character maps to <undefined>
2026-06-08 17:28:09,200 | ERROR    | pipeline | Pipeline failed — job_id=f602e157-6b97-473d-ab4c-b8f3a152e2f2 reason=log_reader failed
2026-06-08 17:40:54,256 | INFO     | config | Logging initialised — level: INFO
2026-06-08 17:40:54,257 | INFO     | config | App base path: D:\OFSAA\Scenario_Debugger
2026-06-08 17:40:54,258 | INFO     | jobs | Initialising database at: D:\OFSAA\Scenario_Debugger\db\scenario_debugger.db
2026-06-08 17:40:54,264 | INFO     | jobs | Database initialised successfully
2026-06-08 17:40:55,560 | INFO     | config | Logging initialised — level: INFO
2026-06-08 17:40:55,560 | INFO     | config | App base path: D:\OFSAA\Scenario_Debugger
2026-06-08 17:40:55,562 | INFO     | jobs | Initialising database at: D:\OFSAA\Scenario_Debugger\db\scenario_debugger.db
2026-06-08 17:40:55,566 | INFO     | jobs | Database initialised successfully
2026-06-08 17:41:58,070 | INFO     | auth | Login successful: admin from 127.0.0.1
2026-06-08 17:42:17,603 | INFO     | main | File uploaded: EARLY_PO_Without_Alerts.log by admin (39698 bytes)
2026-06-08 17:42:19,070 | INFO     | jobs | Job created: 7011990e-dadc-42d0-83f1-426e93b85cef for user_id=1 file=5c9b1f5797654fb9853109d5be7ce0c3_EARLY_PO_Without_Alerts.log
2026-06-08 17:42:19,132 | INFO     | main | Job started: 7011990e-dadc-42d0-83f1-426e93b85cef by admin for file 5c9b1f5797654fb9853109d5be7ce0c3_EARLY_PO_Without_Alerts.log
2026-06-08 17:42:19,138 | INFO     | pipeline | Pipeline started — job_id=7011990e-dadc-42d0-83f1-426e93b85cef user=admin
2026-06-08 17:42:19,248 | INFO     | pipeline | Step starting: log_reader
2026-06-08 17:42:19,554 | INFO     | pipeline | Step completed: log_reader
2026-06-08 17:42:19,556 | INFO     | pipeline | Step starting: set_batch_date
2026-06-08 17:42:20,439 | INFO     | paramiko.transport | Connected (version 2.0, client OpenSSH_8.0)
2026-06-08 17:42:20,671 | INFO     | paramiko.transport | Authentication (password) successful!
2026-06-08 17:42:45,144 | INFO     | pipeline | Step completed: set_batch_date
2026-06-08 17:42:45,145 | INFO     | pipeline | Step starting: sql_executer
2026-06-08 17:42:45,590 | INFO     | db_connect | Connecting to Oracle (attempt 1/3)...
2026-06-08 17:42:45,846 | INFO     | db_connect | Oracle connection established successfully
2026-06-08 17:42:45,846 | INFO     | sql_executer | Loading SQL file: D:/OFSAA/Scenario_Debugger/outputs\20260608\ML-EarlyPOCreditProducts__ML-EarlyPOCreditProducts__AIIN\extracted_queries\ML_EarlyPOCreditProducts__ML_EarlyPOCreditProducts__AIIN_dataset_query_20260608_174219.sql
2026-06-08 17:42:45,849 | INFO     | sql_executer | SQL loaded successfully (7969 chars)
2026-06-08 17:42:45,850 | INFO     | sql_executer | Executing dataset query...
2026-06-08 17:42:46,188 | INFO     | pipeline | Step completed: sql_executer
2026-06-08 17:42:46,189 | INFO     | pipeline | Step starting: cte_parser
2026-06-08 17:42:46,766 | INFO     | pipeline | Step completed: cte_parser
2026-06-08 17:42:46,767 | INFO     | pipeline | Step starting: cte_executer
2026-06-08 17:42:46,867 | INFO     | db_connect | Connecting to Oracle (attempt 1/3)...
2026-06-08 17:42:47,086 | INFO     | db_connect | Oracle connection established successfully
2026-06-08 17:42:47,086 | INFO     | cte_executer_mod | Creating view: clndr_vw
2026-06-08 17:42:47,221 | INFO     | cte_executer_mod | Creating view: loan_vw
2026-06-08 17:42:47,487 | INFO     | pipeline | Step completed: cte_executer
2026-06-08 17:42:47,487 | INFO     | pipeline | Step starting: sql_diagnostics
2026-06-08 17:42:47,951 | INFO     | pipeline | Oracle connection closed after diagnostics
2026-06-08 17:42:48,004 | INFO     | pipeline | Step completed: sql_diagnostics
2026-06-08 17:42:48,103 | INFO     | pipeline | Pipeline completed — job_id=7011990e-dadc-42d0-83f1-426e93b85cef
2026-06-08 17:56:20,188 | INFO     | main | File uploaded: HRE_AIIN_Without_Alerts.log by admin (107154 bytes)
2026-06-08 17:56:21,175 | INFO     | jobs | Job created: 07ac8866-c8a6-4743-a73e-28184c4e4a0b for user_id=1 file=d7176d694069490ab8e02d6ddb187f0f_HRE_AIIN_Without_Alerts.log
2026-06-08 17:56:21,190 | INFO     | main | Job started: 07ac8866-c8a6-4743-a73e-28184c4e4a0b by admin for file d7176d694069490ab8e02d6ddb187f0f_HRE_AIIN_Without_Alerts.log
2026-06-08 17:56:21,191 | INFO     | pipeline | Pipeline started — job_id=07ac8866-c8a6-4743-a73e-28184c4e4a0b user=admin
2026-06-08 17:56:21,208 | INFO     | pipeline | Step starting: log_reader
2026-06-08 17:56:21,325 | INFO     | pipeline | Step completed: log_reader
2026-06-08 17:56:21,325 | INFO     | pipeline | Step starting: set_batch_date
2026-06-08 17:56:21,442 | INFO     | paramiko.transport | Connected (version 2.0, client OpenSSH_8.0)
2026-06-08 17:56:21,651 | INFO     | paramiko.transport | Authentication (password) successful!
2026-06-08 17:56:45,220 | INFO     | pipeline | Step completed: set_batch_date
2026-06-08 17:56:45,220 | INFO     | pipeline | Step starting: sql_executer
2026-06-08 17:56:45,316 | INFO     | db_connect | Connecting to Oracle (attempt 1/3)...
2026-06-08 17:56:45,760 | INFO     | db_connect | Oracle connection established successfully
2026-06-08 17:56:45,761 | INFO     | sql_executer | Loading SQL file: D:/OFSAA/Scenario_Debugger/outputs\20260608\ML-HRTransFocalHRE__ML-HRTransFocalHRE__AIIN\extracted_queries\ML_HRTransFocalHRE__ML_HRTransFocalHRE__AIIN_dataset_query_20260608_175621.sql
2026-06-08 17:56:45,762 | INFO     | sql_executer | SQL loaded successfully (32180 chars)
2026-06-08 17:56:45,762 | INFO     | sql_executer | Executing dataset query...
2026-06-08 17:56:47,064 | INFO     | pipeline | Step completed: sql_executer
2026-06-08 17:56:47,064 | INFO     | pipeline | Step starting: cte_parser
2026-06-08 17:56:47,312 | INFO     | pipeline | Step completed: cte_parser
2026-06-08 17:56:47,312 | INFO     | pipeline | Step starting: cte_executer
2026-06-08 17:56:47,327 | INFO     | db_connect | Connecting to Oracle (attempt 1/3)...
2026-06-08 17:56:47,576 | INFO     | db_connect | Oracle connection established successfully
2026-06-08 17:56:47,576 | INFO     | cte_executer_mod | Creating view: wires
2026-06-08 17:56:47,777 | INFO     | cte_executer_mod | Creating view: mitrxn
2026-06-08 17:56:47,867 | INFO     | cte_executer_mod | Creating view: Cust_Accounts
2026-06-08 17:56:48,018 | INFO     | pipeline | Step completed: cte_executer
2026-06-08 17:56:48,018 | INFO     | pipeline | Step starting: sql_diagnostics
2026-06-08 17:56:48,918 | INFO     | pipeline | Oracle connection closed after diagnostics
2026-06-08 17:56:48,934 | INFO     | pipeline | Step completed: sql_diagnostics
2026-06-08 17:56:48,957 | INFO     | pipeline | Pipeline completed — job_id=07ac8866-c8a6-4743-a73e-28184c4e4a0b
2026-06-08 18:16:32,675 | INFO     | jobs | Job created: 45c15aa6-5e5c-4aff-9043-feacd775f172 for user_id=1 file=d7176d694069490ab8e02d6ddb187f0f_HRE_AIIN_Without_Alerts.log
2026-06-08 18:16:32,702 | INFO     | pipeline | Pipeline started — job_id=45c15aa6-5e5c-4aff-9043-feacd775f172 user=admin
2026-06-08 18:16:32,738 | INFO     | pipeline | Step starting: log_reader
2026-06-08 18:16:32,855 | INFO     | pipeline | Step completed: log_reader
2026-06-08 18:16:32,855 | INFO     | pipeline | Step starting: set_batch_date
2026-06-08 18:16:32,970 | INFO     | paramiko.transport | Connected (version 2.0, client OpenSSH_8.0)
2026-06-08 18:16:33,201 | INFO     | paramiko.transport | Authentication (password) successful!
2026-06-08 18:16:57,461 | INFO     | pipeline | Step completed: set_batch_date
2026-06-08 18:16:57,462 | INFO     | pipeline | Step starting: sql_executer
2026-06-08 18:16:57,482 | INFO     | db_connect | Connecting to Oracle (attempt 1/3)...
2026-06-08 18:16:57,794 | INFO     | db_connect | Oracle connection established successfully
2026-06-08 18:16:57,796 | INFO     | sql_executer | Loading SQL file: D:/OFSAA/Scenario_Debugger/outputs\20260608\ML-HRTransFocalHRE__ML-HRTransFocalHRE__AIIN\extracted_queries\ML_HRTransFocalHRE__ML_HRTransFocalHRE__AIIN_dataset_query_20260608_181632.sql
2026-06-08 18:16:57,802 | INFO     | sql_executer | SQL loaded successfully (32180 chars)
2026-06-08 18:16:57,803 | INFO     | sql_executer | Executing dataset query...
2026-06-08 18:16:59,000 | INFO     | pipeline | Step completed: sql_executer
2026-06-08 18:16:59,001 | INFO     | pipeline | Step starting: cte_parser
2026-06-08 18:16:59,256 | INFO     | pipeline | Step completed: cte_parser
2026-06-08 18:16:59,256 | INFO     | pipeline | Step starting: cte_executer
2026-06-08 18:16:59,283 | INFO     | db_connect | Connecting to Oracle (attempt 1/3)...
2026-06-08 18:16:59,556 | INFO     | db_connect | Oracle connection established successfully
2026-06-08 18:16:59,560 | INFO     | cte_executer_mod | Creating view: wires
2026-06-08 18:16:59,733 | INFO     | cte_executer_mod | Creating view: mitrxn
2026-06-08 18:16:59,820 | INFO     | cte_executer_mod | Creating view: Cust_Accounts
2026-06-08 18:16:59,986 | INFO     | pipeline | Step completed: cte_executer
2026-06-08 18:16:59,987 | INFO     | pipeline | Step starting: sql_diagnostics
2026-06-08 18:17:00,729 | INFO     | pipeline | Oracle connection closed after diagnostics
2026-06-08 18:17:00,764 | INFO     | pipeline | Step completed: sql_diagnostics
2026-06-08 18:17:00,794 | INFO     | pipeline | Pipeline completed — job_id=45c15aa6-5e5c-4aff-9043-feacd775f172
2026-06-08 18:17:35,555 | INFO     | main | File uploaded: HRE_AIOR_Without_Alerts.log by admin (107154 bytes)
2026-06-08 18:17:36,908 | INFO     | jobs | Job created: 509144ac-a1a4-4a70-b2d5-7adeea03c877 for user_id=1 file=2b6b61dff12045e3b0b1103dc1004414_HRE_AIOR_Without_Alerts.log
2026-06-08 18:17:36,924 | INFO     | main | Job started: 509144ac-a1a4-4a70-b2d5-7adeea03c877 by admin for file 2b6b61dff12045e3b0b1103dc1004414_HRE_AIOR_Without_Alerts.log
2026-06-08 18:17:36,927 | INFO     | pipeline | Pipeline started — job_id=509144ac-a1a4-4a70-b2d5-7adeea03c877 user=admin
2026-06-08 18:17:36,956 | INFO     | pipeline | Step starting: log_reader
2026-06-08 18:17:37,064 | INFO     | pipeline | Step completed: log_reader
2026-06-08 18:17:37,064 | INFO     | pipeline | Step starting: set_batch_date
2026-06-08 18:17:37,160 | INFO     | paramiko.transport | Connected (version 2.0, client OpenSSH_8.0)
2026-06-08 18:17:37,413 | INFO     | paramiko.transport | Authentication (password) successful!
2026-06-08 18:18:00,499 | INFO     | pipeline | Step completed: set_batch_date
2026-06-08 18:18:00,499 | INFO     | pipeline | Step starting: sql_executer
2026-06-08 18:18:00,518 | INFO     | db_connect | Connecting to Oracle (attempt 1/3)...
2026-06-08 18:18:00,784 | INFO     | db_connect | Oracle connection established successfully
2026-06-08 18:18:00,786 | INFO     | sql_executer | Loading SQL file: D:/OFSAA/Scenario_Debugger/outputs\20260608\ML-HRTransFocalHRE__ML-HRTransFocalHRE__AIOR\extracted_queries\ML_HRTransFocalHRE__ML_HRTransFocalHRE__AIOR_dataset_query_20260608_181737.sql
2026-06-08 18:18:00,793 | INFO     | sql_executer | SQL loaded successfully (32180 chars)
2026-06-08 18:18:00,794 | INFO     | sql_executer | Executing dataset query...
2026-06-08 18:18:01,164 | INFO     | pipeline | Step completed: sql_executer
2026-06-08 18:18:01,165 | INFO     | pipeline | Step starting: cte_parser
2026-06-08 18:18:01,367 | INFO     | pipeline | Step completed: cte_parser
2026-06-08 18:18:01,368 | INFO     | pipeline | Step starting: cte_executer
2026-06-08 18:18:01,383 | INFO     | db_connect | Connecting to Oracle (attempt 1/3)...
2026-06-08 18:18:01,619 | INFO     | db_connect | Oracle connection established successfully
2026-06-08 18:18:01,620 | INFO     | cte_executer_mod | Creating view: wires
2026-06-08 18:18:01,795 | INFO     | cte_executer_mod | Creating view: mitrxn
2026-06-08 18:18:01,888 | INFO     | cte_executer_mod | Creating view: Cust_Accounts
2026-06-08 18:18:02,049 | INFO     | pipeline | Step completed: cte_executer
2026-06-08 18:18:02,050 | INFO     | pipeline | Step starting: sql_diagnostics
2026-06-08 18:18:02,953 | INFO     | pipeline | Oracle connection closed after diagnostics
2026-06-08 18:18:02,966 | INFO     | pipeline | Step completed: sql_diagnostics
2026-06-08 18:18:02,991 | INFO     | pipeline | Pipeline completed — job_id=509144ac-a1a4-4a70-b2d5-7adeea03c877
2026-06-08 18:24:53,583 | INFO     | config | Logging initialised — level: INFO
2026-06-08 18:24:53,584 | INFO     | config | App base path: D:\OFSAA\Scenario_Debugger
2026-06-08 18:24:53,585 | INFO     | jobs | Initialising database at: D:\OFSAA\Scenario_Debugger\db\scenario_debugger.db
2026-06-08 18:24:53,590 | INFO     | jobs | Database initialised successfully
2026-06-08 18:24:55,200 | INFO     | config | Logging initialised — level: INFO
2026-06-08 18:24:55,201 | INFO     | config | App base path: D:\OFSAA\Scenario_Debugger
2026-06-08 18:24:55,202 | INFO     | jobs | Initialising database at: D:\OFSAA\Scenario_Debugger\db\scenario_debugger.db
2026-06-08 18:24:55,206 | INFO     | jobs | Database initialised successfully
2026-06-08 18:27:12,820 | INFO     | main | File uploaded: HRE_AIIN_Without_Alerts.log by admin (107154 bytes)
2026-06-08 18:27:13,789 | INFO     | jobs | Job created: 8a87d63a-c3a2-4b86-8fc2-520bfdfcee51 for user_id=1 file=f8dc84040d3e4f699127533487181ffb_HRE_AIIN_Without_Alerts.log
2026-06-08 18:27:13,804 | INFO     | main | Job started: 8a87d63a-c3a2-4b86-8fc2-520bfdfcee51 by admin for file f8dc84040d3e4f699127533487181ffb_HRE_AIIN_Without_Alerts.log
2026-06-08 18:27:13,806 | INFO     | pipeline | Pipeline started — job_id=8a87d63a-c3a2-4b86-8fc2-520bfdfcee51 user=admin
2026-06-08 18:27:13,825 | INFO     | pipeline | Step starting: log_reader
2026-06-08 18:27:14,126 | INFO     | pipeline | Step completed: log_reader
2026-06-08 18:27:14,126 | INFO     | pipeline | Step starting: set_batch_date
2026-06-08 18:27:14,890 | INFO     | paramiko.transport | Connected (version 2.0, client OpenSSH_8.0)
2026-06-08 18:27:15,132 | INFO     | paramiko.transport | Authentication (password) successful!
2026-06-08 18:27:38,672 | INFO     | pipeline | Step completed: set_batch_date
2026-06-08 18:27:38,673 | INFO     | pipeline | Step starting: sql_executer
2026-06-08 18:27:38,952 | INFO     | db_connect | Connecting to Oracle (attempt 1/3)...
2026-06-08 18:27:39,200 | INFO     | db_connect | Oracle connection established successfully
2026-06-08 18:27:39,201 | INFO     | sql_executer | Loading SQL file: D:/OFSAA/Scenario_Debugger/outputs\20260608\ML-HRTransFocalHRE__ML-HRTransFocalHRE__AIIN\extracted_queries\ML_HRTransFocalHRE__ML_HRTransFocalHRE__AIIN_dataset_query_20260608_182714.sql
2026-06-08 18:27:39,204 | INFO     | sql_executer | SQL loaded successfully (32180 chars)
2026-06-08 18:27:39,205 | INFO     | sql_executer | Executing dataset query...
2026-06-08 18:27:39,564 | INFO     | pipeline | Step completed: sql_executer
2026-06-08 18:27:39,565 | INFO     | pipeline | Step starting: cte_parser
2026-06-08 18:27:39,916 | INFO     | pipeline | Step completed: cte_parser
2026-06-08 18:27:39,916 | INFO     | pipeline | Step starting: cte_executer
2026-06-08 18:27:39,972 | INFO     | db_connect | Connecting to Oracle (attempt 1/3)...
2026-06-08 18:27:40,200 | INFO     | db_connect | Oracle connection established successfully
2026-06-08 18:27:40,200 | INFO     | cte_executer_mod | Creating view: wires
2026-06-08 18:27:40,394 | INFO     | cte_executer_mod | Creating view: mitrxn
2026-06-08 18:27:40,500 | INFO     | cte_executer_mod | Creating view: Cust_Accounts
2026-06-08 18:27:40,676 | INFO     | pipeline | Step completed: cte_executer
2026-06-08 18:27:40,677 | INFO     | pipeline | Step starting: sql_diagnostics
2026-06-08 18:27:41,494 | INFO     | pipeline | Oracle connection closed after diagnostics
2026-06-08 18:27:41,524 | INFO     | pipeline | Step completed: sql_diagnostics
2026-06-08 18:27:41,548 | INFO     | pipeline | Pipeline completed — job_id=8a87d63a-c3a2-4b86-8fc2-520bfdfcee51
2026-06-08 18:37:39,546 | INFO     | config | Logging initialised — level: INFO
2026-06-08 18:37:39,547 | INFO     | config | App base path: D:\OFSAA\Scenario_Debugger
2026-06-08 18:37:39,571 | INFO     | jobs | Initialising database at: D:\OFSAA\Scenario_Debugger\db\scenario_debugger.db
2026-06-08 18:37:39,577 | INFO     | jobs | Database initialised successfully
2026-06-08 18:37:41,240 | INFO     | config | Logging initialised — level: INFO
2026-06-08 18:37:41,240 | INFO     | config | App base path: D:\OFSAA\Scenario_Debugger
2026-06-08 18:37:41,242 | INFO     | jobs | Initialising database at: D:\OFSAA\Scenario_Debugger\db\scenario_debugger.db
2026-06-08 18:37:41,246 | INFO     | jobs | Database initialised successfully
2026-06-08 18:37:49,786 | INFO     | main | File uploaded: NTW_AIIN_Without_Alerts.log by admin (52407 bytes)
2026-06-08 18:37:51,066 | INFO     | jobs | Job created: af7794fc-2653-44e6-bff8-8bf3d3fa9291 for user_id=1 file=8a217a1d59d54930bb9792535da42b2e_NTW_AIIN_Without_Alerts.log
2026-06-08 18:37:51,086 | INFO     | main | Job started: af7794fc-2653-44e6-bff8-8bf3d3fa9291 by admin for file 8a217a1d59d54930bb9792535da42b2e_NTW_AIIN_Without_Alerts.log
2026-06-08 18:37:51,089 | INFO     | pipeline | Pipeline started — job_id=af7794fc-2653-44e6-bff8-8bf3d3fa9291 user=admin
2026-06-08 18:37:51,115 | INFO     | pipeline | Step starting: log_reader
2026-06-08 18:37:51,246 | INFO     | pipeline | Step completed: log_reader
2026-06-08 18:37:51,246 | INFO     | pipeline | Step starting: set_batch_date
2026-06-08 18:37:51,585 | INFO     | paramiko.transport | Connected (version 2.0, client OpenSSH_8.0)
2026-06-08 18:37:51,811 | INFO     | paramiko.transport | Authentication (password) successful!
2026-06-08 18:38:16,267 | INFO     | pipeline | Step completed: set_batch_date
2026-06-08 18:38:16,268 | INFO     | pipeline | Step starting: sql_executer
2026-06-08 18:38:16,397 | INFO     | db_connect | Connecting to Oracle (attempt 1/3)...
2026-06-08 18:38:16,633 | INFO     | db_connect | Oracle connection established successfully
2026-06-08 18:38:16,633 | INFO     | sql_executer | Loading SQL file: D:/OFSAA/Scenario_Debugger/outputs\20260608\ML-NetworksOfAcEn__ML-NetworksOfAcEn__AIIN\extracted_queries\ML_NetworksOfAcEn__ML_NetworksOfAcEn__AIIN_dataset_query_20260608_183751.sql
2026-06-08 18:38:16,635 | INFO     | sql_executer | SQL loaded successfully (5833 chars)
2026-06-08 18:38:16,635 | INFO     | sql_executer | Executing dataset query...
2026-06-08 18:38:18,218 | INFO     | pipeline | Step completed: sql_executer
2026-06-08 18:38:18,218 | INFO     | pipeline | Step starting: cte_parser
2026-06-08 18:38:18,465 | INFO     | pipeline | Step completed: cte_parser
2026-06-08 18:38:18,465 | INFO     | pipeline | Step starting: cte_executer
2026-06-08 18:38:18,520 | INFO     | db_connect | Connecting to Oracle (attempt 1/3)...
2026-06-08 18:38:18,751 | INFO     | db_connect | Oracle connection established successfully
2026-06-08 18:38:18,752 | INFO     | cte_executer_mod | Creating view: Prmry_Node
2026-06-08 18:38:18,997 | INFO     | pipeline | Step completed: cte_executer
2026-06-08 18:38:18,997 | INFO     | pipeline | Step starting: sql_diagnostics
2026-06-08 18:38:20,353 | INFO     | pipeline | Oracle connection closed after diagnostics
2026-06-08 18:38:20,367 | INFO     | pipeline | Step completed: sql_diagnostics
2026-06-08 18:38:20,393 | INFO     | pipeline | Pipeline completed — job_id=af7794fc-2653-44e6-bff8-8bf3d3fa9291
2026-06-09 08:45:08,039 | INFO     | config | Logging initialised — level: INFO
2026-06-09 08:45:08,040 | INFO     | config | App base path: D:\OFSAA\Scenario_Debugger
2026-06-09 08:45:08,043 | INFO     | jobs | Initialising database at: D:\OFSAA\Scenario_Debugger\db\scenario_debugger.db
2026-06-09 08:45:08,067 | INFO     | jobs | Database initialised successfully
2026-06-09 08:45:09,643 | INFO     | config | Logging initialised — level: INFO
2026-06-09 08:45:09,644 | INFO     | config | App base path: D:\OFSAA\Scenario_Debugger
2026-06-09 08:45:09,646 | INFO     | jobs | Initialising database at: D:\OFSAA\Scenario_Debugger\db\scenario_debugger.db
2026-06-09 08:45:09,650 | INFO     | jobs | Database initialised successfully
2026-06-09 08:46:29,844 | INFO     | auth | Login successful: admin from 127.0.0.1
2026-06-09 10:09:20,059 | INFO     | main | File uploaded: TERR_FIN_AIIN_Without_Alerts.log by admin (118890 bytes)
2026-06-09 10:09:21,894 | INFO     | jobs | Job created: 25b34540-dca8-4302-b4bc-a9dc66fe3297 for user_id=1 file=02a04abdf44244a4b42b34dda2f45ba3_TERR_FIN_AIIN_Without_Alerts.log
2026-06-09 10:09:21,922 | INFO     | main | Job started: 25b34540-dca8-4302-b4bc-a9dc66fe3297 by admin for file 02a04abdf44244a4b42b34dda2f45ba3_TERR_FIN_AIIN_Without_Alerts.log
2026-06-09 10:09:21,928 | INFO     | pipeline | Pipeline started — job_id=25b34540-dca8-4302-b4bc-a9dc66fe3297 user=admin
2026-06-09 10:09:21,951 | INFO     | pipeline | Step starting: log_reader
2026-06-09 10:09:22,242 | INFO     | pipeline | Step completed: log_reader
2026-06-09 10:09:22,243 | INFO     | pipeline | Step starting: set_batch_date
2026-06-09 10:09:23,765 | INFO     | paramiko.transport | Connected (version 2.0, client OpenSSH_8.0)
2026-06-09 10:09:24,009 | INFO     | paramiko.transport | Authentication (password) successful!
2026-06-09 10:09:48,554 | INFO     | pipeline | Step completed: set_batch_date
2026-06-09 10:09:48,557 | INFO     | pipeline | Step starting: sql_executer
2026-06-09 10:09:49,121 | INFO     | db_connect | Connecting to Oracle (attempt 1/3)...
2026-06-09 10:09:49,417 | INFO     | db_connect | Oracle connection established successfully
2026-06-09 10:09:49,417 | INFO     | sql_executer | Loading SQL file: D:/OFSAA/Scenario_Debugger/outputs\20260609\ML-TerroristFinancing__ML-TerroristFinancing__AIIN\extracted_queries\ML_TerroristFinancing__ML_TerroristFinancing__AIIN_dataset_query_20260609_100922.sql
2026-06-09 10:09:49,424 | INFO     | sql_executer | SQL loaded successfully (31701 chars)
2026-06-09 10:09:49,425 | INFO     | sql_executer | Executing dataset query...
2026-06-09 10:09:50,114 | INFO     | pipeline | Step completed: sql_executer
2026-06-09 10:09:50,116 | INFO     | pipeline | Step starting: cte_parser
2026-06-09 10:09:50,895 | INFO     | pipeline | Step completed: cte_parser
2026-06-09 10:09:50,895 | INFO     | pipeline | Step starting: cte_executer
2026-06-09 10:09:50,933 | INFO     | db_connect | Connecting to Oracle (attempt 1/3)...
2026-06-09 10:09:51,212 | INFO     | db_connect | Oracle connection established successfully
2026-06-09 10:09:51,213 | INFO     | cte_executer_mod | Creating view: clndr_vw
2026-06-09 10:09:51,314 | INFO     | cte_executer_mod | Creating view: Wire_vw
2026-06-09 10:09:51,501 | INFO     | cte_executer_mod | Creating view: Mi_vw
2026-06-09 10:09:52,791 | INFO     | pipeline | Step completed: cte_executer
2026-06-09 10:09:52,792 | INFO     | pipeline | Step starting: sql_diagnostics
2026-06-09 10:09:56,616 | INFO     | pipeline | Oracle connection closed after diagnostics
2026-06-09 10:09:56,638 | INFO     | pipeline | Step completed: sql_diagnostics
2026-06-09 10:09:56,665 | INFO     | pipeline | Pipeline completed — job_id=25b34540-dca8-4302-b4bc-a9dc66fe3297
2026-06-09 17:40:36,641 | INFO     | config | Logging initialised — level: INFO
2026-06-09 17:40:36,642 | INFO     | config | App base path: D:\OFSAA\Scenario_Debugger
2026-06-09 17:40:36,643 | INFO     | jobs | Initialising database at: D:\OFSAA\Scenario_Debugger\db\scenario_debugger.db
2026-06-09 17:40:36,653 | INFO     | jobs | Database initialised successfully
2026-06-09 17:40:37,953 | INFO     | config | Logging initialised — level: INFO
2026-06-09 17:40:37,953 | INFO     | config | App base path: D:\OFSAA\Scenario_Debugger
2026-06-09 17:40:37,955 | INFO     | jobs | Initialising database at: D:\OFSAA\Scenario_Debugger\db\scenario_debugger.db
2026-06-09 17:40:37,959 | INFO     | jobs | Database initialised successfully
2026-06-09 17:40:41,054 | INFO     | auth | Login successful: admin from 127.0.0.1
2026-06-09 17:40:46,793 | INFO     | main | File uploaded: TERR_FIN_AIIN_Without_Alerts.log by admin (118890 bytes)
2026-06-09 17:40:48,175 | INFO     | jobs | Job created: 1a373302-2f78-4967-89b4-6b21cadf3455 for user_id=1 file=0b50a5f1a7154885ac9b3527d6a0cedb_TERR_FIN_AIIN_Without_Alerts.log
2026-06-09 17:40:48,188 | INFO     | main | Job started: 1a373302-2f78-4967-89b4-6b21cadf3455 by admin for file 0b50a5f1a7154885ac9b3527d6a0cedb_TERR_FIN_AIIN_Without_Alerts.log
2026-06-09 17:40:48,191 | INFO     | pipeline | Pipeline started — job_id=1a373302-2f78-4967-89b4-6b21cadf3455 user=admin
2026-06-09 17:40:48,207 | INFO     | pipeline | Step starting: log_reader
2026-06-09 17:40:48,335 | INFO     | pipeline | Step completed: log_reader
2026-06-09 17:40:48,336 | INFO     | pipeline | Step starting: set_batch_date
2026-06-09 17:40:48,850 | INFO     | paramiko.transport | Connected (version 2.0, client OpenSSH_8.0)
2026-06-09 17:40:49,080 | INFO     | paramiko.transport | Authentication (password) successful!
2026-06-09 17:41:14,469 | INFO     | pipeline | Step completed: set_batch_date
2026-06-09 17:41:14,470 | INFO     | pipeline | Step starting: sql_executer
2026-06-09 17:41:14,757 | INFO     | db_connect | Connecting to Oracle (attempt 1/3)...
2026-06-09 17:41:15,049 | INFO     | db_connect | Oracle connection established successfully
2026-06-09 17:41:15,054 | INFO     | sql_executer | Loading SQL file: D:/OFSAA/Scenario_Debugger/outputs\20260609\ML-TerroristFinancing__ML-TerroristFinancing__AIIN\extracted_queries\ML_TerroristFinancing__ML_TerroristFinancing__AIIN_dataset_query_20260609_174048.sql
2026-06-09 17:41:15,064 | INFO     | sql_executer | SQL loaded successfully (31701 chars)
2026-06-09 17:41:15,066 | INFO     | sql_executer | Executing dataset query...
2026-06-09 17:41:15,810 | INFO     | pipeline | Step completed: sql_executer
2026-06-09 17:41:15,810 | INFO     | pipeline | Step starting: cte_parser
2026-06-09 17:41:16,349 | INFO     | pipeline | Step completed: cte_parser
2026-06-09 17:41:16,349 | INFO     | pipeline | Step starting: cte_executer
2026-06-09 17:41:16,416 | INFO     | db_connect | Connecting to Oracle (attempt 1/3)...
2026-06-09 17:41:16,654 | INFO     | db_connect | Oracle connection established successfully
2026-06-09 17:41:16,655 | INFO     | cte_executer_mod | Creating view: clndr_vw
2026-06-09 17:41:16,768 | INFO     | cte_executer_mod | Creating view: Wire_vw
2026-06-09 17:41:16,993 | INFO     | cte_executer_mod | Creating view: Mi_vw
2026-06-09 17:41:18,064 | INFO     | pipeline | Step completed: cte_executer
2026-06-09 17:41:18,064 | INFO     | pipeline | Step starting: sql_diagnostics
2026-06-09 17:41:21,025 | INFO     | pipeline | Oracle connection closed after diagnostics
2026-06-09 17:41:21,057 | INFO     | pipeline | Step completed: sql_diagnostics
2026-06-09 17:41:21,078 | INFO     | pipeline | Pipeline completed — job_id=1a373302-2f78-4967-89b4-6b21cadf3455
2026-06-09 21:43:49,422 | INFO     | config | Logging initialised — level: INFO
2026-06-09 21:43:49,423 | INFO     | config | App base path: D:\OFSAA\Scenario_Debugger
2026-06-09 21:43:49,426 | INFO     | jobs | Initialising database at: D:\OFSAA\Scenario_Debugger\db\scenario_debugger.db
2026-06-09 21:43:49,435 | INFO     | jobs | Database initialised successfully
2026-06-09 21:43:51,034 | INFO     | config | Logging initialised — level: INFO
2026-06-09 21:43:51,035 | INFO     | config | App base path: D:\OFSAA\Scenario_Debugger
2026-06-09 21:43:51,037 | INFO     | jobs | Initialising database at: D:\OFSAA\Scenario_Debugger\db\scenario_debugger.db
2026-06-09 21:43:51,041 | INFO     | jobs | Database initialised successfully
2026-06-09 21:44:40,642 | INFO     | main | File uploaded: TERR_FIN_AIIN_Without_Alerts.log by admin (118890 bytes)
2026-06-09 21:44:41,883 | INFO     | jobs | Job created: a2bdaec8-15dd-4d88-8b69-4d28b7be7c22 for user_id=1 file=cd3b16c476c14270b8848837d11b986b_TERR_FIN_AIIN_Without_Alerts.log
2026-06-09 21:44:41,907 | INFO     | main | Job started: a2bdaec8-15dd-4d88-8b69-4d28b7be7c22 by admin for file cd3b16c476c14270b8848837d11b986b_TERR_FIN_AIIN_Without_Alerts.log
2026-06-09 21:44:41,911 | INFO     | pipeline | Pipeline started — job_id=a2bdaec8-15dd-4d88-8b69-4d28b7be7c22 user=admin
2026-06-09 21:44:41,942 | INFO     | pipeline | Step starting: log_reader
2026-06-09 21:44:42,138 | INFO     | pipeline | Step completed: log_reader
2026-06-09 21:44:42,139 | INFO     | pipeline | Step starting: set_batch_date
2026-06-09 21:44:42,898 | INFO     | paramiko.transport | Connected (version 2.0, client OpenSSH_8.0)
2026-06-09 21:44:43,116 | INFO     | paramiko.transport | Authentication (password) successful!
2026-06-09 21:45:07,135 | INFO     | pipeline | Step completed: set_batch_date
2026-06-09 21:45:07,136 | INFO     | pipeline | Step starting: sql_executer
2026-06-09 21:45:07,732 | INFO     | db_connect | Connecting to Oracle (attempt 1/3)...
2026-06-09 21:45:07,966 | INFO     | db_connect | Oracle connection established successfully
2026-06-09 21:45:07,967 | INFO     | sql_executer | Loading SQL file: D:/OFSAA/Scenario_Debugger/outputs\20260609\ML-TerroristFinancing__ML-TerroristFinancing__AIIN\extracted_queries\ML_TerroristFinancing__ML_TerroristFinancing__AIIN_dataset_query_20260609_214442.sql
2026-06-09 21:45:07,969 | INFO     | sql_executer | SQL loaded successfully (31701 chars)
2026-06-09 21:45:07,970 | INFO     | sql_executer | Executing dataset query...
2026-06-09 21:45:08,691 | INFO     | pipeline | Step completed: sql_executer
2026-06-09 21:45:08,692 | INFO     | pipeline | Step starting: cte_parser
2026-06-09 21:45:09,511 | INFO     | pipeline | Step completed: cte_parser
2026-06-09 21:45:09,511 | INFO     | pipeline | Step starting: cte_executer
2026-06-09 21:45:09,632 | INFO     | db_connect | Connecting to Oracle (attempt 1/3)...
2026-06-09 21:45:09,815 | INFO     | db_connect | Oracle connection established successfully
2026-06-09 21:45:09,815 | INFO     | cte_executer_mod | Creating view: clndr_vw
2026-06-09 21:45:09,883 | INFO     | cte_executer_mod | Creating view: Wire_vw
2026-06-09 21:45:10,037 | INFO     | cte_executer_mod | Creating view: Mi_vw
2026-06-09 21:45:10,972 | INFO     | pipeline | Step completed: cte_executer
2026-06-09 21:45:10,974 | INFO     | pipeline | Step starting: sql_diagnostics
2026-06-09 21:45:14,803 | INFO     | pipeline | Oracle connection closed after diagnostics
2026-06-09 21:45:14,831 | INFO     | pipeline | Step completed: sql_diagnostics
2026-06-09 21:45:14,875 | INFO     | pipeline | Pipeline completed — job_id=a2bdaec8-15dd-4d88-8b69-4d28b7be7c22
2026-06-09 22:03:13,094 | INFO     | config | Logging initialised — level: INFO
2026-06-09 22:03:13,095 | INFO     | config | App base path: D:\OFSAA\Scenario_Debugger
2026-06-09 22:03:13,097 | INFO     | jobs | Initialising database at: D:\OFSAA\Scenario_Debugger\db\scenario_debugger.db
2026-06-09 22:03:13,100 | INFO     | jobs | Database initialised successfully
2026-06-09 22:03:14,228 | INFO     | config | Logging initialised — level: INFO
2026-06-09 22:03:14,228 | INFO     | config | App base path: D:\OFSAA\Scenario_Debugger
2026-06-09 22:03:14,230 | INFO     | jobs | Initialising database at: D:\OFSAA\Scenario_Debugger\db\scenario_debugger.db
2026-06-09 22:03:14,234 | INFO     | jobs | Database initialised successfully
2026-06-09 22:04:03,573 | INFO     | main | File uploaded: TERR_FIN_AIIN_Without_Alerts.log by admin (118890 bytes)
2026-06-09 22:04:14,070 | INFO     | jobs | Job created: 412de01b-ccb4-4b50-9852-3546ed372195 for user_id=1 file=1cfe74cb7d7d4c18b400a8ee2bc298f2_TERR_FIN_AIIN_Without_Alerts.log
2026-06-09 22:04:14,098 | INFO     | main | Job started: 412de01b-ccb4-4b50-9852-3546ed372195 by admin for file 1cfe74cb7d7d4c18b400a8ee2bc298f2_TERR_FIN_AIIN_Without_Alerts.log
2026-06-09 22:04:14,101 | INFO     | pipeline | Pipeline started — job_id=412de01b-ccb4-4b50-9852-3546ed372195 user=admin
2026-06-09 22:04:14,133 | INFO     | pipeline | Step starting: log_reader
2026-06-09 22:04:14,338 | INFO     | pipeline | Step completed: log_reader
2026-06-09 22:04:14,339 | INFO     | pipeline | Step starting: set_batch_date
2026-06-09 22:04:14,870 | INFO     | paramiko.transport | Connected (version 2.0, client OpenSSH_8.0)
2026-06-09 22:04:15,056 | INFO     | paramiko.transport | Authentication (password) successful!
2026-06-09 22:05:27,298 | INFO     | pipeline | Step completed: set_batch_date
2026-06-09 22:05:27,299 | INFO     | pipeline | Step starting: sql_executer
2026-06-09 22:05:27,552 | INFO     | db_connect | Connecting to Oracle (attempt 1/3)...
2026-06-09 22:05:27,974 | INFO     | db_connect | Oracle connection established successfully
2026-06-09 22:05:27,975 | INFO     | sql_executer | Loading SQL file: D:/OFSAA/Scenario_Debugger/outputs\20260609\ML-TerroristFinancing__ML-TerroristFinancing__AIIN\extracted_queries\ML_TerroristFinancing__ML_TerroristFinancing__AIIN_dataset_query_20260609_220414.sql
2026-06-09 22:05:27,977 | INFO     | sql_executer | SQL loaded successfully (31701 chars)
2026-06-09 22:05:27,978 | INFO     | sql_executer | Executing dataset query...
2026-06-09 22:05:28,955 | INFO     | pipeline | Step completed: sql_executer
2026-06-09 22:05:28,956 | INFO     | pipeline | Step starting: cte_parser
2026-06-09 22:05:29,555 | INFO     | pipeline | Step completed: cte_parser
2026-06-09 22:05:29,555 | INFO     | pipeline | Step starting: cte_executer
2026-06-09 22:05:29,659 | INFO     | db_connect | Connecting to Oracle (attempt 1/3)...
2026-06-09 22:05:29,889 | INFO     | db_connect | Oracle connection established successfully
2026-06-09 22:05:29,890 | INFO     | cte_executer_mod | Creating view: clndr_vw
2026-06-09 22:05:29,958 | INFO     | cte_executer_mod | Creating view: Wire_vw
2026-06-09 22:05:30,216 | INFO     | cte_executer_mod | Creating view: Mi_vw
2026-06-09 22:05:31,695 | INFO     | pipeline | Step completed: cte_executer
2026-06-09 22:05:31,696 | INFO     | pipeline | Step starting: sql_diagnostics
2026-06-09 22:05:39,437 | INFO     | pipeline | Oracle connection closed after diagnostics
2026-06-09 22:05:39,475 | INFO     | pipeline | Step completed: sql_diagnostics
2026-06-09 22:05:39,536 | INFO     | pipeline | Pipeline completed — job_id=412de01b-ccb4-4b50-9852-3546ed372195
2026-06-09 22:21:10,471 | INFO     | jobs | Job created: 5037b922-e86e-434e-9a4b-e7fc34b8bc2a for user_id=1 file=cd3b16c476c14270b8848837d11b986b_TERR_FIN_AIIN_Without_Alerts.log
2026-06-09 22:21:10,508 | INFO     | pipeline | Pipeline started — job_id=5037b922-e86e-434e-9a4b-e7fc34b8bc2a user=admin
2026-06-09 22:21:10,537 | INFO     | pipeline | Step starting: log_reader
2026-06-09 22:21:10,667 | INFO     | pipeline | Step completed: log_reader
2026-06-09 22:21:10,667 | INFO     | pipeline | Step starting: set_batch_date
2026-06-09 22:21:10,752 | INFO     | paramiko.transport | Connected (version 2.0, client OpenSSH_8.0)
2026-06-09 22:21:10,969 | INFO     | paramiko.transport | Authentication (password) successful!
2026-06-09 22:21:39,487 | INFO     | pipeline | Step completed: set_batch_date
2026-06-09 22:21:39,490 | INFO     | pipeline | Step starting: sql_executer
2026-06-09 22:21:39,549 | INFO     | db_connect | Connecting to Oracle (attempt 1/3)...
2026-06-09 22:21:39,929 | INFO     | db_connect | Oracle connection established successfully
2026-06-09 22:21:39,930 | INFO     | sql_executer | Loading SQL file: D:/OFSAA/Scenario_Debugger/outputs\20260609\ML-TerroristFinancing__ML-TerroristFinancing__AIIN\extracted_queries\ML_TerroristFinancing__ML_TerroristFinancing__AIIN_dataset_query_20260609_222110.sql
2026-06-09 22:21:39,935 | INFO     | sql_executer | SQL loaded successfully (31701 chars)
2026-06-09 22:21:39,937 | INFO     | sql_executer | Executing dataset query...
2026-06-09 22:21:40,733 | INFO     | pipeline | Step completed: sql_executer
2026-06-09 22:21:40,734 | INFO     | pipeline | Step starting: cte_parser
2026-06-09 22:21:41,237 | INFO     | pipeline | Step completed: cte_parser
2026-06-09 22:21:41,237 | INFO     | pipeline | Step starting: cte_executer
2026-06-09 22:21:41,263 | INFO     | db_connect | Connecting to Oracle (attempt 1/3)...
2026-06-09 22:21:41,604 | INFO     | db_connect | Oracle connection established successfully
2026-06-09 22:21:41,605 | INFO     | cte_executer_mod | Creating view: clndr_vw
2026-06-09 22:21:41,692 | INFO     | cte_executer_mod | Creating view: Wire_vw
2026-06-09 22:21:41,989 | INFO     | cte_executer_mod | Creating view: Mi_vw
2026-06-09 22:21:43,283 | INFO     | pipeline | Step completed: cte_executer
2026-06-09 22:21:43,284 | INFO     | pipeline | Step starting: sql_diagnostics
2026-06-09 22:21:50,811 | INFO     | pipeline | Oracle connection closed after diagnostics
2026-06-09 22:21:50,849 | INFO     | pipeline | Step completed: sql_diagnostics
2026-06-09 22:21:50,920 | INFO     | pipeline | Pipeline completed — job_id=5037b922-e86e-434e-9a4b-e7fc34b8bc2a
2026-06-09 22:35:29,845 | INFO     | jobs | Job created: 54a442cb-cb39-4ce3-89cc-a7c6c0d405ca for user_id=1 file=cd3b16c476c14270b8848837d11b986b_TERR_FIN_AIIN_Without_Alerts.log
2026-06-09 22:35:29,872 | INFO     | pipeline | Pipeline started — job_id=54a442cb-cb39-4ce3-89cc-a7c6c0d405ca user=admin
2026-06-09 22:35:29,907 | INFO     | pipeline | Step starting: log_reader
2026-06-09 22:35:30,067 | INFO     | pipeline | Step completed: log_reader
2026-06-09 22:35:30,067 | INFO     | pipeline | Step starting: set_batch_date
2026-06-09 22:35:30,163 | INFO     | paramiko.transport | Connected (version 2.0, client OpenSSH_8.0)
2026-06-09 22:35:30,397 | INFO     | paramiko.transport | Authentication (password) successful!
2026-06-09 22:35:59,563 | INFO     | pipeline | Step completed: set_batch_date
2026-06-09 22:35:59,564 | INFO     | pipeline | Step starting: sql_executer
2026-06-09 22:35:59,629 | INFO     | db_connect | Connecting to Oracle (attempt 1/3)...
2026-06-09 22:35:59,989 | INFO     | db_connect | Oracle connection established successfully
2026-06-09 22:35:59,990 | INFO     | sql_executer | Loading SQL file: D:/OFSAA/Scenario_Debugger/outputs\20260609\ML-TerroristFinancing__ML-TerroristFinancing__AIIN\extracted_queries\ML_TerroristFinancing__ML_TerroristFinancing__AIIN_dataset_query_20260609_223529.sql
2026-06-09 22:35:59,995 | INFO     | sql_executer | SQL loaded successfully (31701 chars)
2026-06-09 22:35:59,997 | INFO     | sql_executer | Executing dataset query...
2026-06-09 22:36:00,834 | INFO     | pipeline | Step completed: sql_executer
2026-06-09 22:36:00,836 | INFO     | pipeline | Step starting: cte_parser
2026-06-09 22:36:01,221 | INFO     | pipeline | Step completed: cte_parser
2026-06-09 22:36:01,222 | INFO     | pipeline | Step starting: cte_executer
2026-06-09 22:36:01,245 | INFO     | db_connect | Connecting to Oracle (attempt 1/3)...
2026-06-09 22:36:01,554 | INFO     | db_connect | Oracle connection established successfully
2026-06-09 22:36:01,555 | INFO     | cte_executer_mod | Creating view: clndr_vw
2026-06-09 22:36:01,663 | INFO     | cte_executer_mod | Creating view: Wire_vw
2026-06-09 22:36:02,057 | INFO     | cte_executer_mod | Creating view: Mi_vw
2026-06-09 22:36:03,447 | INFO     | pipeline | Step completed: cte_executer
2026-06-09 22:36:03,448 | INFO     | pipeline | Step starting: sql_diagnostics
2026-06-09 22:36:10,655 | INFO     | pipeline | Oracle connection closed after diagnostics
2026-06-09 22:36:10,694 | INFO     | pipeline | Step completed: sql_diagnostics
2026-06-09 22:36:10,771 | INFO     | pipeline | Pipeline completed — job_id=54a442cb-cb39-4ce3-89cc-a7c6c0d405ca
2026-06-09 23:11:47,244 | INFO     | jobs | Job created: 795b9cd4-932f-4770-a48e-cc673c592d49 for user_id=1 file=cd3b16c476c14270b8848837d11b986b_TERR_FIN_AIIN_Without_Alerts.log
2026-06-09 23:11:47,264 | INFO     | pipeline | Pipeline started — job_id=795b9cd4-932f-4770-a48e-cc673c592d49 user=admin
2026-06-09 23:11:47,292 | INFO     | pipeline | Step starting: log_reader
2026-06-09 23:11:47,433 | INFO     | pipeline | Step completed: log_reader
2026-06-09 23:11:47,435 | INFO     | pipeline | Step starting: set_batch_date
2026-06-09 23:11:47,527 | INFO     | paramiko.transport | Connected (version 2.0, client OpenSSH_8.0)
2026-06-09 23:11:47,811 | INFO     | paramiko.transport | Authentication (password) successful!
2026-06-09 23:12:15,393 | INFO     | pipeline | Step completed: set_batch_date
2026-06-09 23:12:15,394 | INFO     | pipeline | Step starting: sql_executer
2026-06-09 23:12:15,453 | INFO     | db_connect | Connecting to Oracle (attempt 1/3)...
2026-06-09 23:12:15,720 | INFO     | db_connect | Oracle connection established successfully
2026-06-09 23:12:15,721 | INFO     | sql_executer | Loading SQL file: D:/OFSAA/Scenario_Debugger/outputs\20260609\ML-TerroristFinancing__ML-TerroristFinancing__AIIN\extracted_queries\ML_TerroristFinancing__ML_TerroristFinancing__AIIN_dataset_query_20260609_231147.sql
2026-06-09 23:12:15,727 | INFO     | sql_executer | SQL loaded successfully (31701 chars)
2026-06-09 23:12:15,728 | INFO     | sql_executer | Executing dataset query...
2026-06-09 23:12:16,721 | INFO     | pipeline | Step completed: sql_executer
2026-06-09 23:12:16,721 | INFO     | pipeline | Step starting: cte_parser
2026-06-09 23:12:17,121 | INFO     | pipeline | Step completed: cte_parser
2026-06-09 23:12:17,122 | INFO     | pipeline | Step starting: cte_executer
2026-06-09 23:12:17,146 | INFO     | db_connect | Connecting to Oracle (attempt 1/3)...
2026-06-09 23:12:17,371 | INFO     | db_connect | Oracle connection established successfully
2026-06-09 23:12:17,372 | INFO     | cte_executer_mod | Creating view: clndr_vw
2026-06-09 23:12:17,460 | INFO     | cte_executer_mod | Creating view: Wire_vw
2026-06-09 23:12:17,656 | INFO     | cte_executer_mod | Creating view: Mi_vw
2026-06-09 23:12:18,659 | INFO     | pipeline | Step completed: cte_executer
2026-06-09 23:12:18,660 | INFO     | pipeline | Step starting: sql_diagnostics
2026-06-09 23:12:24,870 | INFO     | pipeline | Oracle connection closed after diagnostics
2026-06-09 23:12:24,919 | INFO     | pipeline | Step completed: sql_diagnostics
2026-06-09 23:12:24,979 | INFO     | pipeline | Pipeline completed — job_id=795b9cd4-932f-4770-a48e-cc673c592d49
2026-06-09 23:24:49,799 | INFO     | jobs | Job created: a6a701d4-5da8-46ae-8c17-d6c3f6f82d47 for user_id=1 file=cd3b16c476c14270b8848837d11b986b_TERR_FIN_AIIN_Without_Alerts.log
2026-06-09 23:24:49,820 | INFO     | pipeline | Pipeline started — job_id=a6a701d4-5da8-46ae-8c17-d6c3f6f82d47 user=admin
2026-06-09 23:24:49,896 | INFO     | pipeline | Step starting: log_reader
2026-06-09 23:24:50,007 | INFO     | pipeline | Step completed: log_reader
2026-06-09 23:24:50,007 | INFO     | pipeline | Step starting: set_batch_date
2026-06-09 23:24:50,100 | INFO     | paramiko.transport | Connected (version 2.0, client OpenSSH_8.0)
2026-06-09 23:24:50,328 | INFO     | paramiko.transport | Authentication (password) successful!
2026-06-09 23:25:15,392 | INFO     | pipeline | Step completed: set_batch_date
2026-06-09 23:25:15,394 | INFO     | pipeline | Step starting: sql_executer
2026-06-09 23:25:15,445 | INFO     | db_connect | Connecting to Oracle (attempt 1/3)...
2026-06-09 23:25:15,812 | INFO     | db_connect | Oracle connection established successfully
2026-06-09 23:25:15,814 | INFO     | sql_executer | Loading SQL file: D:/OFSAA/Scenario_Debugger/outputs\20260609\ML-TerroristFinancing__ML-TerroristFinancing__AIIN\extracted_queries\ML_TerroristFinancing__ML_TerroristFinancing__AIIN_dataset_query_20260609_232449.sql
2026-06-09 23:25:15,824 | INFO     | sql_executer | SQL loaded successfully (31701 chars)
2026-06-09 23:25:15,825 | INFO     | sql_executer | Executing dataset query...
2026-06-09 23:25:17,158 | INFO     | pipeline | Step completed: sql_executer
2026-06-09 23:25:17,159 | INFO     | pipeline | Step starting: cte_parser
2026-06-09 23:25:18,191 | INFO     | pipeline | Step completed: cte_parser
2026-06-09 23:25:18,192 | INFO     | pipeline | Step starting: cte_executer
2026-06-09 23:25:18,214 | INFO     | db_connect | Connecting to Oracle (attempt 1/3)...
2026-06-09 23:25:18,892 | INFO     | db_connect | Oracle connection established successfully
2026-06-09 23:25:18,894 | INFO     | cte_executer_mod | Creating view: clndr_vw
2026-06-09 23:25:19,633 | INFO     | cte_executer_mod | Creating view: Wire_vw
2026-06-09 23:25:20,056 | INFO     | cte_executer_mod | Creating view: Mi_vw
2026-06-09 23:25:21,628 | INFO     | pipeline | Step completed: cte_executer
2026-06-09 23:25:21,629 | INFO     | pipeline | Step starting: sql_diagnostics
2026-06-09 23:25:28,871 | INFO     | pipeline | Oracle connection closed after diagnostics
2026-06-09 23:25:28,929 | INFO     | pipeline | Step completed: sql_diagnostics
2026-06-09 23:25:28,991 | INFO     | pipeline | Pipeline completed — job_id=a6a701d4-5da8-46ae-8c17-d6c3f6f82d47
2026-06-10 12:47:17,134 | INFO     | config | Logging initialised — level: INFO
2026-06-10 12:47:17,135 | INFO     | config | App base path: D:\OFSAA\Scenario_Debugger
2026-06-10 12:47:17,138 | INFO     | jobs | Initialising database at: D:\OFSAA\Scenario_Debugger\db\scenario_debugger.db
2026-06-10 12:47:17,165 | INFO     | jobs | Database initialised successfully
2026-06-10 12:47:18,763 | INFO     | config | Logging initialised — level: INFO
2026-06-10 12:47:18,764 | INFO     | config | App base path: D:\OFSAA\Scenario_Debugger
2026-06-10 12:47:18,766 | INFO     | jobs | Initialising database at: D:\OFSAA\Scenario_Debugger\db\scenario_debugger.db
2026-06-10 12:47:18,770 | INFO     | jobs | Database initialised successfully
2026-06-10 12:48:05,882 | INFO     | auth | Login successful: admin from 127.0.0.1
2026-06-10 12:48:20,450 | INFO     | main | File uploaded: TERR_FIN_AIIN_Without_Alerts.log by admin (118890 bytes)
2026-06-10 12:48:21,586 | INFO     | jobs | Job created: 5f0e225b-5bd3-43ab-8594-8724664e1918 for user_id=1 file=5547640f0ea14b6daefe09ee5b850a59_TERR_FIN_AIIN_Without_Alerts.log
2026-06-10 12:48:21,606 | INFO     | main | Job started: 5f0e225b-5bd3-43ab-8594-8724664e1918 by admin for file 5547640f0ea14b6daefe09ee5b850a59_TERR_FIN_AIIN_Without_Alerts.log
2026-06-10 12:48:21,608 | INFO     | pipeline | Pipeline started — job_id=5f0e225b-5bd3-43ab-8594-8724664e1918 user=admin
2026-06-10 12:48:21,630 | INFO     | pipeline | Step starting: log_reader
2026-06-10 12:48:21,828 | INFO     | pipeline | Step completed: log_reader
2026-06-10 12:48:21,829 | INFO     | pipeline | Step starting: set_batch_date
2026-06-10 12:48:23,069 | INFO     | paramiko.transport | Connected (version 2.0, client OpenSSH_8.0)
2026-06-10 12:48:23,302 | INFO     | paramiko.transport | Authentication (password) successful!
2026-06-10 12:48:48,915 | INFO     | pipeline | Step completed: set_batch_date
2026-06-10 12:48:48,918 | INFO     | pipeline | Step starting: sql_executer
2026-06-10 12:48:49,413 | INFO     | db_connect | Connecting to Oracle (attempt 1/3)...
2026-06-10 12:48:49,707 | INFO     | db_connect | Oracle connection established successfully
2026-06-10 12:48:49,708 | INFO     | sql_executer | Loading SQL file: D:/OFSAA/Scenario_Debugger/outputs\20260610\ML-TerroristFinancing__ML-TerroristFinancing__AIIN\extracted_queries\ML_TerroristFinancing__ML_TerroristFinancing__AIIN_dataset_query_20260610_124821.sql
2026-06-10 12:48:49,712 | INFO     | sql_executer | SQL loaded successfully (31701 chars)
2026-06-10 12:48:49,714 | INFO     | sql_executer | Executing dataset query...
2026-06-10 12:48:50,464 | INFO     | pipeline | Step completed: sql_executer
2026-06-10 12:48:50,465 | INFO     | pipeline | Step starting: cte_parser
2026-06-10 12:48:51,308 | INFO     | pipeline | Step completed: cte_parser
2026-06-10 12:48:51,309 | INFO     | pipeline | Step starting: cte_executer
2026-06-10 12:48:51,417 | INFO     | db_connect | Connecting to Oracle (attempt 1/3)...
2026-06-10 12:48:51,676 | INFO     | db_connect | Oracle connection established successfully
2026-06-10 12:48:51,679 | INFO     | cte_executer_mod | Creating view: clndr_vw
2026-06-10 12:48:51,765 | INFO     | cte_executer_mod | Creating view: Wire_vw
2026-06-10 12:48:51,978 | INFO     | cte_executer_mod | Creating view: Mi_vw
2026-06-10 12:48:53,207 | INFO     | pipeline | Step completed: cte_executer
2026-06-10 12:48:53,208 | INFO     | pipeline | Step starting: sql_diagnostics
2026-06-10 12:48:57,620 | WARNING  | sql_diagnostics | All simulation strategies failed for Tot_Small_Trans_Amt >= 5000
2026-06-10 12:48:58,923 | WARNING  | sql_diagnostics | All simulation strategies failed for Tot_Small_Trans_Amt <= 50000
2026-06-10 12:48:59,039 | WARNING  | sql_diagnostics | All simulation strategies failed for Tot_Trans_Amt >= 0
2026-06-10 12:49:00,435 | WARNING  | sql_diagnostics | All simulation strategies failed for end >= 75
2026-06-10 12:49:02,179 | WARNING  | sql_diagnostics | All simulation strategies failed for end <= 95
2026-06-10 12:49:02,289 | WARNING  | sql_diagnostics | All simulation strategies failed for Tot_Wthdrwl_Trans_Amt >= 0
2026-06-10 12:49:02,996 | WARNING  | sql_diagnostics | All simulation strategies failed for Cntr_Party_Ct >= 3
2026-06-10 12:49:04,110 | WARNING  | sql_diagnostics | All simulation strategies failed for Cntr_Party_Ct <= 10
2026-06-10 12:49:04,645 | WARNING  | sql_diagnostics | All simulation strategies failed for Names_Ct >= 2
2026-06-10 12:49:04,946 | INFO     | pipeline | Oracle connection closed after diagnostics
2026-06-10 12:49:04,954 | INFO     | pipeline | Step completed: sql_diagnostics
2026-06-10 12:49:04,973 | INFO     | pipeline | Pipeline completed — job_id=5f0e225b-5bd3-43ab-8594-8724664e1918
2026-06-10 13:00:49,185 | INFO     | jobs | Job created: 35cf59be-f734-4c2b-ad8d-c425727171e4 for user_id=1 file=5547640f0ea14b6daefe09ee5b850a59_TERR_FIN_AIIN_Without_Alerts.log
2026-06-10 13:00:49,252 | INFO     | pipeline | Pipeline started — job_id=35cf59be-f734-4c2b-ad8d-c425727171e4 user=admin
2026-06-10 13:00:49,352 | INFO     | pipeline | Step starting: log_reader
2026-06-10 13:00:49,667 | INFO     | pipeline | Step completed: log_reader
2026-06-10 13:00:49,669 | INFO     | pipeline | Step starting: set_batch_date
2026-06-10 13:00:49,826 | INFO     | paramiko.transport | Connected (version 2.0, client OpenSSH_8.0)
2026-06-10 13:00:50,056 | INFO     | paramiko.transport | Authentication (password) successful!
2026-06-10 13:01:14,231 | INFO     | pipeline | Step completed: set_batch_date
2026-06-10 13:01:14,231 | INFO     | pipeline | Step starting: sql_executer
2026-06-10 13:01:14,248 | INFO     | db_connect | Connecting to Oracle (attempt 1/3)...
2026-06-10 13:01:14,498 | INFO     | db_connect | Oracle connection established successfully
2026-06-10 13:01:14,498 | INFO     | sql_executer | Loading SQL file: D:/OFSAA/Scenario_Debugger/outputs\20260610\ML-TerroristFinancing__ML-TerroristFinancing__AIIN\extracted_queries\ML_TerroristFinancing__ML_TerroristFinancing__AIIN_dataset_query_20260610_130049.sql
2026-06-10 13:01:14,501 | INFO     | sql_executer | SQL loaded successfully (31701 chars)
2026-06-10 13:01:14,502 | INFO     | sql_executer | Executing dataset query...
2026-06-10 13:01:15,314 | INFO     | pipeline | Step completed: sql_executer
2026-06-10 13:01:15,314 | INFO     | pipeline | Step starting: cte_parser
2026-06-10 13:01:15,574 | INFO     | pipeline | Step completed: cte_parser
2026-06-10 13:01:15,574 | INFO     | pipeline | Step starting: cte_executer
2026-06-10 13:01:15,600 | INFO     | db_connect | Connecting to Oracle (attempt 1/3)...
2026-06-10 13:01:15,866 | INFO     | db_connect | Oracle connection established successfully
2026-06-10 13:01:15,867 | INFO     | cte_executer_mod | Creating view: clndr_vw
2026-06-10 13:01:15,956 | INFO     | cte_executer_mod | Creating view: Wire_vw
2026-06-10 13:01:16,132 | INFO     | cte_executer_mod | Creating view: Mi_vw
2026-06-10 13:01:17,024 | INFO     | pipeline | Step completed: cte_executer
2026-06-10 13:01:17,024 | INFO     | pipeline | Step starting: sql_diagnostics
2026-06-10 13:01:21,046 | WARNING  | sql_diagnostics | All simulation strategies failed for Tot_Small_Trans_Amt >= 5000
2026-06-10 13:01:22,107 | WARNING  | sql_diagnostics | All simulation strategies failed for Tot_Small_Trans_Amt <= 50000
2026-06-10 13:01:22,213 | WARNING  | sql_diagnostics | All simulation strategies failed for Tot_Trans_Amt >= 0
2026-06-10 13:01:23,376 | WARNING  | sql_diagnostics | All simulation strategies failed for end >= 75
2026-06-10 13:01:24,413 | WARNING  | sql_diagnostics | All simulation strategies failed for end <= 95
2026-06-10 13:01:24,521 | WARNING  | sql_diagnostics | All simulation strategies failed for Tot_Wthdrwl_Trans_Amt >= 0
2026-06-10 13:01:25,261 | WARNING  | sql_diagnostics | All simulation strategies failed for Cntr_Party_Ct >= 3
2026-06-10 13:01:26,328 | WARNING  | sql_diagnostics | All simulation strategies failed for Cntr_Party_Ct <= 10
2026-06-10 13:01:26,856 | WARNING  | sql_diagnostics | All simulation strategies failed for Names_Ct >= 2
2026-06-10 13:01:27,104 | INFO     | pipeline | Oracle connection closed after diagnostics
2026-06-10 13:01:27,129 | INFO     | pipeline | Step completed: sql_diagnostics
2026-06-10 13:01:27,165 | INFO     | pipeline | Pipeline completed — job_id=35cf59be-f734-4c2b-ad8d-c425727171e4
2026-06-10 17:24:48,141 | INFO     | config | Logging initialised — level: INFO
2026-06-10 17:24:48,142 | INFO     | config | App base path: D:\OFSAA\Scenario_Debugger
2026-06-10 17:24:48,144 | INFO     | jobs | Initialising database at: D:\OFSAA\Scenario_Debugger\db\scenario_debugger.db
2026-06-10 17:24:48,175 | INFO     | jobs | Database initialised successfully
2026-06-10 17:24:49,843 | INFO     | config | Logging initialised — level: INFO
2026-06-10 17:24:49,843 | INFO     | config | App base path: D:\OFSAA\Scenario_Debugger
2026-06-10 17:24:49,846 | INFO     | jobs | Initialising database at: D:\OFSAA\Scenario_Debugger\db\scenario_debugger.db
2026-06-10 17:24:49,850 | INFO     | jobs | Database initialised successfully
2026-06-10 17:25:17,888 | INFO     | main | File uploaded: TERR_FIN_AIIN_Without_Alerts.log by admin (118890 bytes)
2026-06-10 17:25:18,945 | INFO     | jobs | Job created: 4875c16f-9208-41b9-8faf-438b11e003ea for user_id=1 file=c2543f83dbad4f5a861badd07b02e450_TERR_FIN_AIIN_Without_Alerts.log
2026-06-10 17:25:18,965 | INFO     | main | Job started: 4875c16f-9208-41b9-8faf-438b11e003ea by admin for file c2543f83dbad4f5a861badd07b02e450_TERR_FIN_AIIN_Without_Alerts.log
2026-06-10 17:25:18,967 | INFO     | pipeline | Pipeline started — job_id=4875c16f-9208-41b9-8faf-438b11e003ea user=admin
2026-06-10 17:25:18,996 | INFO     | pipeline | Step starting: log_reader
2026-06-10 17:25:19,198 | INFO     | pipeline | Step completed: log_reader
2026-06-10 17:25:19,198 | INFO     | pipeline | Step starting: set_batch_date
2026-06-10 17:25:20,012 | INFO     | paramiko.transport | Connected (version 2.0, client OpenSSH_8.0)
2026-06-10 17:25:20,217 | INFO     | paramiko.transport | Authentication (password) successful!
2026-06-10 17:25:44,749 | INFO     | pipeline | Step completed: set_batch_date
2026-06-10 17:25:44,749 | INFO     | pipeline | Step starting: sql_executer
2026-06-10 17:25:45,094 | INFO     | db_connect | Connecting to Oracle (attempt 1/3)...
2026-06-10 17:25:45,348 | INFO     | db_connect | Oracle connection established successfully
2026-06-10 17:25:45,349 | INFO     | sql_executer | Loading SQL file: D:/OFSAA/Scenario_Debugger/outputs\20260610\ML-TerroristFinancing__ML-TerroristFinancing__AIIN\extracted_queries\ML_TerroristFinancing__ML_TerroristFinancing__AIIN_dataset_query_20260610_172519.sql
2026-06-10 17:25:45,350 | INFO     | sql_executer | SQL loaded successfully (31701 chars)
2026-06-10 17:25:45,350 | INFO     | sql_executer | Executing dataset query...
2026-06-10 17:25:46,154 | INFO     | pipeline | Step completed: sql_executer
2026-06-10 17:25:46,154 | INFO     | pipeline | Step starting: cte_parser
2026-06-10 17:25:46,686 | INFO     | pipeline | Step completed: cte_parser
2026-06-10 17:25:46,687 | INFO     | pipeline | Step starting: cte_executer
2026-06-10 17:25:46,713 | INFO     | db_connect | Connecting to Oracle (attempt 1/3)...
2026-06-10 17:25:46,936 | INFO     | db_connect | Oracle connection established successfully
2026-06-10 17:25:46,936 | INFO     | cte_executer_mod | Creating view: clndr_vw
2026-06-10 17:25:47,016 | INFO     | cte_executer_mod | Creating view: Wire_vw
2026-06-10 17:25:47,227 | INFO     | cte_executer_mod | Creating view: Mi_vw
2026-06-10 17:25:48,225 | INFO     | pipeline | Step completed: cte_executer
2026-06-10 17:25:48,225 | INFO     | pipeline | Step starting: sql_diagnostics
2026-06-10 17:25:51,350 | WARNING  | sql_diagnostics | SIM substitution Oracle error (Tot_Small_Trans_Amt >= 0): ORA-00911: invalid character
Help: https://docs.oracle.com/error-help/db/ora-00911/
2026-06-10 17:25:51,403 | WARNING  | sql_diagnostics | SIM injection Oracle error (Tot_Small_Trans_Amt >= 0): ORA-00911: invalid character
Help: https://docs.oracle.com/error-help/db/ora-00911/
2026-06-10 17:25:51,442 | WARNING  | sql_diagnostics | SIM injection Oracle error (Tot_Small_Trans_Amt >= 0): ORA-00911: invalid character
Help: https://docs.oracle.com/error-help/db/ora-00911/
2026-06-10 17:25:51,486 | WARNING  | sql_diagnostics | SIM substitution Oracle error (Tot_Small_Trans_Amt >= 3750): ORA-00911: invalid character
Help: https://docs.oracle.com/error-help/db/ora-00911/
2026-06-10 17:25:51,543 | WARNING  | sql_diagnostics | SIM injection Oracle error (Tot_Small_Trans_Amt >= 3750): ORA-00911: invalid character
Help: https://docs.oracle.com/error-help/db/ora-00911/
2026-06-10 17:25:51,582 | WARNING  | sql_diagnostics | SIM injection Oracle error (Tot_Small_Trans_Amt >= 3750): ORA-00911: invalid character
Help: https://docs.oracle.com/error-help/db/ora-00911/
2026-06-10 17:25:51,639 | WARNING  | sql_diagnostics | SIM substitution Oracle error (Tot_Small_Trans_Amt >= 2500): ORA-00911: invalid character
Help: https://docs.oracle.com/error-help/db/ora-00911/
2026-06-10 17:25:51,705 | WARNING  | sql_diagnostics | SIM injection Oracle error (Tot_Small_Trans_Amt >= 2500): ORA-00911: invalid character
Help: https://docs.oracle.com/error-help/db/ora-00911/
2026-06-10 17:25:51,767 | WARNING  | sql_diagnostics | SIM injection Oracle error (Tot_Small_Trans_Amt >= 2500): ORA-00911: invalid character
Help: https://docs.oracle.com/error-help/db/ora-00911/
2026-06-10 17:25:51,826 | WARNING  | sql_diagnostics | SIM substitution Oracle error (Tot_Small_Trans_Amt >= 1250): ORA-00911: invalid character
Help: https://docs.oracle.com/error-help/db/ora-00911/
2026-06-10 17:25:51,906 | WARNING  | sql_diagnostics | SIM injection Oracle error (Tot_Small_Trans_Amt >= 1250): ORA-00911: invalid character
Help: https://docs.oracle.com/error-help/db/ora-00911/
2026-06-10 17:25:51,951 | WARNING  | sql_diagnostics | SIM injection Oracle error (Tot_Small_Trans_Amt >= 1250): ORA-00911: invalid character
Help: https://docs.oracle.com/error-help/db/ora-00911/
2026-06-10 17:25:52,012 | WARNING  | sql_diagnostics | SIM substitution Oracle error (Tot_Small_Trans_Amt >= 500): ORA-00911: invalid character
Help: https://docs.oracle.com/error-help/db/ora-00911/
2026-06-10 17:25:52,072 | WARNING  | sql_diagnostics | SIM injection Oracle error (Tot_Small_Trans_Amt >= 500): ORA-00911: invalid character
Help: https://docs.oracle.com/error-help/db/ora-00911/
2026-06-10 17:25:52,115 | WARNING  | sql_diagnostics | SIM injection Oracle error (Tot_Small_Trans_Amt >= 500): ORA-00911: invalid character
Help: https://docs.oracle.com/error-help/db/ora-00911/
2026-06-10 17:25:52,115 | WARNING  | sql_diagnostics | All simulation strategies failed for Tot_Small_Trans_Amt >= 5000
2026-06-10 17:25:52,168 | WARNING  | sql_diagnostics | SIM substitution Oracle error (Tot_Small_Trans_Amt <= 100000): ORA-00911: invalid character
Help: https://docs.oracle.com/error-help/db/ora-00911/
2026-06-10 17:25:52,237 | WARNING  | sql_diagnostics | SIM injection Oracle error (Tot_Small_Trans_Amt <= 100000): ORA-00911: invalid character
Help: https://docs.oracle.com/error-help/db/ora-00911/
2026-06-10 17:25:52,288 | WARNING  | sql_diagnostics | SIM injection Oracle error (Tot_Small_Trans_Amt <= 100000): ORA-00911: invalid character
Help: https://docs.oracle.com/error-help/db/ora-00911/
2026-06-10 17:25:52,344 | WARNING  | sql_diagnostics | SIM substitution Oracle error (Tot_Small_Trans_Amt <= 250000): ORA-00911: invalid character
Help: https://docs.oracle.com/error-help/db/ora-00911/
2026-06-10 17:25:52,419 | WARNING  | sql_diagnostics | SIM injection Oracle error (Tot_Small_Trans_Amt <= 250000): ORA-00911: invalid character
Help: https://docs.oracle.com/error-help/db/ora-00911/
2026-06-10 17:25:52,458 | WARNING  | sql_diagnostics | SIM injection Oracle error (Tot_Small_Trans_Amt <= 250000): ORA-00911: invalid character
Help: https://docs.oracle.com/error-help/db/ora-00911/
2026-06-10 17:25:52,512 | WARNING  | sql_diagnostics | SIM substitution Oracle error (Tot_Small_Trans_Amt <= 500000): ORA-00911: invalid character
Help: https://docs.oracle.com/error-help/db/ora-00911/
2026-06-10 17:25:52,575 | WARNING  | sql_diagnostics | SIM injection Oracle error (Tot_Small_Trans_Amt <= 500000): ORA-00911: invalid character
Help: https://docs.oracle.com/error-help/db/ora-00911/
2026-06-10 17:25:52,621 | WARNING  | sql_diagnostics | SIM injection Oracle error (Tot_Small_Trans_Amt <= 500000): ORA-00911: invalid character
Help: https://docs.oracle.com/error-help/db/ora-00911/
2026-06-10 17:25:52,677 | WARNING  | sql_diagnostics | SIM substitution Oracle error (Tot_Small_Trans_Amt <= 2500000): ORA-00911: invalid character
Help: https://docs.oracle.com/error-help/db/ora-00911/
2026-06-10 17:25:52,754 | WARNING  | sql_diagnostics | SIM injection Oracle error (Tot_Small_Trans_Amt <= 2500000): ORA-00911: invalid character
Help: https://docs.oracle.com/error-help/db/ora-00911/
2026-06-10 17:25:52,797 | WARNING  | sql_diagnostics | SIM injection Oracle error (Tot_Small_Trans_Amt <= 2500000): ORA-00911: invalid character
Help: https://docs.oracle.com/error-help/db/ora-00911/
2026-06-10 17:25:52,847 | WARNING  | sql_diagnostics | SIM substitution Oracle error (Tot_Small_Trans_Amt <= 5000000): ORA-00911: invalid character
Help: https://docs.oracle.com/error-help/db/ora-00911/
2026-06-10 17:25:52,912 | WARNING  | sql_diagnostics | SIM injection Oracle error (Tot_Small_Trans_Amt <= 5000000): ORA-00911: invalid character
Help: https://docs.oracle.com/error-help/db/ora-00911/
2026-06-10 17:25:52,950 | WARNING  | sql_diagnostics | SIM injection Oracle error (Tot_Small_Trans_Amt <= 5000000): ORA-00911: invalid character
Help: https://docs.oracle.com/error-help/db/ora-00911/
2026-06-10 17:25:52,951 | WARNING  | sql_diagnostics | All simulation strategies failed for Tot_Small_Trans_Amt <= 50000
2026-06-10 17:25:53,086 | WARNING  | sql_diagnostics | SIM substitution Oracle error (end >= 0): ORA-00911: invalid character
Help: https://docs.oracle.com/error-help/db/ora-00911/
2026-06-10 17:25:53,187 | WARNING  | sql_diagnostics | SIM injection Oracle error (end >= 0): ORA-00911: invalid character
Help: https://docs.oracle.com/error-help/db/ora-00911/
2026-06-10 17:25:53,229 | WARNING  | sql_diagnostics | SIM injection Oracle error (end >= 0): ORA-00911: invalid character
Help: https://docs.oracle.com/error-help/db/ora-00911/
2026-06-10 17:25:53,276 | WARNING  | sql_diagnostics | SIM substitution Oracle error (end >= 56.25): ORA-00911: invalid character
Help: https://docs.oracle.com/error-help/db/ora-00911/
2026-06-10 17:25:53,337 | WARNING  | sql_diagnostics | SIM injection Oracle error (end >= 56.25): ORA-00911: invalid character
Help: https://docs.oracle.com/error-help/db/ora-00911/
2026-06-10 17:25:53,383 | WARNING  | sql_diagnostics | SIM injection Oracle error (end >= 56.25): ORA-00911: invalid character
Help: https://docs.oracle.com/error-help/db/ora-00911/
2026-06-10 17:25:53,437 | WARNING  | sql_diagnostics | SIM substitution Oracle error (end >= 37.5): ORA-00911: invalid character
Help: https://docs.oracle.com/error-help/db/ora-00911/
2026-06-10 17:25:53,500 | WARNING  | sql_diagnostics | SIM injection Oracle error (end >= 37.5): ORA-00911: invalid character
Help: https://docs.oracle.com/error-help/db/ora-00911/
2026-06-10 17:25:53,549 | WARNING  | sql_diagnostics | SIM injection Oracle error (end >= 37.5): ORA-00911: invalid character
Help: https://docs.oracle.com/error-help/db/ora-00911/
2026-06-10 17:25:53,604 | WARNING  | sql_diagnostics | SIM substitution Oracle error (end >= 18.75): ORA-00911: invalid character
Help: https://docs.oracle.com/error-help/db/ora-00911/
2026-06-10 17:25:53,679 | WARNING  | sql_diagnostics | SIM injection Oracle error (end >= 18.75): ORA-00911: invalid character
Help: https://docs.oracle.com/error-help/db/ora-00911/
2026-06-10 17:25:53,732 | WARNING  | sql_diagnostics | SIM injection Oracle error (end >= 18.75): ORA-00911: invalid character
Help: https://docs.oracle.com/error-help/db/ora-00911/
2026-06-10 17:25:53,787 | WARNING  | sql_diagnostics | SIM substitution Oracle error (end >= 7.5): ORA-00911: invalid character
Help: https://docs.oracle.com/error-help/db/ora-00911/
2026-06-10 17:25:53,845 | WARNING  | sql_diagnostics | SIM injection Oracle error (end >= 7.5): ORA-00911: invalid character
Help: https://docs.oracle.com/error-help/db/ora-00911/
2026-06-10 17:25:53,908 | WARNING  | sql_diagnostics | SIM injection Oracle error (end >= 7.5): ORA-00911: invalid character
Help: https://docs.oracle.com/error-help/db/ora-00911/
2026-06-10 17:25:53,908 | WARNING  | sql_diagnostics | All simulation strategies failed for end >= 75
2026-06-10 17:25:53,960 | WARNING  | sql_diagnostics | SIM substitution Oracle error (end <= 190): ORA-00911: invalid character
Help: https://docs.oracle.com/error-help/db/ora-00911/
2026-06-10 17:25:54,033 | WARNING  | sql_diagnostics | SIM injection Oracle error (end <= 190): ORA-00911: invalid character
Help: https://docs.oracle.com/error-help/db/ora-00911/
2026-06-10 17:25:54,082 | WARNING  | sql_diagnostics | SIM injection Oracle error (end <= 190): ORA-00911: invalid character
Help: https://docs.oracle.com/error-help/db/ora-00911/
2026-06-10 17:25:54,127 | WARNING  | sql_diagnostics | SIM substitution Oracle error (end <= 475): ORA-00911: invalid character
Help: https://docs.oracle.com/error-help/db/ora-00911/
2026-06-10 17:25:54,193 | WARNING  | sql_diagnostics | SIM injection Oracle error (end <= 475): ORA-00911: invalid character
Help: https://docs.oracle.com/error-help/db/ora-00911/
2026-06-10 17:25:54,234 | WARNING  | sql_diagnostics | SIM injection Oracle error (end <= 475): ORA-00911: invalid character
Help: https://docs.oracle.com/error-help/db/ora-00911/
2026-06-10 17:25:54,284 | WARNING  | sql_diagnostics | SIM substitution Oracle error (end <= 950): ORA-00911: invalid character
Help: https://docs.oracle.com/error-help/db/ora-00911/
2026-06-10 17:25:54,345 | WARNING  | sql_diagnostics | SIM injection Oracle error (end <= 950): ORA-00911: invalid character
Help: https://docs.oracle.com/error-help/db/ora-00911/
2026-06-10 17:25:54,391 | WARNING  | sql_diagnostics | SIM injection Oracle error (end <= 950): ORA-00911: invalid character
Help: https://docs.oracle.com/error-help/db/ora-00911/
2026-06-10 17:25:54,444 | WARNING  | sql_diagnostics | SIM substitution Oracle error (end <= 4750): ORA-00911: invalid character
Help: https://docs.oracle.com/error-help/db/ora-00911/
2026-06-10 17:25:54,508 | WARNING  | sql_diagnostics | SIM injection Oracle error (end <= 4750): ORA-00911: invalid character
Help: https://docs.oracle.com/error-help/db/ora-00911/
2026-06-10 17:25:54,551 | WARNING  | sql_diagnostics | SIM injection Oracle error (end <= 4750): ORA-00911: invalid character
Help: https://docs.oracle.com/error-help/db/ora-00911/
2026-06-10 17:25:54,600 | WARNING  | sql_diagnostics | SIM substitution Oracle error (end <= 9500): ORA-00911: invalid character
Help: https://docs.oracle.com/error-help/db/ora-00911/
2026-06-10 17:25:54,670 | WARNING  | sql_diagnostics | SIM injection Oracle error (end <= 9500): ORA-00911: invalid character
Help: https://docs.oracle.com/error-help/db/ora-00911/
2026-06-10 17:25:54,717 | WARNING  | sql_diagnostics | SIM injection Oracle error (end <= 9500): ORA-00911: invalid character
Help: https://docs.oracle.com/error-help/db/ora-00911/
2026-06-10 17:25:54,717 | WARNING  | sql_diagnostics | All simulation strategies failed for end <= 95
2026-06-10 17:25:54,867 | WARNING  | sql_diagnostics | SIM substitution Oracle error (Cntr_Party_Ct >= 0): ORA-00911: invalid character
Help: https://docs.oracle.com/error-help/db/ora-00911/
2026-06-10 17:25:54,944 | WARNING  | sql_diagnostics | SIM injection Oracle error (Cntr_Party_Ct >= 0): ORA-00911: invalid character
Help: https://docs.oracle.com/error-help/db/ora-00911/
2026-06-10 17:25:54,986 | WARNING  | sql_diagnostics | SIM injection Oracle error (Cntr_Party_Ct >= 0): ORA-00911: invalid character
Help: https://docs.oracle.com/error-help/db/ora-00911/
2026-06-10 17:25:55,034 | WARNING  | sql_diagnostics | SIM substitution Oracle error (Cntr_Party_Ct >= 2): ORA-00911: invalid character
Help: https://docs.oracle.com/error-help/db/ora-00911/
2026-06-10 17:25:55,108 | WARNING  | sql_diagnostics | SIM injection Oracle error (Cntr_Party_Ct >= 2): ORA-00911: invalid character
Help: https://docs.oracle.com/error-help/db/ora-00911/
2026-06-10 17:25:55,161 | WARNING  | sql_diagnostics | SIM injection Oracle error (Cntr_Party_Ct >= 2): ORA-00911: invalid character
Help: https://docs.oracle.com/error-help/db/ora-00911/
2026-06-10 17:25:55,213 | WARNING  | sql_diagnostics | SIM substitution Oracle error (Cntr_Party_Ct >= 1): ORA-00911: invalid character
Help: https://docs.oracle.com/error-help/db/ora-00911/
2026-06-10 17:25:55,291 | WARNING  | sql_diagnostics | SIM injection Oracle error (Cntr_Party_Ct >= 1): ORA-00911: invalid character
Help: https://docs.oracle.com/error-help/db/ora-00911/
2026-06-10 17:25:55,330 | WARNING  | sql_diagnostics | SIM injection Oracle error (Cntr_Party_Ct >= 1): ORA-00911: invalid character
Help: https://docs.oracle.com/error-help/db/ora-00911/
2026-06-10 17:25:55,330 | WARNING  | sql_diagnostics | All simulation strategies failed for Cntr_Party_Ct >= 3
2026-06-10 17:25:55,379 | WARNING  | sql_diagnostics | SIM substitution Oracle error (Cntr_Party_Ct <= 20): ORA-00911: invalid character
Help: https://docs.oracle.com/error-help/db/ora-00911/
2026-06-10 17:25:55,436 | WARNING  | sql_diagnostics | SIM injection Oracle error (Cntr_Party_Ct <= 20): ORA-00911: invalid character
Help: https://docs.oracle.com/error-help/db/ora-00911/
2026-06-10 17:25:55,484 | WARNING  | sql_diagnostics | SIM injection Oracle error (Cntr_Party_Ct <= 20): ORA-00911: invalid character
Help: https://docs.oracle.com/error-help/db/ora-00911/
2026-06-10 17:25:55,541 | WARNING  | sql_diagnostics | SIM substitution Oracle error (Cntr_Party_Ct <= 50): ORA-00911: invalid character
Help: https://docs.oracle.com/error-help/db/ora-00911/
2026-06-10 17:25:55,609 | WARNING  | sql_diagnostics | SIM injection Oracle error (Cntr_Party_Ct <= 50): ORA-00911: invalid character
Help: https://docs.oracle.com/error-help/db/ora-00911/
2026-06-10 17:25:55,664 | WARNING  | sql_diagnostics | SIM injection Oracle error (Cntr_Party_Ct <= 50): ORA-00911: invalid character
Help: https://docs.oracle.com/error-help/db/ora-00911/
2026-06-10 17:25:55,722 | WARNING  | sql_diagnostics | SIM substitution Oracle error (Cntr_Party_Ct <= 100): ORA-00911: invalid character
Help: https://docs.oracle.com/error-help/db/ora-00911/
2026-06-10 17:25:55,778 | WARNING  | sql_diagnostics | SIM injection Oracle error (Cntr_Party_Ct <= 100): ORA-00911: invalid character
Help: https://docs.oracle.com/error-help/db/ora-00911/
2026-06-10 17:25:55,824 | WARNING  | sql_diagnostics | SIM injection Oracle error (Cntr_Party_Ct <= 100): ORA-00911: invalid character
Help: https://docs.oracle.com/error-help/db/ora-00911/
2026-06-10 17:25:55,888 | WARNING  | sql_diagnostics | SIM substitution Oracle error (Cntr_Party_Ct <= 500): ORA-00911: invalid character
Help: https://docs.oracle.com/error-help/db/ora-00911/
2026-06-10 17:25:55,942 | WARNING  | sql_diagnostics | SIM injection Oracle error (Cntr_Party_Ct <= 500): ORA-00911: invalid character
Help: https://docs.oracle.com/error-help/db/ora-00911/
2026-06-10 17:25:55,993 | WARNING  | sql_diagnostics | SIM injection Oracle error (Cntr_Party_Ct <= 500): ORA-00911: invalid character
Help: https://docs.oracle.com/error-help/db/ora-00911/
2026-06-10 17:25:56,047 | WARNING  | sql_diagnostics | SIM substitution Oracle error (Cntr_Party_Ct <= 1000): ORA-00911: invalid character
Help: https://docs.oracle.com/error-help/db/ora-00911/
2026-06-10 17:25:56,134 | WARNING  | sql_diagnostics | SIM injection Oracle error (Cntr_Party_Ct <= 1000): ORA-00911: invalid character
Help: https://docs.oracle.com/error-help/db/ora-00911/
2026-06-10 17:25:56,174 | WARNING  | sql_diagnostics | SIM injection Oracle error (Cntr_Party_Ct <= 1000): ORA-00911: invalid character
Help: https://docs.oracle.com/error-help/db/ora-00911/
2026-06-10 17:25:56,175 | WARNING  | sql_diagnostics | All simulation strategies failed for Cntr_Party_Ct <= 10
2026-06-10 17:25:56,326 | WARNING  | sql_diagnostics | SIM substitution Oracle error (Names_Ct >= 0): ORA-00911: invalid character
Help: https://docs.oracle.com/error-help/db/ora-00911/
2026-06-10 17:25:56,386 | WARNING  | sql_diagnostics | SIM injection Oracle error (Names_Ct >= 0): ORA-00911: invalid character
Help: https://docs.oracle.com/error-help/db/ora-00911/
2026-06-10 17:25:56,433 | WARNING  | sql_diagnostics | SIM injection Oracle error (Names_Ct >= 0): ORA-00911: invalid character
Help: https://docs.oracle.com/error-help/db/ora-00911/
2026-06-10 17:25:56,492 | WARNING  | sql_diagnostics | SIM substitution Oracle error (Names_Ct >= 1): ORA-00911: invalid character
Help: https://docs.oracle.com/error-help/db/ora-00911/
2026-06-10 17:25:56,545 | WARNING  | sql_diagnostics | SIM injection Oracle error (Names_Ct >= 1): ORA-00911: invalid character
Help: https://docs.oracle.com/error-help/db/ora-00911/
2026-06-10 17:25:56,583 | WARNING  | sql_diagnostics | SIM injection Oracle error (Names_Ct >= 1): ORA-00911: invalid character
Help: https://docs.oracle.com/error-help/db/ora-00911/
2026-06-10 17:25:56,583 | WARNING  | sql_diagnostics | All simulation strategies failed for Names_Ct >= 2
2026-06-10 17:25:56,762 | INFO     | pipeline | Oracle connection closed after diagnostics
2026-06-10 17:25:56,799 | INFO     | pipeline | Step completed: sql_diagnostics
2026-06-10 17:25:56,831 | INFO     | pipeline | Pipeline completed — job_id=4875c16f-9208-41b9-8faf-438b11e003ea
2026-06-10 17:33:53,110 | INFO     | jobs | Job created: c25d67d0-723d-4778-b23d-79aa225a099f for user_id=1 file=c2543f83dbad4f5a861badd07b02e450_TERR_FIN_AIIN_Without_Alerts.log
2026-06-10 17:33:53,131 | INFO     | pipeline | Pipeline started — job_id=c25d67d0-723d-4778-b23d-79aa225a099f user=admin
2026-06-10 17:33:53,157 | INFO     | pipeline | Step starting: log_reader
2026-06-10 17:33:53,273 | INFO     | pipeline | Step completed: log_reader
2026-06-10 17:33:53,274 | INFO     | pipeline | Step starting: set_batch_date
2026-06-10 17:33:53,354 | INFO     | paramiko.transport | Connected (version 2.0, client OpenSSH_8.0)
2026-06-10 17:33:53,578 | INFO     | paramiko.transport | Authentication (password) successful!
2026-06-10 17:34:17,504 | INFO     | pipeline | Step completed: set_batch_date
2026-06-10 17:34:17,504 | INFO     | pipeline | Step starting: sql_executer
2026-06-10 17:34:17,520 | INFO     | db_connect | Connecting to Oracle (attempt 1/3)...
2026-06-10 17:34:17,745 | INFO     | db_connect | Oracle connection established successfully
2026-06-10 17:34:17,746 | INFO     | sql_executer | Loading SQL file: D:/OFSAA/Scenario_Debugger/outputs\20260610\ML-TerroristFinancing__ML-TerroristFinancing__AIIN\extracted_queries\ML_TerroristFinancing__ML_TerroristFinancing__AIIN_dataset_query_20260610_173353.sql
2026-06-10 17:34:17,749 | INFO     | sql_executer | SQL loaded successfully (31701 chars)
2026-06-10 17:34:17,750 | INFO     | sql_executer | Executing dataset query...
2026-06-10 17:34:18,577 | INFO     | pipeline | Step completed: sql_executer
2026-06-10 17:34:18,577 | INFO     | pipeline | Step starting: cte_parser
2026-06-10 17:34:18,824 | INFO     | pipeline | Step completed: cte_parser
2026-06-10 17:34:18,824 | INFO     | pipeline | Step starting: cte_executer
2026-06-10 17:34:18,850 | INFO     | db_connect | Connecting to Oracle (attempt 1/3)...
2026-06-10 17:34:19,027 | INFO     | db_connect | Oracle connection established successfully
2026-06-10 17:34:19,027 | INFO     | cte_executer_mod | Creating view: clndr_vw
2026-06-10 17:34:19,083 | INFO     | cte_executer_mod | Creating view: Wire_vw
2026-06-10 17:34:19,285 | INFO     | cte_executer_mod | Creating view: Mi_vw
2026-06-10 17:34:20,364 | INFO     | pipeline | Step completed: cte_executer
2026-06-10 17:34:20,364 | INFO     | pipeline | Step starting: sql_diagnostics
2026-06-10 17:34:23,455 | WARNING  | sql_diagnostics | SIM substitution Oracle error (Tot_Small_Trans_Amt >= 0): ORA-00911: invalid character
Help: https://docs.oracle.com/error-help/db/ora-00911/
2026-06-10 17:34:23,560 | WARNING  | sql_diagnostics | SIM injection Oracle error (Tot_Small_Trans_Amt >= 0): ORA-00911: invalid character
Help: https://docs.oracle.com/error-help/db/ora-00911/
2026-06-10 17:34:23,599 | WARNING  | sql_diagnostics | SIM injection Oracle error (Tot_Small_Trans_Amt >= 0): ORA-00911: invalid character
Help: https://docs.oracle.com/error-help/db/ora-00911/
2026-06-10 17:34:23,654 | WARNING  | sql_diagnostics | SIM substitution Oracle error (Tot_Small_Trans_Amt >= 3750): ORA-00911: invalid character
Help: https://docs.oracle.com/error-help/db/ora-00911/
2026-06-10 17:34:23,713 | WARNING  | sql_diagnostics | SIM injection Oracle error (Tot_Small_Trans_Amt >= 3750): ORA-00911: invalid character
Help: https://docs.oracle.com/error-help/db/ora-00911/
2026-06-10 17:34:23,769 | WARNING  | sql_diagnostics | SIM injection Oracle error (Tot_Small_Trans_Amt >= 3750): ORA-00911: invalid character
Help: https://docs.oracle.com/error-help/db/ora-00911/
2026-06-10 17:34:23,811 | WARNING  | sql_diagnostics | SIM substitution Oracle error (Tot_Small_Trans_Amt >= 2500): ORA-00911: invalid character
Help: https://docs.oracle.com/error-help/db/ora-00911/
2026-06-10 17:34:23,864 | WARNING  | sql_diagnostics | SIM injection Oracle error (Tot_Small_Trans_Amt >= 2500): ORA-00911: invalid character
Help: https://docs.oracle.com/error-help/db/ora-00911/
2026-06-10 17:34:23,909 | WARNING  | sql_diagnostics | SIM injection Oracle error (Tot_Small_Trans_Amt >= 2500): ORA-00911: invalid character
Help: https://docs.oracle.com/error-help/db/ora-00911/
2026-06-10 17:34:23,958 | WARNING  | sql_diagnostics | SIM substitution Oracle error (Tot_Small_Trans_Amt >= 1250): ORA-00911: invalid character
Help: https://docs.oracle.com/error-help/db/ora-00911/
2026-06-10 17:34:24,031 | WARNING  | sql_diagnostics | SIM injection Oracle error (Tot_Small_Trans_Amt >= 1250): ORA-00911: invalid character
Help: https://docs.oracle.com/error-help/db/ora-00911/
2026-06-10 17:34:24,073 | WARNING  | sql_diagnostics | SIM injection Oracle error (Tot_Small_Trans_Amt >= 1250): ORA-00911: invalid character
Help: https://docs.oracle.com/error-help/db/ora-00911/
2026-06-10 17:34:24,122 | WARNING  | sql_diagnostics | SIM substitution Oracle error (Tot_Small_Trans_Amt >= 500): ORA-00911: invalid character
Help: https://docs.oracle.com/error-help/db/ora-00911/
2026-06-10 17:34:24,183 | WARNING  | sql_diagnostics | SIM injection Oracle error (Tot_Small_Trans_Amt >= 500): ORA-00911: invalid character
Help: https://docs.oracle.com/error-help/db/ora-00911/
2026-06-10 17:34:24,234 | WARNING  | sql_diagnostics | SIM injection Oracle error (Tot_Small_Trans_Amt >= 500): ORA-00911: invalid character
Help: https://docs.oracle.com/error-help/db/ora-00911/
2026-06-10 17:34:24,235 | WARNING  | sql_diagnostics | All simulation strategies failed for Tot_Small_Trans_Amt >= 5000
2026-06-10 17:34:24,281 | WARNING  | sql_diagnostics | SIM substitution Oracle error (Tot_Small_Trans_Amt <= 100000): ORA-00911: invalid character
Help: https://docs.oracle.com/error-help/db/ora-00911/
2026-06-10 17:34:24,358 | WARNING  | sql_diagnostics | SIM injection Oracle error (Tot_Small_Trans_Amt <= 100000): ORA-00911: invalid character
Help: https://docs.oracle.com/error-help/db/ora-00911/
2026-06-10 17:34:24,430 | WARNING  | sql_diagnostics | SIM injection Oracle error (Tot_Small_Trans_Amt <= 100000): ORA-00911: invalid character
Help: https://docs.oracle.com/error-help/db/ora-00911/
2026-06-10 17:34:24,509 | WARNING  | sql_diagnostics | SIM substitution Oracle error (Tot_Small_Trans_Amt <= 250000): ORA-00911: invalid character
Help: https://docs.oracle.com/error-help/db/ora-00911/
2026-06-10 17:34:24,576 | WARNING  | sql_diagnostics | SIM injection Oracle error (Tot_Small_Trans_Amt <= 250000): ORA-00911: invalid character
Help: https://docs.oracle.com/error-help/db/ora-00911/
2026-06-10 17:34:24,614 | WARNING  | sql_diagnostics | SIM injection Oracle error (Tot_Small_Trans_Amt <= 250000): ORA-00911: invalid character
Help: https://docs.oracle.com/error-help/db/ora-00911/
2026-06-10 17:34:24,659 | WARNING  | sql_diagnostics | SIM substitution Oracle error (Tot_Small_Trans_Amt <= 500000): ORA-00911: invalid character
Help: https://docs.oracle.com/error-help/db/ora-00911/
2026-06-10 17:34:24,720 | WARNING  | sql_diagnostics | SIM injection Oracle error (Tot_Small_Trans_Amt <= 500000): ORA-00911: invalid character
Help: https://docs.oracle.com/error-help/db/ora-00911/
2026-06-10 17:34:24,778 | WARNING  | sql_diagnostics | SIM injection Oracle error (Tot_Small_Trans_Amt <= 500000): ORA-00911: invalid character
Help: https://docs.oracle.com/error-help/db/ora-00911/
2026-06-10 17:34:24,853 | WARNING  | sql_diagnostics | SIM substitution Oracle error (Tot_Small_Trans_Amt <= 2500000): ORA-00911: invalid character
Help: https://docs.oracle.com/error-help/db/ora-00911/
2026-06-10 17:34:24,920 | WARNING  | sql_diagnostics | SIM injection Oracle error (Tot_Small_Trans_Amt <= 2500000): ORA-00911: invalid character
Help: https://docs.oracle.com/error-help/db/ora-00911/
2026-06-10 17:34:24,963 | WARNING  | sql_diagnostics | SIM injection Oracle error (Tot_Small_Trans_Amt <= 2500000): ORA-00911: invalid character
Help: https://docs.oracle.com/error-help/db/ora-00911/
2026-06-10 17:34:25,008 | WARNING  | sql_diagnostics | SIM substitution Oracle error (Tot_Small_Trans_Amt <= 5000000): ORA-00911: invalid character
Help: https://docs.oracle.com/error-help/db/ora-00911/
2026-06-10 17:34:25,055 | WARNING  | sql_diagnostics | SIM injection Oracle error (Tot_Small_Trans_Amt <= 5000000): ORA-00911: invalid character
Help: https://docs.oracle.com/error-help/db/ora-00911/
2026-06-10 17:34:25,098 | WARNING  | sql_diagnostics | SIM injection Oracle error (Tot_Small_Trans_Amt <= 5000000): ORA-00911: invalid character
Help: https://docs.oracle.com/error-help/db/ora-00911/
2026-06-10 17:34:25,099 | WARNING  | sql_diagnostics | All simulation strategies failed for Tot_Small_Trans_Amt <= 50000
2026-06-10 17:34:25,238 | WARNING  | sql_diagnostics | SIM substitution Oracle error (end >= 0): ORA-00911: invalid character
Help: https://docs.oracle.com/error-help/db/ora-00911/
2026-06-10 17:34:25,292 | WARNING  | sql_diagnostics | SIM injection Oracle error (end >= 0): ORA-00911: invalid character
Help: https://docs.oracle.com/error-help/db/ora-00911/
2026-06-10 17:34:25,340 | WARNING  | sql_diagnostics | SIM injection Oracle error (end >= 0): ORA-00911: invalid character
Help: https://docs.oracle.com/error-help/db/ora-00911/
2026-06-10 17:34:25,404 | WARNING  | sql_diagnostics | SIM substitution Oracle error (end >= 56.25): ORA-00911: invalid character
Help: https://docs.oracle.com/error-help/db/ora-00911/
2026-06-10 17:34:25,465 | WARNING  | sql_diagnostics | SIM injection Oracle error (end >= 56.25): ORA-00911: invalid character
Help: https://docs.oracle.com/error-help/db/ora-00911/
2026-06-10 17:34:25,514 | WARNING  | sql_diagnostics | SIM injection Oracle error (end >= 56.25): ORA-00911: invalid character
Help: https://docs.oracle.com/error-help/db/ora-00911/
2026-06-10 17:34:25,559 | WARNING  | sql_diagnostics | SIM substitution Oracle error (end >= 37.5): ORA-00911: invalid character
Help: https://docs.oracle.com/error-help/db/ora-00911/
2026-06-10 17:34:25,617 | WARNING  | sql_diagnostics | SIM injection Oracle error (end >= 37.5): ORA-00911: invalid character
Help: https://docs.oracle.com/error-help/db/ora-00911/
2026-06-10 17:34:25,672 | WARNING  | sql_diagnostics | SIM injection Oracle error (end >= 37.5): ORA-00911: invalid character
Help: https://docs.oracle.com/error-help/db/ora-00911/
2026-06-10 17:34:25,715 | WARNING  | sql_diagnostics | SIM substitution Oracle error (end >= 18.75): ORA-00911: invalid character
Help: https://docs.oracle.com/error-help/db/ora-00911/
2026-06-10 17:34:25,773 | WARNING  | sql_diagnostics | SIM injection Oracle error (end >= 18.75): ORA-00911: invalid character
Help: https://docs.oracle.com/error-help/db/ora-00911/
2026-06-10 17:34:25,815 | WARNING  | sql_diagnostics | SIM injection Oracle error (end >= 18.75): ORA-00911: invalid character
Help: https://docs.oracle.com/error-help/db/ora-00911/
2026-06-10 17:34:25,862 | WARNING  | sql_diagnostics | SIM substitution Oracle error (end >= 7.5): ORA-00911: invalid character
Help: https://docs.oracle.com/error-help/db/ora-00911/
2026-06-10 17:34:25,923 | WARNING  | sql_diagnostics | SIM injection Oracle error (end >= 7.5): ORA-00911: invalid character
Help: https://docs.oracle.com/error-help/db/ora-00911/
2026-06-10 17:34:25,966 | WARNING  | sql_diagnostics | SIM injection Oracle error (end >= 7.5): ORA-00911: invalid character
Help: https://docs.oracle.com/error-help/db/ora-00911/
2026-06-10 17:34:25,966 | WARNING  | sql_diagnostics | All simulation strategies failed for end >= 75
2026-06-10 17:34:26,023 | WARNING  | sql_diagnostics | SIM substitution Oracle error (end <= 190): ORA-00911: invalid character
Help: https://docs.oracle.com/error-help/db/ora-00911/
2026-06-10 17:34:26,092 | WARNING  | sql_diagnostics | SIM injection Oracle error (end <= 190): ORA-00911: invalid character
Help: https://docs.oracle.com/error-help/db/ora-00911/
2026-06-10 17:34:26,139 | WARNING  | sql_diagnostics | SIM injection Oracle error (end <= 190): ORA-00911: invalid character
Help: https://docs.oracle.com/error-help/db/ora-00911/
2026-06-10 17:34:26,183 | WARNING  | sql_diagnostics | SIM substitution Oracle error (end <= 475): ORA-00911: invalid character
Help: https://docs.oracle.com/error-help/db/ora-00911/
2026-06-10 17:34:26,262 | WARNING  | sql_diagnostics | SIM injection Oracle error (end <= 475): ORA-00911: invalid character
Help: https://docs.oracle.com/error-help/db/ora-00911/
2026-06-10 17:34:26,303 | WARNING  | sql_diagnostics | SIM injection Oracle error (end <= 475): ORA-00911: invalid character
Help: https://docs.oracle.com/error-help/db/ora-00911/
2026-06-10 17:34:26,354 | WARNING  | sql_diagnostics | SIM substitution Oracle error (end <= 950): ORA-00911: invalid character
Help: https://docs.oracle.com/error-help/db/ora-00911/
2026-06-10 17:34:26,442 | WARNING  | sql_diagnostics | SIM injection Oracle error (end <= 950): ORA-00911: invalid character
Help: https://docs.oracle.com/error-help/db/ora-00911/
2026-06-10 17:34:26,489 | WARNING  | sql_diagnostics | SIM injection Oracle error (end <= 950): ORA-00911: invalid character
Help: https://docs.oracle.com/error-help/db/ora-00911/
2026-06-10 17:34:26,543 | WARNING  | sql_diagnostics | SIM substitution Oracle error (end <= 4750): ORA-00911: invalid character
Help: https://docs.oracle.com/error-help/db/ora-00911/
2026-06-10 17:34:26,610 | WARNING  | sql_diagnostics | SIM injection Oracle error (end <= 4750): ORA-00911: invalid character
Help: https://docs.oracle.com/error-help/db/ora-00911/
2026-06-10 17:34:26,648 | WARNING  | sql_diagnostics | SIM injection Oracle error (end <= 4750): ORA-00911: invalid character
Help: https://docs.oracle.com/error-help/db/ora-00911/
2026-06-10 17:34:26,710 | WARNING  | sql_diagnostics | SIM substitution Oracle error (end <= 9500): ORA-00911: invalid character
Help: https://docs.oracle.com/error-help/db/ora-00911/
2026-06-10 17:34:26,786 | WARNING  | sql_diagnostics | SIM injection Oracle error (end <= 9500): ORA-00911: invalid character
Help: https://docs.oracle.com/error-help/db/ora-00911/
2026-06-10 17:34:26,830 | WARNING  | sql_diagnostics | SIM injection Oracle error (end <= 9500): ORA-00911: invalid character
Help: https://docs.oracle.com/error-help/db/ora-00911/
2026-06-10 17:34:26,831 | WARNING  | sql_diagnostics | All simulation strategies failed for end <= 95
2026-06-10 17:34:26,957 | WARNING  | sql_diagnostics | SIM substitution Oracle error (Cntr_Party_Ct >= 0): ORA-00911: invalid character
Help: https://docs.oracle.com/error-help/db/ora-00911/
2026-06-10 17:34:27,039 | WARNING  | sql_diagnostics | SIM injection Oracle error (Cntr_Party_Ct >= 0): ORA-00911: invalid character
Help: https://docs.oracle.com/error-help/db/ora-00911/
2026-06-10 17:34:27,083 | WARNING  | sql_diagnostics | SIM injection Oracle error (Cntr_Party_Ct >= 0): ORA-00911: invalid character
Help: https://docs.oracle.com/error-help/db/ora-00911/
2026-06-10 17:34:27,134 | WARNING  | sql_diagnostics | SIM substitution Oracle error (Cntr_Party_Ct >= 2): ORA-00911: invalid character
Help: https://docs.oracle.com/error-help/db/ora-00911/
2026-06-10 17:34:27,189 | WARNING  | sql_diagnostics | SIM injection Oracle error (Cntr_Party_Ct >= 2): ORA-00911: invalid character
Help: https://docs.oracle.com/error-help/db/ora-00911/
2026-06-10 17:34:27,245 | WARNING  | sql_diagnostics | SIM injection Oracle error (Cntr_Party_Ct >= 2): ORA-00911: invalid character
Help: https://docs.oracle.com/error-help/db/ora-00911/
2026-06-10 17:34:27,298 | WARNING  | sql_diagnostics | SIM substitution Oracle error (Cntr_Party_Ct >= 1): ORA-00911: invalid character
Help: https://docs.oracle.com/error-help/db/ora-00911/
2026-06-10 17:34:27,374 | WARNING  | sql_diagnostics | SIM injection Oracle error (Cntr_Party_Ct >= 1): ORA-00911: invalid character
Help: https://docs.oracle.com/error-help/db/ora-00911/
2026-06-10 17:34:27,423 | WARNING  | sql_diagnostics | SIM injection Oracle error (Cntr_Party_Ct >= 1): ORA-00911: invalid character
Help: https://docs.oracle.com/error-help/db/ora-00911/
2026-06-10 17:34:27,424 | WARNING  | sql_diagnostics | All simulation strategies failed for Cntr_Party_Ct >= 3
2026-06-10 17:34:27,479 | WARNING  | sql_diagnostics | SIM substitution Oracle error (Cntr_Party_Ct <= 20): ORA-00911: invalid character
Help: https://docs.oracle.com/error-help/db/ora-00911/
2026-06-10 17:34:27,550 | WARNING  | sql_diagnostics | SIM injection Oracle error (Cntr_Party_Ct <= 20): ORA-00911: invalid character
Help: https://docs.oracle.com/error-help/db/ora-00911/
2026-06-10 17:34:27,591 | WARNING  | sql_diagnostics | SIM injection Oracle error (Cntr_Party_Ct <= 20): ORA-00911: invalid character
Help: https://docs.oracle.com/error-help/db/ora-00911/
2026-06-10 17:34:27,642 | WARNING  | sql_diagnostics | SIM substitution Oracle error (Cntr_Party_Ct <= 50): ORA-00911: invalid character
Help: https://docs.oracle.com/error-help/db/ora-00911/
2026-06-10 17:34:27,699 | WARNING  | sql_diagnostics | SIM injection Oracle error (Cntr_Party_Ct <= 50): ORA-00911: invalid character
Help: https://docs.oracle.com/error-help/db/ora-00911/
2026-06-10 17:34:27,744 | WARNING  | sql_diagnostics | SIM injection Oracle error (Cntr_Party_Ct <= 50): ORA-00911: invalid character
Help: https://docs.oracle.com/error-help/db/ora-00911/
2026-06-10 17:34:27,800 | WARNING  | sql_diagnostics | SIM substitution Oracle error (Cntr_Party_Ct <= 100): ORA-00911: invalid character
Help: https://docs.oracle.com/error-help/db/ora-00911/
2026-06-10 17:34:27,863 | WARNING  | sql_diagnostics | SIM injection Oracle error (Cntr_Party_Ct <= 100): ORA-00911: invalid character
Help: https://docs.oracle.com/error-help/db/ora-00911/
2026-06-10 17:34:27,909 | WARNING  | sql_diagnostics | SIM injection Oracle error (Cntr_Party_Ct <= 100): ORA-00911: invalid character
Help: https://docs.oracle.com/error-help/db/ora-00911/
2026-06-10 17:34:27,960 | WARNING  | sql_diagnostics | SIM substitution Oracle error (Cntr_Party_Ct <= 500): ORA-00911: invalid character
Help: https://docs.oracle.com/error-help/db/ora-00911/
2026-06-10 17:34:28,022 | WARNING  | sql_diagnostics | SIM injection Oracle error (Cntr_Party_Ct <= 500): ORA-00911: invalid character
Help: https://docs.oracle.com/error-help/db/ora-00911/
2026-06-10 17:34:28,075 | WARNING  | sql_diagnostics | SIM injection Oracle error (Cntr_Party_Ct <= 500): ORA-00911: invalid character
Help: https://docs.oracle.com/error-help/db/ora-00911/
2026-06-10 17:34:28,121 | WARNING  | sql_diagnostics | SIM substitution Oracle error (Cntr_Party_Ct <= 1000): ORA-00911: invalid character
Help: https://docs.oracle.com/error-help/db/ora-00911/
2026-06-10 17:34:28,205 | WARNING  | sql_diagnostics | SIM injection Oracle error (Cntr_Party_Ct <= 1000): ORA-00911: invalid character
Help: https://docs.oracle.com/error-help/db/ora-00911/
2026-06-10 17:34:28,283 | WARNING  | sql_diagnostics | SIM injection Oracle error (Cntr_Party_Ct <= 1000): ORA-00911: invalid character
Help: https://docs.oracle.com/error-help/db/ora-00911/
2026-06-10 17:34:28,283 | WARNING  | sql_diagnostics | All simulation strategies failed for Cntr_Party_Ct <= 10
2026-06-10 17:34:28,492 | WARNING  | sql_diagnostics | SIM substitution Oracle error (Names_Ct >= 0): ORA-00911: invalid character
Help: https://docs.oracle.com/error-help/db/ora-00911/
2026-06-10 17:34:28,560 | WARNING  | sql_diagnostics | SIM injection Oracle error (Names_Ct >= 0): ORA-00911: invalid character
Help: https://docs.oracle.com/error-help/db/ora-00911/
2026-06-10 17:34:28,597 | WARNING  | sql_diagnostics | SIM injection Oracle error (Names_Ct >= 0): ORA-00911: invalid character
Help: https://docs.oracle.com/error-help/db/ora-00911/
2026-06-10 17:34:28,639 | WARNING  | sql_diagnostics | SIM substitution Oracle error (Names_Ct >= 1): ORA-00911: invalid character
Help: https://docs.oracle.com/error-help/db/ora-00911/
2026-06-10 17:34:28,686 | WARNING  | sql_diagnostics | SIM injection Oracle error (Names_Ct >= 1): ORA-00911: invalid character
Help: https://docs.oracle.com/error-help/db/ora-00911/
2026-06-10 17:34:28,742 | WARNING  | sql_diagnostics | SIM injection Oracle error (Names_Ct >= 1): ORA-00911: invalid character
Help: https://docs.oracle.com/error-help/db/ora-00911/
2026-06-10 17:34:28,743 | WARNING  | sql_diagnostics | All simulation strategies failed for Names_Ct >= 2
2026-06-10 17:34:28,922 | INFO     | pipeline | Oracle connection closed after diagnostics
2026-06-10 17:34:28,946 | INFO     | pipeline | Step completed: sql_diagnostics
2026-06-10 17:34:28,976 | INFO     | pipeline | Pipeline completed — job_id=c25d67d0-723d-4778-b23d-79aa225a099f
2026-06-10 17:43:07,431 | INFO     | jobs | Job created: 4be60c41-50bc-44ed-b581-6e362df695bb for user_id=1 file=c2543f83dbad4f5a861badd07b02e450_TERR_FIN_AIIN_Without_Alerts.log
2026-06-10 17:43:07,491 | INFO     | pipeline | Pipeline started — job_id=4be60c41-50bc-44ed-b581-6e362df695bb user=admin
2026-06-10 17:43:07,616 | INFO     | pipeline | Step starting: log_reader
2026-06-10 17:43:07,993 | INFO     | pipeline | Step completed: log_reader
2026-06-10 17:43:07,993 | INFO     | pipeline | Step starting: set_batch_date
2026-06-10 17:43:08,065 | INFO     | paramiko.transport | Connected (version 2.0, client OpenSSH_8.0)
2026-06-10 17:43:08,288 | INFO     | paramiko.transport | Authentication (password) successful!
2026-06-10 17:43:32,515 | INFO     | pipeline | Step completed: set_batch_date
2026-06-10 17:43:32,516 | INFO     | pipeline | Step starting: sql_executer
2026-06-10 17:43:32,537 | INFO     | db_connect | Connecting to Oracle (attempt 1/3)...
2026-06-10 17:43:32,804 | INFO     | db_connect | Oracle connection established successfully
2026-06-10 17:43:32,804 | INFO     | sql_executer | Loading SQL file: D:/OFSAA/Scenario_Debugger/outputs\20260610\ML-TerroristFinancing__ML-TerroristFinancing__AIIN\extracted_queries\ML_TerroristFinancing__ML_TerroristFinancing__AIIN_dataset_query_20260610_174307.sql
2026-06-10 17:43:32,806 | INFO     | sql_executer | SQL loaded successfully (31701 chars)
2026-06-10 17:43:32,806 | INFO     | sql_executer | Executing dataset query...
2026-06-10 17:43:33,691 | INFO     | pipeline | Step completed: sql_executer
2026-06-10 17:43:33,691 | INFO     | pipeline | Step starting: cte_parser
2026-06-10 17:43:33,918 | INFO     | pipeline | Step completed: cte_parser
2026-06-10 17:43:33,918 | INFO     | pipeline | Step starting: cte_executer
2026-06-10 17:43:33,937 | INFO     | db_connect | Connecting to Oracle (attempt 1/3)...
2026-06-10 17:43:34,102 | INFO     | db_connect | Oracle connection established successfully
2026-06-10 17:43:34,103 | INFO     | cte_executer_mod | Creating view: clndr_vw
2026-06-10 17:43:34,160 | INFO     | cte_executer_mod | Creating view: Wire_vw
2026-06-10 17:43:34,358 | INFO     | cte_executer_mod | Creating view: Mi_vw
2026-06-10 17:43:35,505 | INFO     | pipeline | Step completed: cte_executer
2026-06-10 17:43:35,505 | INFO     | pipeline | Step starting: sql_diagnostics
2026-06-10 17:43:38,623 | WARNING  | sql_diagnostics | SIM substitution Oracle error (Tot_Small_Trans_Amt >= 0): ORA-00911: invalid character
Help: https://docs.oracle.com/error-help/db/ora-00911/
2026-06-10 17:43:38,707 | WARNING  | sql_diagnostics | SIM injection Oracle error (Tot_Small_Trans_Amt >= 0): ORA-00911: invalid character
Help: https://docs.oracle.com/error-help/db/ora-00911/
2026-06-10 17:43:38,740 | WARNING  | sql_diagnostics | SIM injection Oracle error (Tot_Small_Trans_Amt >= 0): ORA-00911: invalid character
Help: https://docs.oracle.com/error-help/db/ora-00911/
2026-06-10 17:43:38,785 | WARNING  | sql_diagnostics | SIM substitution Oracle error (Tot_Small_Trans_Amt >= 3750): ORA-00911: invalid character
Help: https://docs.oracle.com/error-help/db/ora-00911/
2026-06-10 17:43:38,837 | WARNING  | sql_diagnostics | SIM injection Oracle error (Tot_Small_Trans_Amt >= 3750): ORA-00911: invalid character
Help: https://docs.oracle.com/error-help/db/ora-00911/
2026-06-10 17:43:38,889 | WARNING  | sql_diagnostics | SIM injection Oracle error (Tot_Small_Trans_Amt >= 3750): ORA-00911: invalid character
Help: https://docs.oracle.com/error-help/db/ora-00911/
2026-06-10 17:43:38,935 | WARNING  | sql_diagnostics | SIM substitution Oracle error (Tot_Small_Trans_Amt >= 2500): ORA-00911: invalid character
Help: https://docs.oracle.com/error-help/db/ora-00911/
2026-06-10 17:43:38,998 | WARNING  | sql_diagnostics | SIM injection Oracle error (Tot_Small_Trans_Amt >= 2500): ORA-00911: invalid character
Help: https://docs.oracle.com/error-help/db/ora-00911/
2026-06-10 17:43:39,039 | WARNING  | sql_diagnostics | SIM injection Oracle error (Tot_Small_Trans_Amt >= 2500): ORA-00911: invalid character
Help: https://docs.oracle.com/error-help/db/ora-00911/
2026-06-10 17:43:39,086 | WARNING  | sql_diagnostics | SIM substitution Oracle error (Tot_Small_Trans_Amt >= 1250): ORA-00911: invalid character
Help: https://docs.oracle.com/error-help/db/ora-00911/
2026-06-10 17:43:39,164 | WARNING  | sql_diagnostics | SIM injection Oracle error (Tot_Small_Trans_Amt >= 1250): ORA-00911: invalid character
Help: https://docs.oracle.com/error-help/db/ora-00911/
2026-06-10 17:43:39,205 | WARNING  | sql_diagnostics | SIM injection Oracle error (Tot_Small_Trans_Amt >= 1250): ORA-00911: invalid character
Help: https://docs.oracle.com/error-help/db/ora-00911/
2026-06-10 17:43:39,253 | WARNING  | sql_diagnostics | SIM substitution Oracle error (Tot_Small_Trans_Amt >= 500): ORA-00911: invalid character
Help: https://docs.oracle.com/error-help/db/ora-00911/
2026-06-10 17:43:39,323 | WARNING  | sql_diagnostics | SIM injection Oracle error (Tot_Small_Trans_Amt >= 500): ORA-00911: invalid character
Help: https://docs.oracle.com/error-help/db/ora-00911/
2026-06-10 17:43:39,370 | WARNING  | sql_diagnostics | SIM injection Oracle error (Tot_Small_Trans_Amt >= 500): ORA-00911: invalid character
Help: https://docs.oracle.com/error-help/db/ora-00911/
2026-06-10 17:43:39,371 | WARNING  | sql_diagnostics | All simulation strategies failed for Tot_Small_Trans_Amt >= 5000
2026-06-10 17:43:39,440 | WARNING  | sql_diagnostics | SIM substitution Oracle error (Tot_Small_Trans_Amt <= 100000): ORA-00911: invalid character
Help: https://docs.oracle.com/error-help/db/ora-00911/
2026-06-10 17:43:39,542 | WARNING  | sql_diagnostics | SIM injection Oracle error (Tot_Small_Trans_Amt <= 100000): ORA-00911: invalid character
Help: https://docs.oracle.com/error-help/db/ora-00911/
2026-06-10 17:43:39,593 | WARNING  | sql_diagnostics | SIM injection Oracle error (Tot_Small_Trans_Amt <= 100000): ORA-00911: invalid character
Help: https://docs.oracle.com/error-help/db/ora-00911/
2026-06-10 17:43:39,642 | WARNING  | sql_diagnostics | SIM substitution Oracle error (Tot_Small_Trans_Amt <= 250000): ORA-00911: invalid character
Help: https://docs.oracle.com/error-help/db/ora-00911/
2026-06-10 17:43:39,713 | WARNING  | sql_diagnostics | SIM injection Oracle error (Tot_Small_Trans_Amt <= 250000): ORA-00911: invalid character
Help: https://docs.oracle.com/error-help/db/ora-00911/
2026-06-10 17:43:39,756 | WARNING  | sql_diagnostics | SIM injection Oracle error (Tot_Small_Trans_Amt <= 250000): ORA-00911: invalid character
Help: https://docs.oracle.com/error-help/db/ora-00911/
2026-06-10 17:43:39,813 | WARNING  | sql_diagnostics | SIM substitution Oracle error (Tot_Small_Trans_Amt <= 500000): ORA-00911: invalid character
Help: https://docs.oracle.com/error-help/db/ora-00911/
2026-06-10 17:43:39,893 | WARNING  | sql_diagnostics | SIM injection Oracle error (Tot_Small_Trans_Amt <= 500000): ORA-00911: invalid character
Help: https://docs.oracle.com/error-help/db/ora-00911/
2026-06-10 17:43:39,953 | WARNING  | sql_diagnostics | SIM injection Oracle error (Tot_Small_Trans_Amt <= 500000): ORA-00911: invalid character
Help: https://docs.oracle.com/error-help/db/ora-00911/
2026-06-10 17:43:40,015 | WARNING  | sql_diagnostics | SIM substitution Oracle error (Tot_Small_Trans_Amt <= 2500000): ORA-00911: invalid character
Help: https://docs.oracle.com/error-help/db/ora-00911/
2026-06-10 17:43:40,087 | WARNING  | sql_diagnostics | SIM injection Oracle error (Tot_Small_Trans_Amt <= 2500000): ORA-00911: invalid character
Help: https://docs.oracle.com/error-help/db/ora-00911/
2026-06-10 17:43:40,139 | WARNING  | sql_diagnostics | SIM injection Oracle error (Tot_Small_Trans_Amt <= 2500000): ORA-00911: invalid character
Help: https://docs.oracle.com/error-help/db/ora-00911/
2026-06-10 17:43:40,200 | WARNING  | sql_diagnostics | SIM substitution Oracle error (Tot_Small_Trans_Amt <= 5000000): ORA-00911: invalid character
Help: https://docs.oracle.com/error-help/db/ora-00911/
2026-06-10 17:43:40,292 | WARNING  | sql_diagnostics | SIM injection Oracle error (Tot_Small_Trans_Amt <= 5000000): ORA-00911: invalid character
Help: https://docs.oracle.com/error-help/db/ora-00911/
2026-06-10 17:43:40,336 | WARNING  | sql_diagnostics | SIM injection Oracle error (Tot_Small_Trans_Amt <= 5000000): ORA-00911: invalid character
Help: https://docs.oracle.com/error-help/db/ora-00911/
2026-06-10 17:43:40,336 | WARNING  | sql_diagnostics | All simulation strategies failed for Tot_Small_Trans_Amt <= 50000
2026-06-10 17:43:40,491 | WARNING  | sql_diagnostics | SIM substitution Oracle error (end >= 0): ORA-00911: invalid character
Help: https://docs.oracle.com/error-help/db/ora-00911/
2026-06-10 17:43:40,579 | WARNING  | sql_diagnostics | SIM injection Oracle error (end >= 0): ORA-00911: invalid character
Help: https://docs.oracle.com/error-help/db/ora-00911/
2026-06-10 17:43:40,627 | WARNING  | sql_diagnostics | SIM injection Oracle error (end >= 0): ORA-00911: invalid character
Help: https://docs.oracle.com/error-help/db/ora-00911/
2026-06-10 17:43:40,693 | WARNING  | sql_diagnostics | SIM substitution Oracle error (end >= 56.25): ORA-00911: invalid character
Help: https://docs.oracle.com/error-help/db/ora-00911/
2026-06-10 17:43:40,751 | WARNING  | sql_diagnostics | SIM injection Oracle error (end >= 56.25): ORA-00911: invalid character
Help: https://docs.oracle.com/error-help/db/ora-00911/
2026-06-10 17:43:40,813 | WARNING  | sql_diagnostics | SIM injection Oracle error (end >= 56.25): ORA-00911: invalid character
Help: https://docs.oracle.com/error-help/db/ora-00911/
2026-06-10 17:43:40,877 | WARNING  | sql_diagnostics | SIM substitution Oracle error (end >= 37.5): ORA-00911: invalid character
Help: https://docs.oracle.com/error-help/db/ora-00911/
2026-06-10 17:43:40,972 | WARNING  | sql_diagnostics | SIM injection Oracle error (end >= 37.5): ORA-00911: invalid character
Help: https://docs.oracle.com/error-help/db/ora-00911/
2026-06-10 17:43:41,017 | WARNING  | sql_diagnostics | SIM injection Oracle error (end >= 37.5): ORA-00911: invalid character
Help: https://docs.oracle.com/error-help/db/ora-00911/
2026-06-10 17:43:41,077 | WARNING  | sql_diagnostics | SIM substitution Oracle error (end >= 18.75): ORA-00911: invalid character
Help: https://docs.oracle.com/error-help/db/ora-00911/
2026-06-10 17:43:41,157 | WARNING  | sql_diagnostics | SIM injection Oracle error (end >= 18.75): ORA-00911: invalid character
Help: https://docs.oracle.com/error-help/db/ora-00911/
2026-06-10 17:43:41,209 | WARNING  | sql_diagnostics | SIM injection Oracle error (end >= 18.75): ORA-00911: invalid character
Help: https://docs.oracle.com/error-help/db/ora-00911/
2026-06-10 17:43:41,263 | WARNING  | sql_diagnostics | SIM substitution Oracle error (end >= 7.5): ORA-00911: invalid character
Help: https://docs.oracle.com/error-help/db/ora-00911/
2026-06-10 17:43:41,339 | WARNING  | sql_diagnostics | SIM injection Oracle error (end >= 7.5): ORA-00911: invalid character
Help: https://docs.oracle.com/error-help/db/ora-00911/
2026-06-10 17:43:41,394 | WARNING  | sql_diagnostics | SIM injection Oracle error (end >= 7.5): ORA-00911: invalid character
Help: https://docs.oracle.com/error-help/db/ora-00911/
2026-06-10 17:43:41,395 | WARNING  | sql_diagnostics | All simulation strategies failed for end >= 75
2026-06-10 17:43:41,448 | WARNING  | sql_diagnostics | SIM substitution Oracle error (end <= 190): ORA-00911: invalid character
Help: https://docs.oracle.com/error-help/db/ora-00911/
2026-06-10 17:43:41,520 | WARNING  | sql_diagnostics | SIM injection Oracle error (end <= 190): ORA-00911: invalid character
Help: https://docs.oracle.com/error-help/db/ora-00911/
2026-06-10 17:43:41,569 | WARNING  | sql_diagnostics | SIM injection Oracle error (end <= 190): ORA-00911: invalid character
Help: https://docs.oracle.com/error-help/db/ora-00911/
2026-06-10 17:43:41,622 | WARNING  | sql_diagnostics | SIM substitution Oracle error (end <= 475): ORA-00911: invalid character
Help: https://docs.oracle.com/error-help/db/ora-00911/
2026-06-10 17:43:41,693 | WARNING  | sql_diagnostics | SIM injection Oracle error (end <= 475): ORA-00911: invalid character
Help: https://docs.oracle.com/error-help/db/ora-00911/
2026-06-10 17:43:41,752 | WARNING  | sql_diagnostics | SIM injection Oracle error (end <= 475): ORA-00911: invalid character
Help: https://docs.oracle.com/error-help/db/ora-00911/
2026-06-10 17:43:41,815 | WARNING  | sql_diagnostics | SIM substitution Oracle error (end <= 950): ORA-00911: invalid character
Help: https://docs.oracle.com/error-help/db/ora-00911/
2026-06-10 17:43:41,922 | WARNING  | sql_diagnostics | SIM injection Oracle error (end <= 950): ORA-00911: invalid character
Help: https://docs.oracle.com/error-help/db/ora-00911/
2026-06-10 17:43:41,971 | WARNING  | sql_diagnostics | SIM injection Oracle error (end <= 950): ORA-00911: invalid character
Help: https://docs.oracle.com/error-help/db/ora-00911/
2026-06-10 17:43:42,028 | WARNING  | sql_diagnostics | SIM substitution Oracle error (end <= 4750): ORA-00911: invalid character
Help: https://docs.oracle.com/error-help/db/ora-00911/
2026-06-10 17:43:42,124 | WARNING  | sql_diagnostics | SIM injection Oracle error (end <= 4750): ORA-00911: invalid character
Help: https://docs.oracle.com/error-help/db/ora-00911/
2026-06-10 17:43:42,180 | WARNING  | sql_diagnostics | SIM injection Oracle error (end <= 4750): ORA-00911: invalid character
Help: https://docs.oracle.com/error-help/db/ora-00911/
2026-06-10 17:43:42,273 | WARNING  | sql_diagnostics | SIM substitution Oracle error (end <= 9500): ORA-00911: invalid character
Help: https://docs.oracle.com/error-help/db/ora-00911/
2026-06-10 17:43:42,353 | WARNING  | sql_diagnostics | SIM injection Oracle error (end <= 9500): ORA-00911: invalid character
Help: https://docs.oracle.com/error-help/db/ora-00911/
2026-06-10 17:43:42,397 | WARNING  | sql_diagnostics | SIM injection Oracle error (end <= 9500): ORA-00911: invalid character
Help: https://docs.oracle.com/error-help/db/ora-00911/
2026-06-10 17:43:42,398 | WARNING  | sql_diagnostics | All simulation strategies failed for end <= 95
2026-06-10 17:43:42,582 | WARNING  | sql_diagnostics | SIM substitution Oracle error (Cntr_Party_Ct >= 0): ORA-00911: invalid character
Help: https://docs.oracle.com/error-help/db/ora-00911/
2026-06-10 17:43:42,639 | WARNING  | sql_diagnostics | SIM injection Oracle error (Cntr_Party_Ct >= 0): ORA-00911: invalid character
Help: https://docs.oracle.com/error-help/db/ora-00911/
2026-06-10 17:43:42,693 | WARNING  | sql_diagnostics | SIM injection Oracle error (Cntr_Party_Ct >= 0): ORA-00911: invalid character
Help: https://docs.oracle.com/error-help/db/ora-00911/
2026-06-10 17:43:42,763 | WARNING  | sql_diagnostics | SIM substitution Oracle error (Cntr_Party_Ct >= 2): ORA-00911: invalid character
Help: https://docs.oracle.com/error-help/db/ora-00911/
2026-06-10 17:43:42,854 | WARNING  | sql_diagnostics | SIM injection Oracle error (Cntr_Party_Ct >= 2): ORA-00911: invalid character
Help: https://docs.oracle.com/error-help/db/ora-00911/
2026-06-10 17:43:42,900 | WARNING  | sql_diagnostics | SIM injection Oracle error (Cntr_Party_Ct >= 2): ORA-00911: invalid character
Help: https://docs.oracle.com/error-help/db/ora-00911/
2026-06-10 17:43:42,950 | WARNING  | sql_diagnostics | SIM substitution Oracle error (Cntr_Party_Ct >= 1): ORA-00911: invalid character
Help: https://docs.oracle.com/error-help/db/ora-00911/
2026-06-10 17:43:43,028 | WARNING  | sql_diagnostics | SIM injection Oracle error (Cntr_Party_Ct >= 1): ORA-00911: invalid character
Help: https://docs.oracle.com/error-help/db/ora-00911/
2026-06-10 17:43:43,078 | WARNING  | sql_diagnostics | SIM injection Oracle error (Cntr_Party_Ct >= 1): ORA-00911: invalid character
Help: https://docs.oracle.com/error-help/db/ora-00911/
2026-06-10 17:43:43,078 | WARNING  | sql_diagnostics | All simulation strategies failed for Cntr_Party_Ct >= 3
2026-06-10 17:43:43,143 | WARNING  | sql_diagnostics | SIM substitution Oracle error (Cntr_Party_Ct <= 20): ORA-00911: invalid character
Help: https://docs.oracle.com/error-help/db/ora-00911/
2026-06-10 17:43:43,203 | WARNING  | sql_diagnostics | SIM injection Oracle error (Cntr_Party_Ct <= 20): ORA-00911: invalid character
Help: https://docs.oracle.com/error-help/db/ora-00911/
2026-06-10 17:43:43,246 | WARNING  | sql_diagnostics | SIM injection Oracle error (Cntr_Party_Ct <= 20): ORA-00911: invalid character
Help: https://docs.oracle.com/error-help/db/ora-00911/
2026-06-10 17:43:43,303 | WARNING  | sql_diagnostics | SIM substitution Oracle error (Cntr_Party_Ct <= 50): ORA-00911: invalid character
Help: https://docs.oracle.com/error-help/db/ora-00911/
2026-06-10 17:43:43,384 | WARNING  | sql_diagnostics | SIM injection Oracle error (Cntr_Party_Ct <= 50): ORA-00911: invalid character
Help: https://docs.oracle.com/error-help/db/ora-00911/
2026-06-10 17:43:43,434 | WARNING  | sql_diagnostics | SIM injection Oracle error (Cntr_Party_Ct <= 50): ORA-00911: invalid character
Help: https://docs.oracle.com/error-help/db/ora-00911/
2026-06-10 17:43:43,502 | WARNING  | sql_diagnostics | SIM substitution Oracle error (Cntr_Party_Ct <= 100): ORA-00911: invalid character
Help: https://docs.oracle.com/error-help/db/ora-00911/
2026-06-10 17:43:43,550 | WARNING  | sql_diagnostics | SIM injection Oracle error (Cntr_Party_Ct <= 100): ORA-00911: invalid character
Help: https://docs.oracle.com/error-help/db/ora-00911/
2026-06-10 17:43:43,588 | WARNING  | sql_diagnostics | SIM injection Oracle error (Cntr_Party_Ct <= 100): ORA-00911: invalid character
Help: https://docs.oracle.com/error-help/db/ora-00911/
2026-06-10 17:43:43,635 | WARNING  | sql_diagnostics | SIM substitution Oracle error (Cntr_Party_Ct <= 500): ORA-00911: invalid character
Help: https://docs.oracle.com/error-help/db/ora-00911/
2026-06-10 17:43:43,689 | WARNING  | sql_diagnostics | SIM injection Oracle error (Cntr_Party_Ct <= 500): ORA-00911: invalid character
Help: https://docs.oracle.com/error-help/db/ora-00911/
2026-06-10 17:43:43,737 | WARNING  | sql_diagnostics | SIM injection Oracle error (Cntr_Party_Ct <= 500): ORA-00911: invalid character
Help: https://docs.oracle.com/error-help/db/ora-00911/
2026-06-10 17:43:43,789 | WARNING  | sql_diagnostics | SIM substitution Oracle error (Cntr_Party_Ct <= 1000): ORA-00911: invalid character
Help: https://docs.oracle.com/error-help/db/ora-00911/
2026-06-10 17:43:43,863 | WARNING  | sql_diagnostics | SIM injection Oracle error (Cntr_Party_Ct <= 1000): ORA-00911: invalid character
Help: https://docs.oracle.com/error-help/db/ora-00911/
2026-06-10 17:43:43,914 | WARNING  | sql_diagnostics | SIM injection Oracle error (Cntr_Party_Ct <= 1000): ORA-00911: invalid character
Help: https://docs.oracle.com/error-help/db/ora-00911/
2026-06-10 17:43:43,914 | WARNING  | sql_diagnostics | All simulation strategies failed for Cntr_Party_Ct <= 10
2026-06-10 17:43:44,099 | WARNING  | sql_diagnostics | SIM substitution Oracle error (Names_Ct >= 0): ORA-00911: invalid character
Help: https://docs.oracle.com/error-help/db/ora-00911/
2026-06-10 17:43:44,185 | WARNING  | sql_diagnostics | SIM injection Oracle error (Names_Ct >= 0): ORA-00911: invalid character
Help: https://docs.oracle.com/error-help/db/ora-00911/
2026-06-10 17:43:44,226 | WARNING  | sql_diagnostics | SIM injection Oracle error (Names_Ct >= 0): ORA-00911: invalid character
Help: https://docs.oracle.com/error-help/db/ora-00911/
2026-06-10 17:43:44,272 | WARNING  | sql_diagnostics | SIM substitution Oracle error (Names_Ct >= 1): ORA-00911: invalid character
Help: https://docs.oracle.com/error-help/db/ora-00911/
2026-06-10 17:43:44,328 | WARNING  | sql_diagnostics | SIM injection Oracle error (Names_Ct >= 1): ORA-00911: invalid character
Help: https://docs.oracle.com/error-help/db/ora-00911/
2026-06-10 17:43:44,368 | WARNING  | sql_diagnostics | SIM injection Oracle error (Names_Ct >= 1): ORA-00911: invalid character
Help: https://docs.oracle.com/error-help/db/ora-00911/
2026-06-10 17:43:44,369 | WARNING  | sql_diagnostics | All simulation strategies failed for Names_Ct >= 2
2026-06-10 17:43:44,592 | INFO     | pipeline | Oracle connection closed after diagnostics
2026-06-10 17:43:44,628 | INFO     | pipeline | Step completed: sql_diagnostics
2026-06-10 17:43:44,668 | INFO     | pipeline | Pipeline completed — job_id=4be60c41-50bc-44ed-b581-6e362df695bb
2026-06-10 18:52:47,714 | INFO     | jobs | Job created: 8438fef7-a402-43ca-84be-cf891efcf5e8 for user_id=1 file=c2543f83dbad4f5a861badd07b02e450_TERR_FIN_AIIN_Without_Alerts.log
2026-06-10 18:52:47,740 | INFO     | pipeline | Pipeline started — job_id=8438fef7-a402-43ca-84be-cf891efcf5e8 user=admin
2026-06-10 18:52:47,765 | INFO     | pipeline | Step starting: log_reader
2026-06-10 18:52:47,879 | INFO     | pipeline | Step completed: log_reader
2026-06-10 18:52:47,879 | INFO     | pipeline | Step starting: set_batch_date
2026-06-10 18:52:47,958 | INFO     | paramiko.transport | Connected (version 2.0, client OpenSSH_8.0)
2026-06-10 18:52:48,174 | INFO     | paramiko.transport | Authentication (password) successful!
2026-06-10 18:53:12,071 | INFO     | pipeline | Step completed: set_batch_date
2026-06-10 18:53:12,072 | INFO     | pipeline | Step starting: sql_executer
2026-06-10 18:53:12,087 | INFO     | db_connect | Connecting to Oracle (attempt 1/3)...
2026-06-10 18:53:12,339 | INFO     | db_connect | Oracle connection established successfully
2026-06-10 18:53:12,340 | INFO     | sql_executer | Loading SQL file: D:/OFSAA/Scenario_Debugger/outputs\20260610\ML-TerroristFinancing__ML-TerroristFinancing__AIIN\extracted_queries\ML_TerroristFinancing__ML_TerroristFinancing__AIIN_dataset_query_20260610_185247.sql
2026-06-10 18:53:12,345 | INFO     | sql_executer | SQL loaded successfully (31701 chars)
2026-06-10 18:53:12,347 | INFO     | sql_executer | Executing dataset query...
2026-06-10 18:53:12,812 | INFO     | pipeline | Step completed: sql_executer
2026-06-10 18:53:12,813 | INFO     | pipeline | Step starting: cte_parser
2026-06-10 18:53:13,077 | INFO     | pipeline | Step completed: cte_parser
2026-06-10 18:53:13,077 | INFO     | pipeline | Step starting: cte_executer
2026-06-10 18:53:13,094 | INFO     | db_connect | Connecting to Oracle (attempt 1/3)...
2026-06-10 18:53:13,294 | INFO     | db_connect | Oracle connection established successfully
2026-06-10 18:53:13,298 | INFO     | cte_executer_mod | Creating view: clndr_vw
2026-06-10 18:53:13,359 | INFO     | cte_executer_mod | Creating view: Wire_vw
2026-06-10 18:53:13,537 | INFO     | cte_executer_mod | Creating view: Mi_vw
2026-06-10 18:53:14,688 | INFO     | pipeline | Step completed: cte_executer
2026-06-10 18:53:14,688 | INFO     | pipeline | Step starting: sql_diagnostics
2026-06-10 18:53:17,826 | WARNING  | sql_diagnostics | SIM substitution Oracle error (Tot_Small_Trans_Amt >= 0): ORA-00911: invalid character
Help: https://docs.oracle.com/error-help/db/ora-00911/
2026-06-10 18:53:17,900 | WARNING  | sql_diagnostics | SIM injection Oracle error (Tot_Small_Trans_Amt >= 0): ORA-00911: invalid character
Help: https://docs.oracle.com/error-help/db/ora-00911/
2026-06-10 18:53:17,948 | WARNING  | sql_diagnostics | SIM injection Oracle error (Tot_Small_Trans_Amt >= 0): ORA-00911: invalid character
Help: https://docs.oracle.com/error-help/db/ora-00911/
2026-06-10 18:53:18,011 | WARNING  | sql_diagnostics | SIM substitution Oracle error (Tot_Small_Trans_Amt >= 3750): ORA-00911: invalid character
Help: https://docs.oracle.com/error-help/db/ora-00911/
2026-06-10 18:53:18,087 | WARNING  | sql_diagnostics | SIM injection Oracle error (Tot_Small_Trans_Amt >= 3750): ORA-00911: invalid character
Help: https://docs.oracle.com/error-help/db/ora-00911/
2026-06-10 18:53:18,129 | WARNING  | sql_diagnostics | SIM injection Oracle error (Tot_Small_Trans_Amt >= 3750): ORA-00911: invalid character
Help: https://docs.oracle.com/error-help/db/ora-00911/
2026-06-10 18:53:18,219 | WARNING  | sql_diagnostics | SIM substitution Oracle error (Tot_Small_Trans_Amt >= 2500): ORA-00911: invalid character
Help: https://docs.oracle.com/error-help/db/ora-00911/
2026-06-10 18:53:18,286 | WARNING  | sql_diagnostics | SIM injection Oracle error (Tot_Small_Trans_Amt >= 2500): ORA-00911: invalid character
Help: https://docs.oracle.com/error-help/db/ora-00911/
2026-06-10 18:53:18,339 | WARNING  | sql_diagnostics | SIM injection Oracle error (Tot_Small_Trans_Amt >= 2500): ORA-00911: invalid character
Help: https://docs.oracle.com/error-help/db/ora-00911/
2026-06-10 18:53:18,388 | WARNING  | sql_diagnostics | SIM substitution Oracle error (Tot_Small_Trans_Amt >= 1250): ORA-00911: invalid character
Help: https://docs.oracle.com/error-help/db/ora-00911/
2026-06-10 18:53:18,459 | WARNING  | sql_diagnostics | SIM injection Oracle error (Tot_Small_Trans_Amt >= 1250): ORA-00911: invalid character
Help: https://docs.oracle.com/error-help/db/ora-00911/
2026-06-10 18:53:18,504 | WARNING  | sql_diagnostics | SIM injection Oracle error (Tot_Small_Trans_Amt >= 1250): ORA-00911: invalid character
Help: https://docs.oracle.com/error-help/db/ora-00911/
2026-06-10 18:53:18,552 | WARNING  | sql_diagnostics | SIM substitution Oracle error (Tot_Small_Trans_Amt >= 500): ORA-00911: invalid character
Help: https://docs.oracle.com/error-help/db/ora-00911/
2026-06-10 18:53:18,615 | WARNING  | sql_diagnostics | SIM injection Oracle error (Tot_Small_Trans_Amt >= 500): ORA-00911: invalid character
Help: https://docs.oracle.com/error-help/db/ora-00911/
2026-06-10 18:53:18,669 | WARNING  | sql_diagnostics | SIM injection Oracle error (Tot_Small_Trans_Amt >= 500): ORA-00911: invalid character
Help: https://docs.oracle.com/error-help/db/ora-00911/
2026-06-10 18:53:18,669 | WARNING  | sql_diagnostics | All simulation strategies failed for Tot_Small_Trans_Amt >= 5000
2026-06-10 18:53:18,725 | WARNING  | sql_diagnostics | SIM substitution Oracle error (Tot_Small_Trans_Amt <= 100000): ORA-00911: invalid character
Help: https://docs.oracle.com/error-help/db/ora-00911/
2026-06-10 18:53:18,798 | WARNING  | sql_diagnostics | SIM injection Oracle error (Tot_Small_Trans_Amt <= 100000): ORA-00911: invalid character
Help: https://docs.oracle.com/error-help/db/ora-00911/
2026-06-10 18:53:18,843 | WARNING  | sql_diagnostics | SIM injection Oracle error (Tot_Small_Trans_Amt <= 100000): ORA-00911: invalid character
Help: https://docs.oracle.com/error-help/db/ora-00911/
2026-06-10 18:53:18,899 | WARNING  | sql_diagnostics | SIM substitution Oracle error (Tot_Small_Trans_Amt <= 250000): ORA-00911: invalid character
Help: https://docs.oracle.com/error-help/db/ora-00911/
2026-06-10 18:53:18,965 | WARNING  | sql_diagnostics | SIM injection Oracle error (Tot_Small_Trans_Amt <= 250000): ORA-00911: invalid character
Help: https://docs.oracle.com/error-help/db/ora-00911/
2026-06-10 18:53:19,022 | WARNING  | sql_diagnostics | SIM injection Oracle error (Tot_Small_Trans_Amt <= 250000): ORA-00911: invalid character
Help: https://docs.oracle.com/error-help/db/ora-00911/
2026-06-10 18:53:19,102 | WARNING  | sql_diagnostics | SIM substitution Oracle error (Tot_Small_Trans_Amt <= 500000): ORA-00911: invalid character
Help: https://docs.oracle.com/error-help/db/ora-00911/
2026-06-10 18:53:19,179 | WARNING  | sql_diagnostics | SIM injection Oracle error (Tot_Small_Trans_Amt <= 500000): ORA-00911: invalid character
Help: https://docs.oracle.com/error-help/db/ora-00911/
2026-06-10 18:53:19,226 | WARNING  | sql_diagnostics | SIM injection Oracle error (Tot_Small_Trans_Amt <= 500000): ORA-00911: invalid character
Help: https://docs.oracle.com/error-help/db/ora-00911/
2026-06-10 18:53:19,289 | WARNING  | sql_diagnostics | SIM substitution Oracle error (Tot_Small_Trans_Amt <= 2500000): ORA-00911: invalid character
Help: https://docs.oracle.com/error-help/db/ora-00911/
2026-06-10 18:53:19,391 | WARNING  | sql_diagnostics | SIM injection Oracle error (Tot_Small_Trans_Amt <= 2500000): ORA-00911: invalid character
Help: https://docs.oracle.com/error-help/db/ora-00911/
2026-06-10 18:53:19,438 | WARNING  | sql_diagnostics | SIM injection Oracle error (Tot_Small_Trans_Amt <= 2500000): ORA-00911: invalid character
Help: https://docs.oracle.com/error-help/db/ora-00911/
2026-06-10 18:53:19,510 | WARNING  | sql_diagnostics | SIM substitution Oracle error (Tot_Small_Trans_Amt <= 5000000): ORA-00911: invalid character
Help: https://docs.oracle.com/error-help/db/ora-00911/
2026-06-10 18:53:19,616 | WARNING  | sql_diagnostics | SIM injection Oracle error (Tot_Small_Trans_Amt <= 5000000): ORA-00911: invalid character
Help: https://docs.oracle.com/error-help/db/ora-00911/
2026-06-10 18:53:19,683 | WARNING  | sql_diagnostics | SIM injection Oracle error (Tot_Small_Trans_Amt <= 5000000): ORA-00911: invalid character
Help: https://docs.oracle.com/error-help/db/ora-00911/
2026-06-10 18:53:19,684 | WARNING  | sql_diagnostics | All simulation strategies failed for Tot_Small_Trans_Amt <= 50000
2026-06-10 18:53:19,849 | WARNING  | sql_diagnostics | SIM substitution Oracle error (end >= 0): ORA-00911: invalid character
Help: https://docs.oracle.com/error-help/db/ora-00911/
2026-06-10 18:53:19,930 | WARNING  | sql_diagnostics | SIM injection Oracle error (end >= 0): ORA-00911: invalid character
Help: https://docs.oracle.com/error-help/db/ora-00911/
2026-06-10 18:53:19,982 | WARNING  | sql_diagnostics | SIM injection Oracle error (end >= 0): ORA-00911: invalid character
Help: https://docs.oracle.com/error-help/db/ora-00911/
2026-06-10 18:53:20,039 | WARNING  | sql_diagnostics | SIM substitution Oracle error (end >= 56.25): ORA-00911: invalid character
Help: https://docs.oracle.com/error-help/db/ora-00911/
2026-06-10 18:53:20,116 | WARNING  | sql_diagnostics | SIM injection Oracle error (end >= 56.25): ORA-00911: invalid character
Help: https://docs.oracle.com/error-help/db/ora-00911/
2026-06-10 18:53:20,173 | WARNING  | sql_diagnostics | SIM injection Oracle error (end >= 56.25): ORA-00911: invalid character
Help: https://docs.oracle.com/error-help/db/ora-00911/
2026-06-10 18:53:20,246 | WARNING  | sql_diagnostics | SIM substitution Oracle error (end >= 37.5): ORA-00911: invalid character
Help: https://docs.oracle.com/error-help/db/ora-00911/
2026-06-10 18:53:20,310 | WARNING  | sql_diagnostics | SIM injection Oracle error (end >= 37.5): ORA-00911: invalid character
Help: https://docs.oracle.com/error-help/db/ora-00911/
2026-06-10 18:53:20,359 | WARNING  | sql_diagnostics | SIM injection Oracle error (end >= 37.5): ORA-00911: invalid character
Help: https://docs.oracle.com/error-help/db/ora-00911/
2026-06-10 18:53:20,418 | WARNING  | sql_diagnostics | SIM substitution Oracle error (end >= 18.75): ORA-00911: invalid character
Help: https://docs.oracle.com/error-help/db/ora-00911/
2026-06-10 18:53:20,474 | WARNING  | sql_diagnostics | SIM injection Oracle error (end >= 18.75): ORA-00911: invalid character
Help: https://docs.oracle.com/error-help/db/ora-00911/
2026-06-10 18:53:20,520 | WARNING  | sql_diagnostics | SIM injection Oracle error (end >= 18.75): ORA-00911: invalid character
Help: https://docs.oracle.com/error-help/db/ora-00911/
2026-06-10 18:53:20,572 | WARNING  | sql_diagnostics | SIM substitution Oracle error (end >= 7.5): ORA-00911: invalid character
Help: https://docs.oracle.com/error-help/db/ora-00911/
2026-06-10 18:53:20,633 | WARNING  | sql_diagnostics | SIM injection Oracle error (end >= 7.5): ORA-00911: invalid character
Help: https://docs.oracle.com/error-help/db/ora-00911/
2026-06-10 18:53:20,674 | WARNING  | sql_diagnostics | SIM injection Oracle error (end >= 7.5): ORA-00911: invalid character
Help: https://docs.oracle.com/error-help/db/ora-00911/
2026-06-10 18:53:20,674 | WARNING  | sql_diagnostics | All simulation strategies failed for end >= 75
2026-06-10 18:53:20,729 | WARNING  | sql_diagnostics | SIM substitution Oracle error (end <= 190): ORA-00911: invalid character
Help: https://docs.oracle.com/error-help/db/ora-00911/
2026-06-10 18:53:20,785 | WARNING  | sql_diagnostics | SIM injection Oracle error (end <= 190): ORA-00911: invalid character
Help: https://docs.oracle.com/error-help/db/ora-00911/
2026-06-10 18:53:20,840 | WARNING  | sql_diagnostics | SIM injection Oracle error (end <= 190): ORA-00911: invalid character
Help: https://docs.oracle.com/error-help/db/ora-00911/
2026-06-10 18:53:20,885 | WARNING  | sql_diagnostics | SIM substitution Oracle error (end <= 475): ORA-00911: invalid character
Help: https://docs.oracle.com/error-help/db/ora-00911/
2026-06-10 18:53:20,946 | WARNING  | sql_diagnostics | SIM injection Oracle error (end <= 475): ORA-00911: invalid character
Help: https://docs.oracle.com/error-help/db/ora-00911/
2026-06-10 18:53:20,993 | WARNING  | sql_diagnostics | SIM injection Oracle error (end <= 475): ORA-00911: invalid character
Help: https://docs.oracle.com/error-help/db/ora-00911/
2026-06-10 18:53:21,045 | WARNING  | sql_diagnostics | SIM substitution Oracle error (end <= 950): ORA-00911: invalid character
Help: https://docs.oracle.com/error-help/db/ora-00911/
2026-06-10 18:53:21,108 | WARNING  | sql_diagnostics | SIM injection Oracle error (end <= 950): ORA-00911: invalid character
Help: https://docs.oracle.com/error-help/db/ora-00911/
2026-06-10 18:53:21,161 | WARNING  | sql_diagnostics | SIM injection Oracle error (end <= 950): ORA-00911: invalid character
Help: https://docs.oracle.com/error-help/db/ora-00911/
2026-06-10 18:53:21,212 | WARNING  | sql_diagnostics | SIM substitution Oracle error (end <= 4750): ORA-00911: invalid character
Help: https://docs.oracle.com/error-help/db/ora-00911/
2026-06-10 18:53:21,275 | WARNING  | sql_diagnostics | SIM injection Oracle error (end <= 4750): ORA-00911: invalid character
Help: https://docs.oracle.com/error-help/db/ora-00911/
2026-06-10 18:53:21,329 | WARNING  | sql_diagnostics | SIM injection Oracle error (end <= 4750): ORA-00911: invalid character
Help: https://docs.oracle.com/error-help/db/ora-00911/
2026-06-10 18:53:21,411 | WARNING  | sql_diagnostics | SIM substitution Oracle error (end <= 9500): ORA-00911: invalid character
Help: https://docs.oracle.com/error-help/db/ora-00911/
2026-06-10 18:53:21,531 | WARNING  | sql_diagnostics | SIM injection Oracle error (end <= 9500): ORA-00911: invalid character
Help: https://docs.oracle.com/error-help/db/ora-00911/
2026-06-10 18:53:21,579 | WARNING  | sql_diagnostics | SIM injection Oracle error (end <= 9500): ORA-00911: invalid character
Help: https://docs.oracle.com/error-help/db/ora-00911/
2026-06-10 18:53:21,584 | WARNING  | sql_diagnostics | All simulation strategies failed for end <= 95
2026-06-10 18:53:21,751 | WARNING  | sql_diagnostics | SIM substitution Oracle error (Cntr_Party_Ct >= 0): ORA-00911: invalid character
Help: https://docs.oracle.com/error-help/db/ora-00911/
2026-06-10 18:53:21,839 | WARNING  | sql_diagnostics | SIM injection Oracle error (Cntr_Party_Ct >= 0): ORA-00911: invalid character
Help: https://docs.oracle.com/error-help/db/ora-00911/
2026-06-10 18:53:21,889 | WARNING  | sql_diagnostics | SIM injection Oracle error (Cntr_Party_Ct >= 0): ORA-00911: invalid character
Help: https://docs.oracle.com/error-help/db/ora-00911/
2026-06-10 18:53:21,953 | WARNING  | sql_diagnostics | SIM substitution Oracle error (Cntr_Party_Ct >= 2): ORA-00911: invalid character
Help: https://docs.oracle.com/error-help/db/ora-00911/
2026-06-10 18:53:22,052 | WARNING  | sql_diagnostics | SIM injection Oracle error (Cntr_Party_Ct >= 2): ORA-00911: invalid character
Help: https://docs.oracle.com/error-help/db/ora-00911/
2026-06-10 18:53:22,101 | WARNING  | sql_diagnostics | SIM injection Oracle error (Cntr_Party_Ct >= 2): ORA-00911: invalid character
Help: https://docs.oracle.com/error-help/db/ora-00911/
2026-06-10 18:53:22,148 | WARNING  | sql_diagnostics | SIM substitution Oracle error (Cntr_Party_Ct >= 1): ORA-00911: invalid character
Help: https://docs.oracle.com/error-help/db/ora-00911/
2026-06-10 18:53:22,219 | WARNING  | sql_diagnostics | SIM injection Oracle error (Cntr_Party_Ct >= 1): ORA-00911: invalid character
Help: https://docs.oracle.com/error-help/db/ora-00911/
2026-06-10 18:53:22,276 | WARNING  | sql_diagnostics | SIM injection Oracle error (Cntr_Party_Ct >= 1): ORA-00911: invalid character
Help: https://docs.oracle.com/error-help/db/ora-00911/
2026-06-10 18:53:22,276 | WARNING  | sql_diagnostics | All simulation strategies failed for Cntr_Party_Ct >= 3
2026-06-10 18:53:22,367 | WARNING  | sql_diagnostics | SIM substitution Oracle error (Cntr_Party_Ct <= 20): ORA-00911: invalid character
Help: https://docs.oracle.com/error-help/db/ora-00911/
2026-06-10 18:53:22,438 | WARNING  | sql_diagnostics | SIM injection Oracle error (Cntr_Party_Ct <= 20): ORA-00911: invalid character
Help: https://docs.oracle.com/error-help/db/ora-00911/
2026-06-10 18:53:22,489 | WARNING  | sql_diagnostics | SIM injection Oracle error (Cntr_Party_Ct <= 20): ORA-00911: invalid character
Help: https://docs.oracle.com/error-help/db/ora-00911/
2026-06-10 18:53:22,550 | WARNING  | sql_diagnostics | SIM substitution Oracle error (Cntr_Party_Ct <= 50): ORA-00911: invalid character
Help: https://docs.oracle.com/error-help/db/ora-00911/
2026-06-10 18:53:22,658 | WARNING  | sql_diagnostics | SIM injection Oracle error (Cntr_Party_Ct <= 50): ORA-00911: invalid character
Help: https://docs.oracle.com/error-help/db/ora-00911/
2026-06-10 18:53:22,720 | WARNING  | sql_diagnostics | SIM injection Oracle error (Cntr_Party_Ct <= 50): ORA-00911: invalid character
Help: https://docs.oracle.com/error-help/db/ora-00911/
2026-06-10 18:53:22,794 | WARNING  | sql_diagnostics | SIM substitution Oracle error (Cntr_Party_Ct <= 100): ORA-00911: invalid character
Help: https://docs.oracle.com/error-help/db/ora-00911/
2026-06-10 18:53:22,899 | WARNING  | sql_diagnostics | SIM injection Oracle error (Cntr_Party_Ct <= 100): ORA-00911: invalid character
Help: https://docs.oracle.com/error-help/db/ora-00911/
2026-06-10 18:53:22,952 | WARNING  | sql_diagnostics | SIM injection Oracle error (Cntr_Party_Ct <= 100): ORA-00911: invalid character
Help: https://docs.oracle.com/error-help/db/ora-00911/
2026-06-10 18:53:23,022 | WARNING  | sql_diagnostics | SIM substitution Oracle error (Cntr_Party_Ct <= 500): ORA-00911: invalid character
Help: https://docs.oracle.com/error-help/db/ora-00911/
2026-06-10 18:53:23,100 | WARNING  | sql_diagnostics | SIM injection Oracle error (Cntr_Party_Ct <= 500): ORA-00911: invalid character
Help: https://docs.oracle.com/error-help/db/ora-00911/
2026-06-10 18:53:23,169 | WARNING  | sql_diagnostics | SIM injection Oracle error (Cntr_Party_Ct <= 500): ORA-00911: invalid character
Help: https://docs.oracle.com/error-help/db/ora-00911/
2026-06-10 18:53:23,255 | WARNING  | sql_diagnostics | SIM substitution Oracle error (Cntr_Party_Ct <= 1000): ORA-00911: invalid character
Help: https://docs.oracle.com/error-help/db/ora-00911/
2026-06-10 18:53:23,360 | WARNING  | sql_diagnostics | SIM injection Oracle error (Cntr_Party_Ct <= 1000): ORA-00911: invalid character
Help: https://docs.oracle.com/error-help/db/ora-00911/
2026-06-10 18:53:23,410 | WARNING  | sql_diagnostics | SIM injection Oracle error (Cntr_Party_Ct <= 1000): ORA-00911: invalid character
Help: https://docs.oracle.com/error-help/db/ora-00911/
2026-06-10 18:53:23,411 | WARNING  | sql_diagnostics | All simulation strategies failed for Cntr_Party_Ct <= 10
2026-06-10 18:53:23,575 | WARNING  | sql_diagnostics | SIM substitution Oracle error (Names_Ct >= 0): ORA-00911: invalid character
Help: https://docs.oracle.com/error-help/db/ora-00911/
2026-06-10 18:53:23,691 | WARNING  | sql_diagnostics | SIM injection Oracle error (Names_Ct >= 0): ORA-00911: invalid character
Help: https://docs.oracle.com/error-help/db/ora-00911/
2026-06-10 18:53:23,743 | WARNING  | sql_diagnostics | SIM injection Oracle error (Names_Ct >= 0): ORA-00911: invalid character
Help: https://docs.oracle.com/error-help/db/ora-00911/
2026-06-10 18:53:23,800 | WARNING  | sql_diagnostics | SIM substitution Oracle error (Names_Ct >= 1): ORA-00911: invalid character
Help: https://docs.oracle.com/error-help/db/ora-00911/
2026-06-10 18:53:23,869 | WARNING  | sql_diagnostics | SIM injection Oracle error (Names_Ct >= 1): ORA-00911: invalid character
Help: https://docs.oracle.com/error-help/db/ora-00911/
2026-06-10 18:53:23,912 | WARNING  | sql_diagnostics | SIM injection Oracle error (Names_Ct >= 1): ORA-00911: invalid character
Help: https://docs.oracle.com/error-help/db/ora-00911/
2026-06-10 18:53:23,914 | WARNING  | sql_diagnostics | All simulation strategies failed for Names_Ct >= 2
2026-06-10 18:53:24,137 | INFO     | pipeline | Oracle connection closed after diagnostics
2026-06-10 18:53:24,176 | INFO     | pipeline | Step completed: sql_diagnostics
2026-06-10 18:53:24,202 | INFO     | pipeline | Pipeline completed — job_id=8438fef7-a402-43ca-84be-cf891efcf5e8
2026-06-10 18:54:54,006 | INFO     | main | File uploaded: TERR_FIN_AIIN_Without_Alerts.log by admin (118890 bytes)
2026-06-10 18:54:55,291 | INFO     | jobs | Job created: e12a393d-32d5-40a6-ac48-83994644d5d7 for user_id=1 file=5cbab1568360453698f480effbc24fe9_TERR_FIN_AIIN_Without_Alerts.log
2026-06-10 18:54:55,307 | INFO     | main | Job started: e12a393d-32d5-40a6-ac48-83994644d5d7 by admin for file 5cbab1568360453698f480effbc24fe9_TERR_FIN_AIIN_Without_Alerts.log
2026-06-10 18:54:55,311 | INFO     | pipeline | Pipeline started — job_id=e12a393d-32d5-40a6-ac48-83994644d5d7 user=admin
2026-06-10 18:54:55,330 | INFO     | pipeline | Step starting: log_reader
2026-06-10 18:54:55,434 | INFO     | pipeline | Step completed: log_reader
2026-06-10 18:54:55,434 | INFO     | pipeline | Step starting: set_batch_date
2026-06-10 18:54:55,514 | INFO     | paramiko.transport | Connected (version 2.0, client OpenSSH_8.0)
2026-06-10 18:54:55,730 | INFO     | paramiko.transport | Authentication (password) successful!
2026-06-10 18:55:21,108 | INFO     | pipeline | Step completed: set_batch_date
2026-06-10 18:55:21,109 | INFO     | pipeline | Step starting: sql_executer
2026-06-10 18:55:21,126 | INFO     | db_connect | Connecting to Oracle (attempt 1/3)...
2026-06-10 18:55:21,359 | INFO     | db_connect | Oracle connection established successfully
2026-06-10 18:55:21,360 | INFO     | sql_executer | Loading SQL file: D:/OFSAA/Scenario_Debugger/outputs\20260610\ML-TerroristFinancing__ML-TerroristFinancing__AIIN\extracted_queries\ML_TerroristFinancing__ML_TerroristFinancing__AIIN_dataset_query_20260610_185455.sql
2026-06-10 18:55:21,370 | INFO     | sql_executer | SQL loaded successfully (31701 chars)
2026-06-10 18:55:21,373 | INFO     | sql_executer | Executing dataset query...
2026-06-10 18:55:21,885 | INFO     | pipeline | Step completed: sql_executer
2026-06-10 18:55:21,886 | INFO     | pipeline | Step starting: cte_parser
2026-06-10 18:55:22,375 | INFO     | pipeline | Step completed: cte_parser
2026-06-10 18:55:22,375 | INFO     | pipeline | Step starting: cte_executer
2026-06-10 18:55:22,393 | INFO     | db_connect | Connecting to Oracle (attempt 1/3)...
2026-06-10 18:55:22,594 | INFO     | db_connect | Oracle connection established successfully
2026-06-10 18:55:22,594 | INFO     | cte_executer_mod | Creating view: clndr_vw
2026-06-10 18:55:22,674 | INFO     | cte_executer_mod | Creating view: Wire_vw
2026-06-10 18:55:22,879 | INFO     | cte_executer_mod | Creating view: Mi_vw
2026-06-10 18:55:24,156 | INFO     | pipeline | Step completed: cte_executer
2026-06-10 18:55:24,156 | INFO     | pipeline | Step starting: sql_diagnostics
2026-06-10 18:55:27,216 | WARNING  | sql_diagnostics | SIM substitution Oracle error (Tot_Small_Trans_Amt >= 0): ORA-00911: invalid character
Help: https://docs.oracle.com/error-help/db/ora-00911/
2026-06-10 18:55:27,314 | WARNING  | sql_diagnostics | SIM injection Oracle error (Tot_Small_Trans_Amt >= 0): ORA-00911: invalid character
Help: https://docs.oracle.com/error-help/db/ora-00911/
2026-06-10 18:55:27,380 | WARNING  | sql_diagnostics | SIM injection Oracle error (Tot_Small_Trans_Amt >= 0): ORA-00911: invalid character
Help: https://docs.oracle.com/error-help/db/ora-00911/
2026-06-10 18:55:27,471 | WARNING  | sql_diagnostics | SIM substitution Oracle error (Tot_Small_Trans_Amt >= 3750): ORA-00911: invalid character
Help: https://docs.oracle.com/error-help/db/ora-00911/
2026-06-10 18:55:27,543 | WARNING  | sql_diagnostics | SIM injection Oracle error (Tot_Small_Trans_Amt >= 3750): ORA-00911: invalid character
Help: https://docs.oracle.com/error-help/db/ora-00911/
2026-06-10 18:55:27,595 | WARNING  | sql_diagnostics | SIM injection Oracle error (Tot_Small_Trans_Amt >= 3750): ORA-00911: invalid character
Help: https://docs.oracle.com/error-help/db/ora-00911/
2026-06-10 18:55:27,680 | WARNING  | sql_diagnostics | SIM substitution Oracle error (Tot_Small_Trans_Amt >= 2500): ORA-00911: invalid character
Help: https://docs.oracle.com/error-help/db/ora-00911/
2026-06-10 18:55:27,764 | WARNING  | sql_diagnostics | SIM injection Oracle error (Tot_Small_Trans_Amt >= 2500): ORA-00911: invalid character
Help: https://docs.oracle.com/error-help/db/ora-00911/
2026-06-10 18:55:27,814 | WARNING  | sql_diagnostics | SIM injection Oracle error (Tot_Small_Trans_Amt >= 2500): ORA-00911: invalid character
Help: https://docs.oracle.com/error-help/db/ora-00911/
2026-06-10 18:55:27,865 | WARNING  | sql_diagnostics | SIM substitution Oracle error (Tot_Small_Trans_Amt >= 1250): ORA-00911: invalid character
Help: https://docs.oracle.com/error-help/db/ora-00911/
2026-06-10 18:55:27,940 | WARNING  | sql_diagnostics | SIM injection Oracle error (Tot_Small_Trans_Amt >= 1250): ORA-00911: invalid character
Help: https://docs.oracle.com/error-help/db/ora-00911/
2026-06-10 18:55:27,995 | WARNING  | sql_diagnostics | SIM injection Oracle error (Tot_Small_Trans_Amt >= 1250): ORA-00911: invalid character
Help: https://docs.oracle.com/error-help/db/ora-00911/
2026-06-10 18:55:28,043 | WARNING  | sql_diagnostics | SIM substitution Oracle error (Tot_Small_Trans_Amt >= 500): ORA-00911: invalid character
Help: https://docs.oracle.com/error-help/db/ora-00911/
2026-06-10 18:55:28,103 | WARNING  | sql_diagnostics | SIM injection Oracle error (Tot_Small_Trans_Amt >= 500): ORA-00911: invalid character
Help: https://docs.oracle.com/error-help/db/ora-00911/
2026-06-10 18:55:28,143 | WARNING  | sql_diagnostics | SIM injection Oracle error (Tot_Small_Trans_Amt >= 500): ORA-00911: invalid character
Help: https://docs.oracle.com/error-help/db/ora-00911/
2026-06-10 18:55:28,144 | WARNING  | sql_diagnostics | All simulation strategies failed for Tot_Small_Trans_Amt >= 5000
2026-06-10 18:55:28,199 | WARNING  | sql_diagnostics | SIM substitution Oracle error (Tot_Small_Trans_Amt <= 100000): ORA-00911: invalid character
Help: https://docs.oracle.com/error-help/db/ora-00911/
2026-06-10 18:55:28,299 | WARNING  | sql_diagnostics | SIM injection Oracle error (Tot_Small_Trans_Amt <= 100000): ORA-00911: invalid character
Help: https://docs.oracle.com/error-help/db/ora-00911/
2026-06-10 18:55:28,350 | WARNING  | sql_diagnostics | SIM injection Oracle error (Tot_Small_Trans_Amt <= 100000): ORA-00911: invalid character
Help: https://docs.oracle.com/error-help/db/ora-00911/
2026-06-10 18:55:28,420 | WARNING  | sql_diagnostics | SIM substitution Oracle error (Tot_Small_Trans_Amt <= 250000): ORA-00911: invalid character
Help: https://docs.oracle.com/error-help/db/ora-00911/
2026-06-10 18:55:28,490 | WARNING  | sql_diagnostics | SIM injection Oracle error (Tot_Small_Trans_Amt <= 250000): ORA-00911: invalid character
Help: https://docs.oracle.com/error-help/db/ora-00911/
2026-06-10 18:55:28,538 | WARNING  | sql_diagnostics | SIM injection Oracle error (Tot_Small_Trans_Amt <= 250000): ORA-00911: invalid character
Help: https://docs.oracle.com/error-help/db/ora-00911/
2026-06-10 18:55:28,588 | WARNING  | sql_diagnostics | SIM substitution Oracle error (Tot_Small_Trans_Amt <= 500000): ORA-00911: invalid character
Help: https://docs.oracle.com/error-help/db/ora-00911/
2026-06-10 18:55:28,666 | WARNING  | sql_diagnostics | SIM injection Oracle error (Tot_Small_Trans_Amt <= 500000): ORA-00911: invalid character
Help: https://docs.oracle.com/error-help/db/ora-00911/
2026-06-10 18:55:28,714 | WARNING  | sql_diagnostics | SIM injection Oracle error (Tot_Small_Trans_Amt <= 500000): ORA-00911: invalid character
Help: https://docs.oracle.com/error-help/db/ora-00911/
2026-06-10 18:55:28,765 | WARNING  | sql_diagnostics | SIM substitution Oracle error (Tot_Small_Trans_Amt <= 2500000): ORA-00911: invalid character
Help: https://docs.oracle.com/error-help/db/ora-00911/
2026-06-10 18:55:28,838 | WARNING  | sql_diagnostics | SIM injection Oracle error (Tot_Small_Trans_Amt <= 2500000): ORA-00911: invalid character
Help: https://docs.oracle.com/error-help/db/ora-00911/
2026-06-10 18:55:28,881 | WARNING  | sql_diagnostics | SIM injection Oracle error (Tot_Small_Trans_Amt <= 2500000): ORA-00911: invalid character
Help: https://docs.oracle.com/error-help/db/ora-00911/
2026-06-10 18:55:28,925 | WARNING  | sql_diagnostics | SIM substitution Oracle error (Tot_Small_Trans_Amt <= 5000000): ORA-00911: invalid character
Help: https://docs.oracle.com/error-help/db/ora-00911/
2026-06-10 18:55:28,982 | WARNING  | sql_diagnostics | SIM injection Oracle error (Tot_Small_Trans_Amt <= 5000000): ORA-00911: invalid character
Help: https://docs.oracle.com/error-help/db/ora-00911/
2026-06-10 18:55:29,027 | WARNING  | sql_diagnostics | SIM injection Oracle error (Tot_Small_Trans_Amt <= 5000000): ORA-00911: invalid character
Help: https://docs.oracle.com/error-help/db/ora-00911/
2026-06-10 18:55:29,027 | WARNING  | sql_diagnostics | All simulation strategies failed for Tot_Small_Trans_Amt <= 50000
2026-06-10 18:55:29,159 | WARNING  | sql_diagnostics | SIM substitution Oracle error (end >= 0): ORA-00911: invalid character
Help: https://docs.oracle.com/error-help/db/ora-00911/
2026-06-10 18:55:29,225 | WARNING  | sql_diagnostics | SIM injection Oracle error (end >= 0): ORA-00911: invalid character
Help: https://docs.oracle.com/error-help/db/ora-00911/
2026-06-10 18:55:29,340 | WARNING  | sql_diagnostics | SIM injection Oracle error (end >= 0): ORA-00911: invalid character
Help: https://docs.oracle.com/error-help/db/ora-00911/
2026-06-10 18:55:29,407 | WARNING  | sql_diagnostics | SIM substitution Oracle error (end >= 56.25): ORA-00911: invalid character
Help: https://docs.oracle.com/error-help/db/ora-00911/
2026-06-10 18:55:29,463 | WARNING  | sql_diagnostics | SIM injection Oracle error (end >= 56.25): ORA-00911: invalid character
Help: https://docs.oracle.com/error-help/db/ora-00911/
2026-06-10 18:55:29,520 | WARNING  | sql_diagnostics | SIM injection Oracle error (end >= 56.25): ORA-00911: invalid character
Help: https://docs.oracle.com/error-help/db/ora-00911/
2026-06-10 18:55:29,572 | WARNING  | sql_diagnostics | SIM substitution Oracle error (end >= 37.5): ORA-00911: invalid character
Help: https://docs.oracle.com/error-help/db/ora-00911/
2026-06-10 18:55:29,632 | WARNING  | sql_diagnostics | SIM injection Oracle error (end >= 37.5): ORA-00911: invalid character
Help: https://docs.oracle.com/error-help/db/ora-00911/
2026-06-10 18:55:29,681 | WARNING  | sql_diagnostics | SIM injection Oracle error (end >= 37.5): ORA-00911: invalid character
Help: https://docs.oracle.com/error-help/db/ora-00911/
2026-06-10 18:55:29,747 | WARNING  | sql_diagnostics | SIM substitution Oracle error (end >= 18.75): ORA-00911: invalid character
Help: https://docs.oracle.com/error-help/db/ora-00911/
2026-06-10 18:55:29,839 | WARNING  | sql_diagnostics | SIM injection Oracle error (end >= 18.75): ORA-00911: invalid character
Help: https://docs.oracle.com/error-help/db/ora-00911/
2026-06-10 18:55:29,889 | WARNING  | sql_diagnostics | SIM injection Oracle error (end >= 18.75): ORA-00911: invalid character
Help: https://docs.oracle.com/error-help/db/ora-00911/
2026-06-10 18:55:29,935 | WARNING  | sql_diagnostics | SIM substitution Oracle error (end >= 7.5): ORA-00911: invalid character
Help: https://docs.oracle.com/error-help/db/ora-00911/
2026-06-10 18:55:29,990 | WARNING  | sql_diagnostics | SIM injection Oracle error (end >= 7.5): ORA-00911: invalid character
Help: https://docs.oracle.com/error-help/db/ora-00911/
2026-06-10 18:55:30,035 | WARNING  | sql_diagnostics | SIM injection Oracle error (end >= 7.5): ORA-00911: invalid character
Help: https://docs.oracle.com/error-help/db/ora-00911/
2026-06-10 18:55:30,036 | WARNING  | sql_diagnostics | All simulation strategies failed for end >= 75
2026-06-10 18:55:30,081 | WARNING  | sql_diagnostics | SIM substitution Oracle error (end <= 190): ORA-00911: invalid character
Help: https://docs.oracle.com/error-help/db/ora-00911/
2026-06-10 18:55:30,132 | WARNING  | sql_diagnostics | SIM injection Oracle error (end <= 190): ORA-00911: invalid character
Help: https://docs.oracle.com/error-help/db/ora-00911/
2026-06-10 18:55:30,173 | WARNING  | sql_diagnostics | SIM injection Oracle error (end <= 190): ORA-00911: invalid character
Help: https://docs.oracle.com/error-help/db/ora-00911/
2026-06-10 18:55:30,219 | WARNING  | sql_diagnostics | SIM substitution Oracle error (end <= 475): ORA-00911: invalid character
Help: https://docs.oracle.com/error-help/db/ora-00911/
2026-06-10 18:55:30,277 | WARNING  | sql_diagnostics | SIM injection Oracle error (end <= 475): ORA-00911: invalid character
Help: https://docs.oracle.com/error-help/db/ora-00911/
2026-06-10 18:55:30,324 | WARNING  | sql_diagnostics | SIM injection Oracle error (end <= 475): ORA-00911: invalid character
Help: https://docs.oracle.com/error-help/db/ora-00911/
2026-06-10 18:55:30,374 | WARNING  | sql_diagnostics | SIM substitution Oracle error (end <= 950): ORA-00911: invalid character
Help: https://docs.oracle.com/error-help/db/ora-00911/
2026-06-10 18:55:30,465 | WARNING  | sql_diagnostics | SIM injection Oracle error (end <= 950): ORA-00911: invalid character
Help: https://docs.oracle.com/error-help/db/ora-00911/
2026-06-10 18:55:30,512 | WARNING  | sql_diagnostics | SIM injection Oracle error (end <= 950): ORA-00911: invalid character
Help: https://docs.oracle.com/error-help/db/ora-00911/
2026-06-10 18:55:30,565 | WARNING  | sql_diagnostics | SIM substitution Oracle error (end <= 4750): ORA-00911: invalid character
Help: https://docs.oracle.com/error-help/db/ora-00911/
2026-06-10 18:55:30,629 | WARNING  | sql_diagnostics | SIM injection Oracle error (end <= 4750): ORA-00911: invalid character
Help: https://docs.oracle.com/error-help/db/ora-00911/
2026-06-10 18:55:30,670 | WARNING  | sql_diagnostics | SIM injection Oracle error (end <= 4750): ORA-00911: invalid character
Help: https://docs.oracle.com/error-help/db/ora-00911/
2026-06-10 18:55:30,715 | WARNING  | sql_diagnostics | SIM substitution Oracle error (end <= 9500): ORA-00911: invalid character
Help: https://docs.oracle.com/error-help/db/ora-00911/
2026-06-10 18:55:30,769 | WARNING  | sql_diagnostics | SIM injection Oracle error (end <= 9500): ORA-00911: invalid character
Help: https://docs.oracle.com/error-help/db/ora-00911/
2026-06-10 18:55:30,806 | WARNING  | sql_diagnostics | SIM injection Oracle error (end <= 9500): ORA-00911: invalid character
Help: https://docs.oracle.com/error-help/db/ora-00911/
2026-06-10 18:55:30,807 | WARNING  | sql_diagnostics | All simulation strategies failed for end <= 95
2026-06-10 18:55:30,950 | WARNING  | sql_diagnostics | SIM substitution Oracle error (Cntr_Party_Ct >= 0): ORA-00911: invalid character
Help: https://docs.oracle.com/error-help/db/ora-00911/
2026-06-10 18:55:31,037 | WARNING  | sql_diagnostics | SIM injection Oracle error (Cntr_Party_Ct >= 0): ORA-00911: invalid character
Help: https://docs.oracle.com/error-help/db/ora-00911/
2026-06-10 18:55:31,077 | WARNING  | sql_diagnostics | SIM injection Oracle error (Cntr_Party_Ct >= 0): ORA-00911: invalid character
Help: https://docs.oracle.com/error-help/db/ora-00911/
2026-06-10 18:55:31,140 | WARNING  | sql_diagnostics | SIM substitution Oracle error (Cntr_Party_Ct >= 2): ORA-00911: invalid character
Help: https://docs.oracle.com/error-help/db/ora-00911/
2026-06-10 18:55:31,212 | WARNING  | sql_diagnostics | SIM injection Oracle error (Cntr_Party_Ct >= 2): ORA-00911: invalid character
Help: https://docs.oracle.com/error-help/db/ora-00911/
2026-06-10 18:55:31,255 | WARNING  | sql_diagnostics | SIM injection Oracle error (Cntr_Party_Ct >= 2): ORA-00911: invalid character
Help: https://docs.oracle.com/error-help/db/ora-00911/
2026-06-10 18:55:31,316 | WARNING  | sql_diagnostics | SIM substitution Oracle error (Cntr_Party_Ct >= 1): ORA-00911: invalid character
Help: https://docs.oracle.com/error-help/db/ora-00911/
2026-06-10 18:55:31,372 | WARNING  | sql_diagnostics | SIM injection Oracle error (Cntr_Party_Ct >= 1): ORA-00911: invalid character
Help: https://docs.oracle.com/error-help/db/ora-00911/
2026-06-10 18:55:31,412 | WARNING  | sql_diagnostics | SIM injection Oracle error (Cntr_Party_Ct >= 1): ORA-00911: invalid character
Help: https://docs.oracle.com/error-help/db/ora-00911/
2026-06-10 18:55:31,412 | WARNING  | sql_diagnostics | All simulation strategies failed for Cntr_Party_Ct >= 3
2026-06-10 18:55:31,464 | WARNING  | sql_diagnostics | SIM substitution Oracle error (Cntr_Party_Ct <= 20): ORA-00911: invalid character
Help: https://docs.oracle.com/error-help/db/ora-00911/
2026-06-10 18:55:31,555 | WARNING  | sql_diagnostics | SIM injection Oracle error (Cntr_Party_Ct <= 20): ORA-00911: invalid character
Help: https://docs.oracle.com/error-help/db/ora-00911/
2026-06-10 18:55:31,601 | WARNING  | sql_diagnostics | SIM injection Oracle error (Cntr_Party_Ct <= 20): ORA-00911: invalid character
Help: https://docs.oracle.com/error-help/db/ora-00911/
2026-06-10 18:55:31,669 | WARNING  | sql_diagnostics | SIM substitution Oracle error (Cntr_Party_Ct <= 50): ORA-00911: invalid character
Help: https://docs.oracle.com/error-help/db/ora-00911/
2026-06-10 18:55:31,748 | WARNING  | sql_diagnostics | SIM injection Oracle error (Cntr_Party_Ct <= 50): ORA-00911: invalid character
Help: https://docs.oracle.com/error-help/db/ora-00911/
2026-06-10 18:55:31,833 | WARNING  | sql_diagnostics | SIM injection Oracle error (Cntr_Party_Ct <= 50): ORA-00911: invalid character
Help: https://docs.oracle.com/error-help/db/ora-00911/
2026-06-10 18:55:31,890 | WARNING  | sql_diagnostics | SIM substitution Oracle error (Cntr_Party_Ct <= 100): ORA-00911: invalid character
Help: https://docs.oracle.com/error-help/db/ora-00911/
2026-06-10 18:55:31,949 | WARNING  | sql_diagnostics | SIM injection Oracle error (Cntr_Party_Ct <= 100): ORA-00911: invalid character
Help: https://docs.oracle.com/error-help/db/ora-00911/
2026-06-10 18:55:31,993 | WARNING  | sql_diagnostics | SIM injection Oracle error (Cntr_Party_Ct <= 100): ORA-00911: invalid character
Help: https://docs.oracle.com/error-help/db/ora-00911/
2026-06-10 18:55:32,047 | WARNING  | sql_diagnostics | SIM substitution Oracle error (Cntr_Party_Ct <= 500): ORA-00911: invalid character
Help: https://docs.oracle.com/error-help/db/ora-00911/
2026-06-10 18:55:32,127 | WARNING  | sql_diagnostics | SIM injection Oracle error (Cntr_Party_Ct <= 500): ORA-00911: invalid character
Help: https://docs.oracle.com/error-help/db/ora-00911/
2026-06-10 18:55:32,168 | WARNING  | sql_diagnostics | SIM injection Oracle error (Cntr_Party_Ct <= 500): ORA-00911: invalid character
Help: https://docs.oracle.com/error-help/db/ora-00911/
2026-06-10 18:55:32,213 | WARNING  | sql_diagnostics | SIM substitution Oracle error (Cntr_Party_Ct <= 1000): ORA-00911: invalid character
Help: https://docs.oracle.com/error-help/db/ora-00911/
2026-06-10 18:55:32,266 | WARNING  | sql_diagnostics | SIM injection Oracle error (Cntr_Party_Ct <= 1000): ORA-00911: invalid character
Help: https://docs.oracle.com/error-help/db/ora-00911/
2026-06-10 18:55:32,308 | WARNING  | sql_diagnostics | SIM injection Oracle error (Cntr_Party_Ct <= 1000): ORA-00911: invalid character
Help: https://docs.oracle.com/error-help/db/ora-00911/
2026-06-10 18:55:32,308 | WARNING  | sql_diagnostics | All simulation strategies failed for Cntr_Party_Ct <= 10
2026-06-10 18:55:32,461 | WARNING  | sql_diagnostics | SIM substitution Oracle error (Names_Ct >= 0): ORA-00911: invalid character
Help: https://docs.oracle.com/error-help/db/ora-00911/
2026-06-10 18:55:32,548 | WARNING  | sql_diagnostics | SIM injection Oracle error (Names_Ct >= 0): ORA-00911: invalid character
Help: https://docs.oracle.com/error-help/db/ora-00911/
2026-06-10 18:55:32,584 | WARNING  | sql_diagnostics | SIM injection Oracle error (Names_Ct >= 0): ORA-00911: invalid character
Help: https://docs.oracle.com/error-help/db/ora-00911/
2026-06-10 18:55:32,634 | WARNING  | sql_diagnostics | SIM substitution Oracle error (Names_Ct >= 1): ORA-00911: invalid character
Help: https://docs.oracle.com/error-help/db/ora-00911/
2026-06-10 18:55:32,694 | WARNING  | sql_diagnostics | SIM injection Oracle error (Names_Ct >= 1): ORA-00911: invalid character
Help: https://docs.oracle.com/error-help/db/ora-00911/
2026-06-10 18:55:32,740 | WARNING  | sql_diagnostics | SIM injection Oracle error (Names_Ct >= 1): ORA-00911: invalid character
Help: https://docs.oracle.com/error-help/db/ora-00911/
2026-06-10 18:55:32,740 | WARNING  | sql_diagnostics | All simulation strategies failed for Names_Ct >= 2
2026-06-10 18:55:32,940 | INFO     | pipeline | Oracle connection closed after diagnostics
2026-06-10 18:55:32,960 | INFO     | pipeline | Step completed: sql_diagnostics
2026-06-10 18:55:32,984 | INFO     | pipeline | Pipeline completed — job_id=e12a393d-32d5-40a6-ac48-83994644d5d7
2026-06-10 18:56:09,258 | INFO     | config | Logging initialised — level: INFO
2026-06-10 18:56:09,259 | INFO     | config | App base path: D:\OFSAA\Scenario_Debugger
2026-06-10 18:56:09,261 | INFO     | jobs | Initialising database at: D:\OFSAA\Scenario_Debugger\db\scenario_debugger.db
2026-06-10 18:56:09,265 | INFO     | jobs | Database initialised successfully
2026-06-10 18:56:10,413 | INFO     | config | Logging initialised — level: INFO
2026-06-10 18:56:10,414 | INFO     | config | App base path: D:\OFSAA\Scenario_Debugger
2026-06-10 18:56:10,415 | INFO     | jobs | Initialising database at: D:\OFSAA\Scenario_Debugger\db\scenario_debugger.db
2026-06-10 18:56:10,419 | INFO     | jobs | Database initialised successfully
