05/21/2026 12:31:34 INFO : Thread ID = 140662373055680:  mantas:   File = mantas.cc:  Line = 180:  
mantas: ============================================================
mantas: Starting job 102181 at Thu May 21 12:31:34 IST 2026
mantas: ============================================================
05/21/2026 12:31:34 INFO : Thread ID = 140662373055680:  mantas:   File = mantas.cc:  Line = 182:  mantas initialized
05/21/2026 12:31:34 DEBUG : Thread ID = 140662373055680:  mantas:   File = DBAccess.cc:  Line = 140:  Connecting to infodom: FCCMINFO
05/21/2026 12:31:35 DEBUG : Thread ID = 140662373055680:  mantas:   File = DBAccessAAI.cc:  Line = 140:  Connecting to infodom: FCCMINFO
05/21/2026 12:31:35 DEBUG : Thread ID = 140662373055680:  mantas:   File = DBAccessAAI.cc:  Line = 150:  Obtained config schema details for: fccmconfigon: demofsaa.jmrinfotechble.com
05/21/2026 12:31:35 DEBUG : Thread ID = 140662373055680:  mantas:   File = job.cc:  Line = 87:  SELECT a.ALGORITHM_NM, a.EXECUTABLE_NM, b.PARAM_SET_ID, b.CREAT_ID, b.THREAD_CT, b.CLONED_JOB_ID, b.DMN_CD, c.DESC_TX FROM fccmatomic.KDD_ALGORITHM a, fccmatomic.KDD_JOB b, fccmatomic.KDD_PARAM_SET c WHERE b.JOB_ID = 102181 AND b.STATUS_CD != 'IGN' AND b.PARAM_SET_ID = c.PARAM_SET_ID AND a.ALGORITHM_NM = c.ALGORITHM_NM
05/21/2026 12:31:35 DEBUG : Thread ID = 140662373055680:  mantas:   File = job.cc:  Line = 134:  SELECT a.PARAM_VALUE_TX FROM fccmatomic.KDD_PARAM_BINDING a WHERE a.PARAM_SET_ID = 121801 AND a.ALGORITHM_NM = 'Rule Matcher' AND a.PARAM_NM = 'np'
05/21/2026 12:31:35 INFO : Thread ID = 140662373055680:  mantas:   File = mantas.cc:  Line = 981:  Job description: ML-HRTransFocalHRE_(ML-HRTransFocalHRE)_AIIN
05/21/2026 12:31:35 DEBUG : Thread ID = 140662373055680:  mantas:   File = jobupdater.cc:  Line = 57:  UPDATE fccmatomic.KDD_JOB SET STATUS_CD = 'RUN' WHERE JOB_ID = 102181
05/21/2026 12:31:35 DEBUG : Thread ID = 140662373055680:  mantas:   File = jobupdater.cc:  Line = 95:  UPDATE fccmatomic.KDD_JOB SET START_TS = TO_DATE('21/05/2026 12:31:35 PM', 'DD/MM/YYYY HH:MI:SS AM') WHERE JOB_ID = 102181
05/21/2026 12:31:35 DEBUG : Thread ID = 140662373055680:  mantas:   File = TableBatchControl.cc:  Line = 38:  SELECT a.PRCSNG_BATCH_ID, a.PRCSNG_BATCH_NM, a.DATA_DUMP_DT FROM fccmatomic.KDD_PRCSNG_BATCH_CONTROL a
05/21/2026 12:31:35 DEBUG : Thread ID = 140662373055680:  mantas:   File = TableJob.cc:  Line = 53:  UPDATE fccmatomic.KDD_JOB SET PRCSNG_BATCH_ID = 17 WHERE JOB_ID = 102181
05/21/2026 12:31:35 INFO : Thread ID = 140662373055680:  mantas:   File = mantas.cc:  Line = 1004:  Current business date: 31/01/2016
05/21/2026 12:31:35 DEBUG : Thread ID = 140662373055680:  mantas:   File = job.cc:  Line = 189:  SELECT a.DATASET_ID FROM fccmatomic.KDD_JOB_DATASET a WHERE a.JOB_ID = 102181 ORDER BY a.ORDER_NB
05/21/2026 12:31:35 DEBUG : Thread ID = 140662373055680:  mantas:   File = job.cc:  Line = 239:  SELECT a.BINDING_NM, a.ATTR_NM, a.LOOP_FL, a.IGNORE_FL, a.MULTIPLE_RUN_FL, a.MULTIPLE_RUN_VALUE_TX FROM fccmatomic.KDD_JOB_DATASET_BINDING a WHERE a.JOB_ID = 102181 AND a.DATASET_ID = 114011921 ORDER BY a.ORDER_NB
05/21/2026 12:31:35 DEBUG : Thread ID = 140662373055680:  mantas:   File = job.cc:  Line = 239:  SELECT a.BINDING_NM, a.ATTR_NM, a.LOOP_FL, a.IGNORE_FL, a.MULTIPLE_RUN_FL, a.MULTIPLE_RUN_VALUE_TX FROM fccmatomic.KDD_JOB_DATASET_BINDING a WHERE a.JOB_ID = 102181 AND a.DATASET_ID = 114011931 ORDER BY a.ORDER_NB
05/21/2026 12:31:35 DEBUG : Thread ID = 140662373055680:  mantas:   File = job.cc:  Line = 239:  SELECT a.BINDING_NM, a.ATTR_NM, a.LOOP_FL, a.IGNORE_FL, a.MULTIPLE_RUN_FL, a.MULTIPLE_RUN_VALUE_TX FROM fccmatomic.KDD_JOB_DATASET_BINDING a WHERE a.JOB_ID = 102181 AND a.DATASET_ID = 114011933 ORDER BY a.ORDER_NB
05/21/2026 12:31:35 DEBUG : Thread ID = 140662373055680:  mantas:   File = job.cc:  Line = 239:  SELECT a.BINDING_NM, a.ATTR_NM, a.LOOP_FL, a.IGNORE_FL, a.MULTIPLE_RUN_FL, a.MULTIPLE_RUN_VALUE_TX FROM fccmatomic.KDD_JOB_DATASET_BINDING a WHERE a.JOB_ID = 102181 AND a.DATASET_ID = 114011934 ORDER BY a.ORDER_NB
05/21/2026 12:31:35 DEBUG : Thread ID = 140662373055680:  mantas:   File = job.cc:  Line = 239:  SELECT a.BINDING_NM, a.ATTR_NM, a.LOOP_FL, a.IGNORE_FL, a.MULTIPLE_RUN_FL, a.MULTIPLE_RUN_VALUE_TX FROM fccmatomic.KDD_JOB_DATASET_BINDING a WHERE a.JOB_ID = 102181 AND a.DATASET_ID = 114011935 ORDER BY a.ORDER_NB
05/21/2026 12:31:35 DEBUG : Thread ID = 140662373055680:  mantas:   File = job.cc:  Line = 239:  SELECT a.BINDING_NM, a.ATTR_NM, a.LOOP_FL, a.IGNORE_FL, a.MULTIPLE_RUN_FL, a.MULTIPLE_RUN_VALUE_TX FROM fccmatomic.KDD_JOB_DATASET_BINDING a WHERE a.JOB_ID = 102181 AND a.DATASET_ID = 114011946 ORDER BY a.ORDER_NB
05/21/2026 12:31:35 DEBUG : Thread ID = 140662373055680:  mantas:   File = job.cc:  Line = 239:  SELECT a.BINDING_NM, a.ATTR_NM, a.LOOP_FL, a.IGNORE_FL, a.MULTIPLE_RUN_FL, a.MULTIPLE_RUN_VALUE_TX FROM fccmatomic.KDD_JOB_DATASET_BINDING a WHERE a.JOB_ID = 102181 AND a.DATASET_ID = 114011944 ORDER BY a.ORDER_NB
05/21/2026 12:31:35 DEBUG : Thread ID = 140662373055680:  mantas:   File = job.cc:  Line = 239:  SELECT a.BINDING_NM, a.ATTR_NM, a.LOOP_FL, a.IGNORE_FL, a.MULTIPLE_RUN_FL, a.MULTIPLE_RUN_VALUE_TX FROM fccmatomic.KDD_JOB_DATASET_BINDING a WHERE a.JOB_ID = 102181 AND a.DATASET_ID = 114011947 ORDER BY a.ORDER_NB
05/21/2026 12:31:35 DEBUG : Thread ID = 140662373055680:  mantas:   File = job.cc:  Line = 239:  SELECT a.BINDING_NM, a.ATTR_NM, a.LOOP_FL, a.IGNORE_FL, a.MULTIPLE_RUN_FL, a.MULTIPLE_RUN_VALUE_TX FROM fccmatomic.KDD_JOB_DATASET_BINDING a WHERE a.JOB_ID = 102181 AND a.DATASET_ID = 114011942 ORDER BY a.ORDER_NB
05/21/2026 12:31:35 DEBUG : Thread ID = 140662373055680:  mantas:   File = job.cc:  Line = 239:  SELECT a.BINDING_NM, a.ATTR_NM, a.LOOP_FL, a.IGNORE_FL, a.MULTIPLE_RUN_FL, a.MULTIPLE_RUN_VALUE_TX FROM fccmatomic.KDD_JOB_DATASET_BINDING a WHERE a.JOB_ID = 102181 AND a.DATASET_ID = 114011940 ORDER BY a.ORDER_NB
05/21/2026 12:31:35 DEBUG : Thread ID = 140662373055680:  mantas:   File = job.cc:  Line = 559:  INSERT INTO fccmatomic.KDD_RUN (RUN_ID, JOB_ID, RUN_STATUS_CD) VALUES (21701, 102181 , 'NEW')
05/21/2026 12:31:35 INFO : Thread ID = 140662373055680:  mantas:   File = mantas.cc:  Line = 549:  Loading librule_matcher.so
05/21/2026 12:31:35 DEBUG : Thread ID = 140660495488768:  mantas:   File = runupdater.cc:  Line = 59:  UPDATE fccmatomic.KDD_RUN SET RUN_STATUS_CD = 'RUN' WHERE RUN_ID = 21701
05/21/2026 12:31:35 DEBUG : Thread ID = 140660495488768:  mantas:   File = runupdater.cc:  Line = 104:  UPDATE fccmatomic.KDD_RUN SET RUN_MSG_TX = :Msg WHERE RUN_ID = 21701
05/21/2026 12:31:35 DEBUG : Thread ID = 140660495488768:  mantas:   File = runupdater.cc:  Line = 142:  UPDATE fccmatomic.KDD_RUN SET RUN_MSG_TX = :Msg WHERE RUN_ID = 21701
05/21/2026 12:31:35 DEBUG : Thread ID = 140660495488768:  mantas:   File = runupdater.cc:  Line = 163:  UPDATE fccmatomic.KDD_RUN SET START_TS = TO_DATE('21/05/2026 12:31:35 PM', 'DD/MM/YYYY HH:MI:SS AM') WHERE RUN_ID = 21701
05/21/2026 12:31:35 DEBUG : Thread ID = 140660495488768:  mantas:   File = run.cc:  Line = 147:  SELECT a.JOB_ID FROM fccmatomic.KDD_RUN a WHERE a.RUN_ID = 21701
05/21/2026 12:31:35 DEBUG : Thread ID = 140660495488768:  mantas:   File = job.cc:  Line = 87:  SELECT a.ALGORITHM_NM, a.EXECUTABLE_NM, b.PARAM_SET_ID, b.CREAT_ID, b.THREAD_CT, b.CLONED_JOB_ID, b.DMN_CD, c.DESC_TX FROM fccmatomic.KDD_ALGORITHM a, fccmatomic.KDD_JOB b, fccmatomic.KDD_PARAM_SET c WHERE b.JOB_ID = 102181 AND b.STATUS_CD != 'IGN' AND b.PARAM_SET_ID = c.PARAM_SET_ID AND a.ALGORITHM_NM = c.ALGORITHM_NM
05/21/2026 12:31:35 DEBUG : Thread ID = 140660495488768:  mantas:   File = job.cc:  Line = 134:  SELECT a.PARAM_VALUE_TX FROM fccmatomic.KDD_PARAM_BINDING a WHERE a.PARAM_SET_ID = 121801 AND a.ALGORITHM_NM = 'Rule Matcher' AND a.PARAM_NM = 'np'
05/21/2026 12:31:35 DEBUG : Thread ID = 140660495488768:  mantas:   File = job.cc:  Line = 189:  SELECT a.DATASET_ID FROM fccmatomic.KDD_JOB_DATASET a WHERE a.JOB_ID = 102181 ORDER BY a.ORDER_NB
05/21/2026 12:31:35 DEBUG : Thread ID = 140660495488768:  mantas:   File = job.cc:  Line = 239:  SELECT a.BINDING_NM, a.ATTR_NM, a.LOOP_FL, a.IGNORE_FL, a.MULTIPLE_RUN_FL, a.MULTIPLE_RUN_VALUE_TX FROM fccmatomic.KDD_JOB_DATASET_BINDING a WHERE a.JOB_ID = 102181 AND a.DATASET_ID = 114011921 ORDER BY a.ORDER_NB
05/21/2026 12:31:35 DEBUG : Thread ID = 140660495488768:  mantas:   File = job.cc:  Line = 239:  SELECT a.BINDING_NM, a.ATTR_NM, a.LOOP_FL, a.IGNORE_FL, a.MULTIPLE_RUN_FL, a.MULTIPLE_RUN_VALUE_TX FROM fccmatomic.KDD_JOB_DATASET_BINDING a WHERE a.JOB_ID = 102181 AND a.DATASET_ID = 114011931 ORDER BY a.ORDER_NB
05/21/2026 12:31:35 DEBUG : Thread ID = 140660495488768:  mantas:   File = job.cc:  Line = 239:  SELECT a.BINDING_NM, a.ATTR_NM, a.LOOP_FL, a.IGNORE_FL, a.MULTIPLE_RUN_FL, a.MULTIPLE_RUN_VALUE_TX FROM fccmatomic.KDD_JOB_DATASET_BINDING a WHERE a.JOB_ID = 102181 AND a.DATASET_ID = 114011933 ORDER BY a.ORDER_NB
05/21/2026 12:31:35 DEBUG : Thread ID = 140660495488768:  mantas:   File = job.cc:  Line = 239:  SELECT a.BINDING_NM, a.ATTR_NM, a.LOOP_FL, a.IGNORE_FL, a.MULTIPLE_RUN_FL, a.MULTIPLE_RUN_VALUE_TX FROM fccmatomic.KDD_JOB_DATASET_BINDING a WHERE a.JOB_ID = 102181 AND a.DATASET_ID = 114011934 ORDER BY a.ORDER_NB
05/21/2026 12:31:35 DEBUG : Thread ID = 140660495488768:  mantas:   File = job.cc:  Line = 239:  SELECT a.BINDING_NM, a.ATTR_NM, a.LOOP_FL, a.IGNORE_FL, a.MULTIPLE_RUN_FL, a.MULTIPLE_RUN_VALUE_TX FROM fccmatomic.KDD_JOB_DATASET_BINDING a WHERE a.JOB_ID = 102181 AND a.DATASET_ID = 114011935 ORDER BY a.ORDER_NB
05/21/2026 12:31:35 DEBUG : Thread ID = 140660495488768:  mantas:   File = job.cc:  Line = 239:  SELECT a.BINDING_NM, a.ATTR_NM, a.LOOP_FL, a.IGNORE_FL, a.MULTIPLE_RUN_FL, a.MULTIPLE_RUN_VALUE_TX FROM fccmatomic.KDD_JOB_DATASET_BINDING a WHERE a.JOB_ID = 102181 AND a.DATASET_ID = 114011946 ORDER BY a.ORDER_NB
05/21/2026 12:31:35 DEBUG : Thread ID = 140660495488768:  mantas:   File = job.cc:  Line = 239:  SELECT a.BINDING_NM, a.ATTR_NM, a.LOOP_FL, a.IGNORE_FL, a.MULTIPLE_RUN_FL, a.MULTIPLE_RUN_VALUE_TX FROM fccmatomic.KDD_JOB_DATASET_BINDING a WHERE a.JOB_ID = 102181 AND a.DATASET_ID = 114011944 ORDER BY a.ORDER_NB
05/21/2026 12:31:35 DEBUG : Thread ID = 140660495488768:  mantas:   File = job.cc:  Line = 239:  SELECT a.BINDING_NM, a.ATTR_NM, a.LOOP_FL, a.IGNORE_FL, a.MULTIPLE_RUN_FL, a.MULTIPLE_RUN_VALUE_TX FROM fccmatomic.KDD_JOB_DATASET_BINDING a WHERE a.JOB_ID = 102181 AND a.DATASET_ID = 114011947 ORDER BY a.ORDER_NB
05/21/2026 12:31:35 DEBUG : Thread ID = 140660495488768:  mantas:   File = job.cc:  Line = 239:  SELECT a.BINDING_NM, a.ATTR_NM, a.LOOP_FL, a.IGNORE_FL, a.MULTIPLE_RUN_FL, a.MULTIPLE_RUN_VALUE_TX FROM fccmatomic.KDD_JOB_DATASET_BINDING a WHERE a.JOB_ID = 102181 AND a.DATASET_ID = 114011942 ORDER BY a.ORDER_NB
05/21/2026 12:31:35 DEBUG : Thread ID = 140660495488768:  mantas:   File = job.cc:  Line = 239:  SELECT a.BINDING_NM, a.ATTR_NM, a.LOOP_FL, a.IGNORE_FL, a.MULTIPLE_RUN_FL, a.MULTIPLE_RUN_VALUE_TX FROM fccmatomic.KDD_JOB_DATASET_BINDING a WHERE a.JOB_ID = 102181 AND a.DATASET_ID = 114011940 ORDER BY a.ORDER_NB
05/21/2026 12:31:35 DEBUG : Thread ID = 140660495488768:  mantas:   File = job.cc:  Line = 356:  SELECT a.BINDING_NM, a.BINDING_VALUE_TX, a.LOWER_BOUND, a.UPPER_BOUND FROM fccmatomic.KDD_RUN_DATASET_BINDING a WHERE a.RUN_ID = 21701 AND a.DATASET_ID = 114011921
05/21/2026 12:31:35 DEBUG : Thread ID = 140660495488768:  mantas:   File = job.cc:  Line = 356:  SELECT a.BINDING_NM, a.BINDING_VALUE_TX, a.LOWER_BOUND, a.UPPER_BOUND FROM fccmatomic.KDD_RUN_DATASET_BINDING a WHERE a.RUN_ID = 21701 AND a.DATASET_ID = 114011931
05/21/2026 12:31:35 DEBUG : Thread ID = 140660495488768:  mantas:   File = job.cc:  Line = 356:  SELECT a.BINDING_NM, a.BINDING_VALUE_TX, a.LOWER_BOUND, a.UPPER_BOUND FROM fccmatomic.KDD_RUN_DATASET_BINDING a WHERE a.RUN_ID = 21701 AND a.DATASET_ID = 114011933
05/21/2026 12:31:35 DEBUG : Thread ID = 140660495488768:  mantas:   File = job.cc:  Line = 356:  SELECT a.BINDING_NM, a.BINDING_VALUE_TX, a.LOWER_BOUND, a.UPPER_BOUND FROM fccmatomic.KDD_RUN_DATASET_BINDING a WHERE a.RUN_ID = 21701 AND a.DATASET_ID = 114011934
05/21/2026 12:31:35 DEBUG : Thread ID = 140660495488768:  mantas:   File = job.cc:  Line = 356:  SELECT a.BINDING_NM, a.BINDING_VALUE_TX, a.LOWER_BOUND, a.UPPER_BOUND FROM fccmatomic.KDD_RUN_DATASET_BINDING a WHERE a.RUN_ID = 21701 AND a.DATASET_ID = 114011935
05/21/2026 12:31:35 DEBUG : Thread ID = 140660495488768:  mantas:   File = job.cc:  Line = 356:  SELECT a.BINDING_NM, a.BINDING_VALUE_TX, a.LOWER_BOUND, a.UPPER_BOUND FROM fccmatomic.KDD_RUN_DATASET_BINDING a WHERE a.RUN_ID = 21701 AND a.DATASET_ID = 114011946
05/21/2026 12:31:35 DEBUG : Thread ID = 140660495488768:  mantas:   File = job.cc:  Line = 356:  SELECT a.BINDING_NM, a.BINDING_VALUE_TX, a.LOWER_BOUND, a.UPPER_BOUND FROM fccmatomic.KDD_RUN_DATASET_BINDING a WHERE a.RUN_ID = 21701 AND a.DATASET_ID = 114011944
05/21/2026 12:31:35 DEBUG : Thread ID = 140660495488768:  mantas:   File = job.cc:  Line = 356:  SELECT a.BINDING_NM, a.BINDING_VALUE_TX, a.LOWER_BOUND, a.UPPER_BOUND FROM fccmatomic.KDD_RUN_DATASET_BINDING a WHERE a.RUN_ID = 21701 AND a.DATASET_ID = 114011947
05/21/2026 12:31:35 DEBUG : Thread ID = 140660495488768:  mantas:   File = job.cc:  Line = 356:  SELECT a.BINDING_NM, a.BINDING_VALUE_TX, a.LOWER_BOUND, a.UPPER_BOUND FROM fccmatomic.KDD_RUN_DATASET_BINDING a WHERE a.RUN_ID = 21701 AND a.DATASET_ID = 114011942
05/21/2026 12:31:35 DEBUG : Thread ID = 140660495488768:  mantas:   File = job.cc:  Line = 356:  SELECT a.BINDING_NM, a.BINDING_VALUE_TX, a.LOWER_BOUND, a.UPPER_BOUND FROM fccmatomic.KDD_RUN_DATASET_BINDING a WHERE a.RUN_ID = 21701 AND a.DATASET_ID = 114011940
05/21/2026 12:31:35 DEBUG : Thread ID = 140660495488768:  mantas:   File = dbparameter.cc:  Line = 51:  SELECT ALGORITHM_NM FROM fccmatomic.KDD_PARAM_SET a WHERE PARAM_SET_ID = 121801
05/21/2026 12:31:35 DEBUG : Thread ID = 140660495488768:  mantas:   File = dbparameter.cc:  Line = 134:  SELECT a.PARAM_NM, a.PARAM_TYPE_CD, b.DEFAULT_VALUE_TX FROM fccmatomic.KDD_ALGORITHM_PARAM a, fccmatomic.KDD_PARAM_DEFAULT b WHERE a.ALGORITHM_NM = 'Rule Matcher' AND a.ALGORITHM_NM = b.ALGORITHM_NM AND a.PARAM_NM = b.PARAM_NM
05/21/2026 12:31:35 DEBUG : Thread ID = 140660495488768:  mantas:   File = dbparameter.cc:  Line = 134:  SELECT a.PARAM_NM, a.PARAM_TYPE_CD, b.PARAM_VALUE_TX FROM fccmatomic.KDD_ALGORITHM_PARAM a, fccmatomic.KDD_PARAM_BINDING b WHERE b.PARAM_SET_ID = 121801 AND a.PARAM_NM = b.PARAM_NM AND a.ALGORITHM_NM = b.ALGORITHM_NM
05/21/2026 12:31:35 DEBUG : Thread ID = 140660495488768:  Rule Matcher:   File = TablePattern.cc:  Line = 94:  SELECT a.DEACT_TS, a.PTTRN_TYPE_CD FROM fccmatomic.KDD_PTTRN a WHERE a.PTTRN_ID = 114000456
05/21/2026 12:31:35 DEBUG : Thread ID = 140660495488768:  Rule Matcher:   File = TablePattern.cc:  Line = 63:  SELECT a.SCNRO_ID FROM fccmatomic.KDD_PTTRN a WHERE a.PTTRN_ID = 114000456
05/21/2026 12:31:35 DEBUG : Thread ID = 140660495488768:  Rule Matcher:   File = runupdater.cc:  Line = 104:  UPDATE fccmatomic.KDD_RUN SET RUN_MSG_TX = :Msg WHERE RUN_ID = 21701
05/21/2026 12:31:35 DEBUG : Thread ID = 140660495488768:  Rule Matcher:   File = runupdater.cc:  Line = 142:  UPDATE fccmatomic.KDD_RUN SET RUN_MSG_TX = :Msg WHERE RUN_ID = 21701
05/21/2026 12:31:35 DEBUG : Thread ID = 140660495488768:  Rule Matcher:   File = TablePatternDataset.cc:  Line = 35:  SELECT a.DATASET_ID FROM fccmatomic.KDD_PTTRN_DATASET a WHERE a.PTTRN_ID = 114000456 ORDER BY a.ORDER_NB
05/21/2026 12:31:36 DEBUG : Thread ID = 140660495488768:  Rule Matcher:   File = dsbuilder.cc:  Line = 66:  SELECT a.REALIZED_NM, a.DATASET_NM, a.PRNT_DATASET_ID FROM fccmatomic.KDD_DATASET a WHERE a.DATASET_ID = 114011921
05/21/2026 12:31:36 DEBUG : Thread ID = 140660495488768:  Rule Matcher:   File = dsbuilder.cc:  Line = 151:  SELECT a.ATTR_ID, UPPER(a.ATTR_NM) , a.TYPE_CD, a.ORDER_FL, a.DISCRETE_FL, b.KEY_FL, b.NAME_FL FROM fccmatomic.KDD_ATTR a, fccmatomic.KDD_DATASET_ATTR b WHERE b.DATASET_ID = 114011921 AND a.ATTR_ID = b.ATTR_ID
05/21/2026 12:31:36 DEBUG : Thread ID = 140660495488768:  Rule Matcher:   File = dsbuilder.cc:  Line = 248:  SELECT a.TAG_NM, a.TAG_VALUE_TX FROM fccmatomic.KDD_ATTR_TAG a WHERE a.ATTR_ID = 113001742
05/21/2026 12:31:36 DEBUG : Thread ID = 140660495488768:  Rule Matcher:   File = dsbuilder.cc:  Line = 248:  SELECT a.TAG_NM, a.TAG_VALUE_TX FROM fccmatomic.KDD_ATTR_TAG a WHERE a.ATTR_ID = 113001744
05/21/2026 12:31:36 DEBUG : Thread ID = 140660495488768:  Rule Matcher:   File = dsbuilder.cc:  Line = 248:  SELECT a.TAG_NM, a.TAG_VALUE_TX FROM fccmatomic.KDD_ATTR_TAG a WHERE a.ATTR_ID = 113001817
05/21/2026 12:31:36 DEBUG : Thread ID = 140660495488768:  Rule Matcher:   File = dsbuilder.cc:  Line = 248:  SELECT a.TAG_NM, a.TAG_VALUE_TX FROM fccmatomic.KDD_ATTR_TAG a WHERE a.ATTR_ID = 113001826
05/21/2026 12:31:36 DEBUG : Thread ID = 140660495488768:  Rule Matcher:   File = dsbuilder.cc:  Line = 248:  SELECT a.TAG_NM, a.TAG_VALUE_TX FROM fccmatomic.KDD_ATTR_TAG a WHERE a.ATTR_ID = 113001827
05/21/2026 12:31:36 DEBUG : Thread ID = 140660495488768:  Rule Matcher:   File = dsbuilder.cc:  Line = 248:  SELECT a.TAG_NM, a.TAG_VALUE_TX FROM fccmatomic.KDD_ATTR_TAG a WHERE a.ATTR_ID = 114003799
05/21/2026 12:31:36 DEBUG : Thread ID = 140660495488768:  Rule Matcher:   File = dsbuilder.cc:  Line = 248:  SELECT a.TAG_NM, a.TAG_VALUE_TX FROM fccmatomic.KDD_ATTR_TAG a WHERE a.ATTR_ID = 114003800
05/21/2026 12:31:36 DEBUG : Thread ID = 140660495488768:  Rule Matcher:   File = dsbuilder.cc:  Line = 248:  SELECT a.TAG_NM, a.TAG_VALUE_TX FROM fccmatomic.KDD_ATTR_TAG a WHERE a.ATTR_ID = 114003801
05/21/2026 12:31:36 DEBUG : Thread ID = 140660495488768:  Rule Matcher:   File = dsbuilder.cc:  Line = 248:  SELECT a.TAG_NM, a.TAG_VALUE_TX FROM fccmatomic.KDD_ATTR_TAG a WHERE a.ATTR_ID = 114003802
05/21/2026 12:31:36 DEBUG : Thread ID = 140660495488768:  Rule Matcher:   File = dsbuilder.cc:  Line = 248:  SELECT a.TAG_NM, a.TAG_VALUE_TX FROM fccmatomic.KDD_ATTR_TAG a WHERE a.ATTR_ID = 114003803
05/21/2026 12:31:36 DEBUG : Thread ID = 140660495488768:  Rule Matcher:   File = dsbuilder.cc:  Line = 248:  SELECT a.TAG_NM, a.TAG_VALUE_TX FROM fccmatomic.KDD_ATTR_TAG a WHERE a.ATTR_ID = 114003804
05/21/2026 12:31:36 DEBUG : Thread ID = 140660495488768:  Rule Matcher:   File = dsbuilder.cc:  Line = 248:  SELECT a.TAG_NM, a.TAG_VALUE_TX FROM fccmatomic.KDD_ATTR_TAG a WHERE a.ATTR_ID = 118747295
05/21/2026 12:31:36 DEBUG : Thread ID = 140660495488768:  Rule Matcher:   File = dsbuilder.cc:  Line = 248:  SELECT a.TAG_NM, a.TAG_VALUE_TX FROM fccmatomic.KDD_ATTR_TAG a WHERE a.ATTR_ID = 118860489
05/21/2026 12:31:36 DEBUG : Thread ID = 140660495488768:  Rule Matcher:   File = dsbuilder.cc:  Line = 290:  SELECT a.TRANSFORM_TX, a.REALIZED_FL FROM fccmatomic.KDD_TRANSFORM a WHERE a.DATASET_ID = 114011921 ORDER BY a.TRANSFORM_NB
05/21/2026 12:31:36 DEBUG : Thread ID = 140660495488768:  Rule Matcher:   File = dsbuilder.cc:  Line = 66:  SELECT a.REALIZED_NM, a.DATASET_NM, a.PRNT_DATASET_ID FROM fccmatomic.KDD_DATASET a WHERE a.DATASET_ID = 114011931
05/21/2026 12:31:36 DEBUG : Thread ID = 140660495488768:  Rule Matcher:   File = dsbuilder.cc:  Line = 151:  SELECT a.ATTR_ID, UPPER(a.ATTR_NM) , a.TYPE_CD, a.ORDER_FL, a.DISCRETE_FL, b.KEY_FL, b.NAME_FL FROM fccmatomic.KDD_ATTR a, fccmatomic.KDD_DATASET_ATTR b WHERE b.DATASET_ID = 114011931 AND a.ATTR_ID = b.ATTR_ID
05/21/2026 12:31:36 DEBUG : Thread ID = 140660495488768:  Rule Matcher:   File = dsbuilder.cc:  Line = 248:  SELECT a.TAG_NM, a.TAG_VALUE_TX FROM fccmatomic.KDD_ATTR_TAG a WHERE a.ATTR_ID = 113003600
05/21/2026 12:31:36 DEBUG : Thread ID = 140660495488768:  Rule Matcher:   File = dsbuilder.cc:  Line = 248:  SELECT a.TAG_NM, a.TAG_VALUE_TX FROM fccmatomic.KDD_ATTR_TAG a WHERE a.ATTR_ID = 118860490
05/21/2026 12:31:36 DEBUG : Thread ID = 140660495488768:  Rule Matcher:   File = dsbuilder.cc:  Line = 290:  SELECT a.TRANSFORM_TX, a.REALIZED_FL FROM fccmatomic.KDD_TRANSFORM a WHERE a.DATASET_ID = 114011931 ORDER BY a.TRANSFORM_NB
05/21/2026 12:31:36 DEBUG : Thread ID = 140660495488768:  Rule Matcher:   File = dsbuilder.cc:  Line = 66:  SELECT a.REALIZED_NM, a.DATASET_NM, a.PRNT_DATASET_ID FROM fccmatomic.KDD_DATASET a WHERE a.DATASET_ID = 114011933
05/21/2026 12:31:36 DEBUG : Thread ID = 140660495488768:  Rule Matcher:   File = dsbuilder.cc:  Line = 151:  SELECT a.ATTR_ID, UPPER(a.ATTR_NM) , a.TYPE_CD, a.ORDER_FL, a.DISCRETE_FL, b.KEY_FL, b.NAME_FL FROM fccmatomic.KDD_ATTR a, fccmatomic.KDD_DATASET_ATTR b WHERE b.DATASET_ID = 114011933 AND a.ATTR_ID = b.ATTR_ID
05/21/2026 12:31:36 DEBUG : Thread ID = 140660495488768:  Rule Matcher:   File = dsbuilder.cc:  Line = 248:  SELECT a.TAG_NM, a.TAG_VALUE_TX FROM fccmatomic.KDD_ATTR_TAG a WHERE a.ATTR_ID = 113003600
05/21/2026 12:31:36 DEBUG : Thread ID = 140660495488768:  Rule Matcher:   File = dsbuilder.cc:  Line = 248:  SELECT a.TAG_NM, a.TAG_VALUE_TX FROM fccmatomic.KDD_ATTR_TAG a WHERE a.ATTR_ID = 118860491
05/21/2026 12:31:36 DEBUG : Thread ID = 140660495488768:  Rule Matcher:   File = dsbuilder.cc:  Line = 290:  SELECT a.TRANSFORM_TX, a.REALIZED_FL FROM fccmatomic.KDD_TRANSFORM a WHERE a.DATASET_ID = 114011933 ORDER BY a.TRANSFORM_NB
05/21/2026 12:31:36 DEBUG : Thread ID = 140660495488768:  Rule Matcher:   File = dsbuilder.cc:  Line = 66:  SELECT a.REALIZED_NM, a.DATASET_NM, a.PRNT_DATASET_ID FROM fccmatomic.KDD_DATASET a WHERE a.DATASET_ID = 114011934
05/21/2026 12:31:36 DEBUG : Thread ID = 140660495488768:  Rule Matcher:   File = dsbuilder.cc:  Line = 151:  SELECT a.ATTR_ID, UPPER(a.ATTR_NM) , a.TYPE_CD, a.ORDER_FL, a.DISCRETE_FL, b.KEY_FL, b.NAME_FL FROM fccmatomic.KDD_ATTR a, fccmatomic.KDD_DATASET_ATTR b WHERE b.DATASET_ID = 114011934 AND a.ATTR_ID = b.ATTR_ID
05/21/2026 12:31:36 DEBUG : Thread ID = 140660495488768:  Rule Matcher:   File = dsbuilder.cc:  Line = 248:  SELECT a.TAG_NM, a.TAG_VALUE_TX FROM fccmatomic.KDD_ATTR_TAG a WHERE a.ATTR_ID = 113003600
05/21/2026 12:31:36 DEBUG : Thread ID = 140660495488768:  Rule Matcher:   File = dsbuilder.cc:  Line = 248:  SELECT a.TAG_NM, a.TAG_VALUE_TX FROM fccmatomic.KDD_ATTR_TAG a WHERE a.ATTR_ID = 118860492
05/21/2026 12:31:36 DEBUG : Thread ID = 140660495488768:  Rule Matcher:   File = dsbuilder.cc:  Line = 290:  SELECT a.TRANSFORM_TX, a.REALIZED_FL FROM fccmatomic.KDD_TRANSFORM a WHERE a.DATASET_ID = 114011934 ORDER BY a.TRANSFORM_NB
05/21/2026 12:31:36 DEBUG : Thread ID = 140660495488768:  Rule Matcher:   File = dsbuilder.cc:  Line = 66:  SELECT a.REALIZED_NM, a.DATASET_NM, a.PRNT_DATASET_ID FROM fccmatomic.KDD_DATASET a WHERE a.DATASET_ID = 114011935
05/21/2026 12:31:36 DEBUG : Thread ID = 140660495488768:  Rule Matcher:   File = dsbuilder.cc:  Line = 151:  SELECT a.ATTR_ID, UPPER(a.ATTR_NM) , a.TYPE_CD, a.ORDER_FL, a.DISCRETE_FL, b.KEY_FL, b.NAME_FL FROM fccmatomic.KDD_ATTR a, fccmatomic.KDD_DATASET_ATTR b WHERE b.DATASET_ID = 114011935 AND a.ATTR_ID = b.ATTR_ID
05/21/2026 12:31:36 DEBUG : Thread ID = 140660495488768:  Rule Matcher:   File = dsbuilder.cc:  Line = 248:  SELECT a.TAG_NM, a.TAG_VALUE_TX FROM fccmatomic.KDD_ATTR_TAG a WHERE a.ATTR_ID = 113003600
05/21/2026 12:31:36 DEBUG : Thread ID = 140660495488768:  Rule Matcher:   File = dsbuilder.cc:  Line = 248:  SELECT a.TAG_NM, a.TAG_VALUE_TX FROM fccmatomic.KDD_ATTR_TAG a WHERE a.ATTR_ID = 118860493
05/21/2026 12:31:36 DEBUG : Thread ID = 140660495488768:  Rule Matcher:   File = dsbuilder.cc:  Line = 290:  SELECT a.TRANSFORM_TX, a.REALIZED_FL FROM fccmatomic.KDD_TRANSFORM a WHERE a.DATASET_ID = 114011935 ORDER BY a.TRANSFORM_NB
05/21/2026 12:31:36 DEBUG : Thread ID = 140660495488768:  Rule Matcher:   File = dsbuilder.cc:  Line = 66:  SELECT a.REALIZED_NM, a.DATASET_NM, a.PRNT_DATASET_ID FROM fccmatomic.KDD_DATASET a WHERE a.DATASET_ID = 114011946
05/21/2026 12:31:36 DEBUG : Thread ID = 140660495488768:  Rule Matcher:   File = dsbuilder.cc:  Line = 151:  SELECT a.ATTR_ID, UPPER(a.ATTR_NM) , a.TYPE_CD, a.ORDER_FL, a.DISCRETE_FL, b.KEY_FL, b.NAME_FL FROM fccmatomic.KDD_ATTR a, fccmatomic.KDD_DATASET_ATTR b WHERE b.DATASET_ID = 114011946 AND a.ATTR_ID = b.ATTR_ID
05/21/2026 12:31:36 DEBUG : Thread ID = 140660495488768:  Rule Matcher:   File = dsbuilder.cc:  Line = 248:  SELECT a.TAG_NM, a.TAG_VALUE_TX FROM fccmatomic.KDD_ATTR_TAG a WHERE a.ATTR_ID = 113002710
05/21/2026 12:31:36 DEBUG : Thread ID = 140660495488768:  Rule Matcher:   File = dsbuilder.cc:  Line = 248:  SELECT a.TAG_NM, a.TAG_VALUE_TX FROM fccmatomic.KDD_ATTR_TAG a WHERE a.ATTR_ID = 118860495
05/21/2026 12:31:36 DEBUG : Thread ID = 140660495488768:  Rule Matcher:   File = dsbuilder.cc:  Line = 290:  SELECT a.TRANSFORM_TX, a.REALIZED_FL FROM fccmatomic.KDD_TRANSFORM a WHERE a.DATASET_ID = 114011946 ORDER BY a.TRANSFORM_NB
05/21/2026 12:31:36 DEBUG : Thread ID = 140660495488768:  Rule Matcher:   File = dsbuilder.cc:  Line = 66:  SELECT a.REALIZED_NM, a.DATASET_NM, a.PRNT_DATASET_ID FROM fccmatomic.KDD_DATASET a WHERE a.DATASET_ID = 114011944
05/21/2026 12:31:36 DEBUG : Thread ID = 140660495488768:  Rule Matcher:   File = dsbuilder.cc:  Line = 151:  SELECT a.ATTR_ID, UPPER(a.ATTR_NM) , a.TYPE_CD, a.ORDER_FL, a.DISCRETE_FL, b.KEY_FL, b.NAME_FL FROM fccmatomic.KDD_ATTR a, fccmatomic.KDD_DATASET_ATTR b WHERE b.DATASET_ID = 114011944 AND a.ATTR_ID = b.ATTR_ID
05/21/2026 12:31:36 DEBUG : Thread ID = 140660495488768:  Rule Matcher:   File = dsbuilder.cc:  Line = 248:  SELECT a.TAG_NM, a.TAG_VALUE_TX FROM fccmatomic.KDD_ATTR_TAG a WHERE a.ATTR_ID = 113002710
05/21/2026 12:31:36 DEBUG : Thread ID = 140660495488768:  Rule Matcher:   File = dsbuilder.cc:  Line = 248:  SELECT a.TAG_NM, a.TAG_VALUE_TX FROM fccmatomic.KDD_ATTR_TAG a WHERE a.ATTR_ID = 118860494
05/21/2026 12:31:36 DEBUG : Thread ID = 140660495488768:  Rule Matcher:   File = dsbuilder.cc:  Line = 290:  SELECT a.TRANSFORM_TX, a.REALIZED_FL FROM fccmatomic.KDD_TRANSFORM a WHERE a.DATASET_ID = 114011944 ORDER BY a.TRANSFORM_NB
05/21/2026 12:31:36 DEBUG : Thread ID = 140660495488768:  Rule Matcher:   File = dsbuilder.cc:  Line = 66:  SELECT a.REALIZED_NM, a.DATASET_NM, a.PRNT_DATASET_ID FROM fccmatomic.KDD_DATASET a WHERE a.DATASET_ID = 114011947
05/21/2026 12:31:36 DEBUG : Thread ID = 140660495488768:  Rule Matcher:   File = dsbuilder.cc:  Line = 151:  SELECT a.ATTR_ID, UPPER(a.ATTR_NM) , a.TYPE_CD, a.ORDER_FL, a.DISCRETE_FL, b.KEY_FL, b.NAME_FL FROM fccmatomic.KDD_ATTR a, fccmatomic.KDD_DATASET_ATTR b WHERE b.DATASET_ID = 114011947 AND a.ATTR_ID = b.ATTR_ID
05/21/2026 12:31:36 DEBUG : Thread ID = 140660495488768:  Rule Matcher:   File = dsbuilder.cc:  Line = 248:  SELECT a.TAG_NM, a.TAG_VALUE_TX FROM fccmatomic.KDD_ATTR_TAG a WHERE a.ATTR_ID = 113002710
05/21/2026 12:31:36 DEBUG : Thread ID = 140660495488768:  Rule Matcher:   File = dsbuilder.cc:  Line = 248:  SELECT a.TAG_NM, a.TAG_VALUE_TX FROM fccmatomic.KDD_ATTR_TAG a WHERE a.ATTR_ID = 118860496
05/21/2026 12:31:36 DEBUG : Thread ID = 140660495488768:  Rule Matcher:   File = dsbuilder.cc:  Line = 290:  SELECT a.TRANSFORM_TX, a.REALIZED_FL FROM fccmatomic.KDD_TRANSFORM a WHERE a.DATASET_ID = 114011947 ORDER BY a.TRANSFORM_NB
05/21/2026 12:31:36 DEBUG : Thread ID = 140660495488768:  Rule Matcher:   File = dsbuilder.cc:  Line = 66:  SELECT a.REALIZED_NM, a.DATASET_NM, a.PRNT_DATASET_ID FROM fccmatomic.KDD_DATASET a WHERE a.DATASET_ID = 114011942
05/21/2026 12:31:36 DEBUG : Thread ID = 140660495488768:  Rule Matcher:   File = dsbuilder.cc:  Line = 151:  SELECT a.ATTR_ID, UPPER(a.ATTR_NM) , a.TYPE_CD, a.ORDER_FL, a.DISCRETE_FL, b.KEY_FL, b.NAME_FL FROM fccmatomic.KDD_ATTR a, fccmatomic.KDD_DATASET_ATTR b WHERE b.DATASET_ID = 114011942 AND a.ATTR_ID = b.ATTR_ID
05/21/2026 12:31:36 DEBUG : Thread ID = 140660495488768:  Rule Matcher:   File = dsbuilder.cc:  Line = 248:  SELECT a.TAG_NM, a.TAG_VALUE_TX FROM fccmatomic.KDD_ATTR_TAG a WHERE a.ATTR_ID = 113001550
05/21/2026 12:31:36 DEBUG : Thread ID = 140660495488768:  Rule Matcher:   File = dsbuilder.cc:  Line = 248:  SELECT a.TAG_NM, a.TAG_VALUE_TX FROM fccmatomic.KDD_ATTR_TAG a WHERE a.ATTR_ID = 118860497
05/21/2026 12:31:36 DEBUG : Thread ID = 140660495488768:  Rule Matcher:   File = dsbuilder.cc:  Line = 290:  SELECT a.TRANSFORM_TX, a.REALIZED_FL FROM fccmatomic.KDD_TRANSFORM a WHERE a.DATASET_ID = 114011942 ORDER BY a.TRANSFORM_NB
05/21/2026 12:31:36 DEBUG : Thread ID = 140660495488768:  Rule Matcher:   File = dsbuilder.cc:  Line = 66:  SELECT a.REALIZED_NM, a.DATASET_NM, a.PRNT_DATASET_ID FROM fccmatomic.KDD_DATASET a WHERE a.DATASET_ID = 114011940
05/21/2026 12:31:36 DEBUG : Thread ID = 140660495488768:  Rule Matcher:   File = dsbuilder.cc:  Line = 151:  SELECT a.ATTR_ID, UPPER(a.ATTR_NM) , a.TYPE_CD, a.ORDER_FL, a.DISCRETE_FL, b.KEY_FL, b.NAME_FL FROM fccmatomic.KDD_ATTR a, fccmatomic.KDD_DATASET_ATTR b WHERE b.DATASET_ID = 114011940 AND a.ATTR_ID = b.ATTR_ID
05/21/2026 12:31:36 DEBUG : Thread ID = 140660495488768:  Rule Matcher:   File = dsbuilder.cc:  Line = 248:  SELECT a.TAG_NM, a.TAG_VALUE_TX FROM fccmatomic.KDD_ATTR_TAG a WHERE a.ATTR_ID = 113001472
05/21/2026 12:31:36 DEBUG : Thread ID = 140660495488768:  Rule Matcher:   File = dsbuilder.cc:  Line = 248:  SELECT a.TAG_NM, a.TAG_VALUE_TX FROM fccmatomic.KDD_ATTR_TAG a WHERE a.ATTR_ID = 118860498
05/21/2026 12:31:36 DEBUG : Thread ID = 140660495488768:  Rule Matcher:   File = dsbuilder.cc:  Line = 290:  SELECT a.TRANSFORM_TX, a.REALIZED_FL FROM fccmatomic.KDD_TRANSFORM a WHERE a.DATASET_ID = 114011940 ORDER BY a.TRANSFORM_NB
05/21/2026 12:31:36 DEBUG : Thread ID = 140660495488768:  Rule Matcher:   File = OracleSchema.cc:  Line = 126:  SELECT a.DATA_TYPE, a.DATA_PRECISION, a.DATA_SCALE, UPPER(a.COLUMN_NAME) FROM ALL_TAB_COLS a WHERE a.TABLE_NAME = 'DSVIEW114011921' AND a.OWNER = UPPER('fccmatomic')
05/21/2026 12:31:36 DEBUG : Thread ID = 140660495488768:  Rule Matcher:   File = TableDataset.cc:  Line = 169:  SELECT a.DATASET_ID, a.PRNT_DATASET_ID, a.DATASET_NM, a.USER_ID, a.CREATE_DT, a.REALIZED_NM, a.SQL_FL, a.SQL_CMMNT, a.SCNRO_ID, a.SQL_TX FROM fccmatomic.KDD_DATASET a WHERE a.SCNRO_ID = 114000053 ORDER BY a.DATASET_ID
05/21/2026 12:31:36 DEBUG : Thread ID = 140660495488768:  Rule Matcher:   File = TableThreshold.cc:  Line = 96:  SELECT a.TSHLD_NM, a.CURR_VALUE_TX, a.VALUE_TYPE_CD, a.DPLY_NM, a.DSPLY_SORT_ORDR_NB, a.DSPLY_FL, b.TSHLD_SET_NM FROM fccmatomic.KDD_TSHLD a, fccmatomic.KDD_TSHLD_SET b WHERE a.SCNRO_ID = 114000053 AND a.TSHLD_SET_ID = 14 AND b.TSHLD_SET_ID = 14 AND a.DEACT_TS IS NULL
05/21/2026 12:31:36 DEBUG : Thread ID = 140660495488768:  Rule Matcher:   File = OracleSchema.cc:  Line = 126:  SELECT a.DATA_TYPE, a.DATA_PRECISION, a.DATA_SCALE, UPPER(a.COLUMN_NAME) FROM ALL_TAB_COLS a WHERE a.TABLE_NAME = 'DSVIEW114011931' AND a.OWNER = UPPER('fccmatomic')
05/21/2026 12:31:36 DEBUG : Thread ID = 140660495488768:  Rule Matcher:   File = OracleSchema.cc:  Line = 126:  SELECT a.DATA_TYPE, a.DATA_PRECISION, a.DATA_SCALE, UPPER(a.COLUMN_NAME) FROM ALL_TAB_COLS a WHERE a.TABLE_NAME = 'DSVIEW114011933' AND a.OWNER = UPPER('fccmatomic')
05/21/2026 12:31:36 DEBUG : Thread ID = 140660495488768:  Rule Matcher:   File = OracleSchema.cc:  Line = 126:  SELECT a.DATA_TYPE, a.DATA_PRECISION, a.DATA_SCALE, UPPER(a.COLUMN_NAME) FROM ALL_TAB_COLS a WHERE a.TABLE_NAME = 'DSVIEW114011934' AND a.OWNER = UPPER('fccmatomic')
05/21/2026 12:31:36 DEBUG : Thread ID = 140660495488768:  Rule Matcher:   File = OracleSchema.cc:  Line = 126:  SELECT a.DATA_TYPE, a.DATA_PRECISION, a.DATA_SCALE, UPPER(a.COLUMN_NAME) FROM ALL_TAB_COLS a WHERE a.TABLE_NAME = 'DSVIEW114011935' AND a.OWNER = UPPER('fccmatomic')
05/21/2026 12:31:36 DEBUG : Thread ID = 140660495488768:  Rule Matcher:   File = OracleSchema.cc:  Line = 126:  SELECT a.DATA_TYPE, a.DATA_PRECISION, a.DATA_SCALE, UPPER(a.COLUMN_NAME) FROM ALL_TAB_COLS a WHERE a.TABLE_NAME = 'DSVIEW114011946' AND a.OWNER = UPPER('fccmatomic')
05/21/2026 12:31:37 DEBUG : Thread ID = 140660495488768:  Rule Matcher:   File = OracleSchema.cc:  Line = 126:  SELECT a.DATA_TYPE, a.DATA_PRECISION, a.DATA_SCALE, UPPER(a.COLUMN_NAME) FROM ALL_TAB_COLS a WHERE a.TABLE_NAME = 'DSVIEW114011944' AND a.OWNER = UPPER('fccmatomic')
05/21/2026 12:31:37 DEBUG : Thread ID = 140660495488768:  Rule Matcher:   File = OracleSchema.cc:  Line = 126:  SELECT a.DATA_TYPE, a.DATA_PRECISION, a.DATA_SCALE, UPPER(a.COLUMN_NAME) FROM ALL_TAB_COLS a WHERE a.TABLE_NAME = 'DSVIEW114011947' AND a.OWNER = UPPER('fccmatomic')
05/21/2026 12:31:37 DEBUG : Thread ID = 140660495488768:  Rule Matcher:   File = OracleSchema.cc:  Line = 126:  SELECT a.DATA_TYPE, a.DATA_PRECISION, a.DATA_SCALE, UPPER(a.COLUMN_NAME) FROM ALL_TAB_COLS a WHERE a.TABLE_NAME = 'DSVIEW114011942' AND a.OWNER = UPPER('fccmatomic')
05/21/2026 12:31:37 DEBUG : Thread ID = 140660495488768:  Rule Matcher:   File = OracleSchema.cc:  Line = 126:  SELECT a.DATA_TYPE, a.DATA_PRECISION, a.DATA_SCALE, UPPER(a.COLUMN_NAME) FROM ALL_TAB_COLS a WHERE a.TABLE_NAME = 'DSVIEW114011940' AND a.OWNER = UPPER('fccmatomic')
05/21/2026 12:31:37 DEBUG : Thread ID = 140660495488768:  Rule Matcher:   File = runupdater.cc:  Line = 104:  UPDATE fccmatomic.KDD_RUN SET RUN_MSG_TX = :Msg WHERE RUN_ID = 21701
05/21/2026 12:31:37 DEBUG : Thread ID = 140660495488768:  Rule Matcher:   File = runupdater.cc:  Line = 142:  UPDATE fccmatomic.KDD_RUN SET RUN_MSG_TX = :Msg WHERE RUN_ID = 21701
05/21/2026 12:31:37 DEBUG : Thread ID = 140660495488768:  Rule Matcher:   File = dbparse.cc:  Line = 148:  SELECT a.PTTRN_TX FROM fccmatomic.KDD_SEQ_PTTRN a WHERE a.PTTRN_ID = 114000456
05/21/2026 12:31:37 DEBUG : Thread ID = 140660495488768:  Rule Matcher:   File = TableThreshold.cc:  Line = 96:  SELECT a.TSHLD_NM, a.CURR_VALUE_TX, a.VALUE_TYPE_CD, a.DPLY_NM, a.DSPLY_SORT_ORDR_NB, a.DSPLY_FL, b.TSHLD_SET_NM FROM fccmatomic.KDD_TSHLD a, fccmatomic.KDD_TSHLD_SET b WHERE a.SCNRO_ID = 114000053 AND a.TSHLD_SET_ID = 14 AND b.TSHLD_SET_ID = 14 AND a.DEACT_TS IS NULL
05/21/2026 12:31:37 DEBUG : Thread ID = 140660495488768:  Rule Matcher:   File = runupdater.cc:  Line = 104:  UPDATE fccmatomic.KDD_RUN SET RUN_MSG_TX = :Msg WHERE RUN_ID = 21701
05/21/2026 12:31:37 DEBUG : Thread ID = 140660495488768:  Rule Matcher:   File = runupdater.cc:  Line = 142:  UPDATE fccmatomic.KDD_RUN SET RUN_MSG_TX = :Msg WHERE RUN_ID = 21701
05/21/2026 12:31:37 DEBUG : Thread ID = 140660495488768:  Rule Matcher:   File = TableInstallParameter.cc:  Line = 198:  SELECT a.ATTR_1_CD, a.ATTR_1_VALUE_TX, a.ATTR_2_CD, a.ATTR_2_VALUE_TX, a.ATTR_3_CD, a.ATTR_3_VALUE_TX, a.ATTR_4_CD, a.ATTR_4_VALUE_TX, a.ATTR_5_CD, a.ATTR_5_VALUE_TX, a.ATTR_6_CD, a.ATTR_6_VALUE_TX, a.ATTR_7_CD, a.ATTR_7_VALUE_TX, a.ATTR_8_CD, a.ATTR_8_VALUE_TX, a.ATTR_9_CD, a.ATTR_9_VALUE_TX, a.ATTR_10_CD, a.ATTR_10_VALUE_TX, a.ATTR_11_CD, a.ATTR_11_VALUE_TX, a.ATTR_12_CD, a.ATTR_12_VALUE_TX, a.ATTR_13_CD, a.ATTR_13_VALUE_TX, a.ATTR_14_CD, a.ATTR_14_VALUE_TX, a.ATTR_15_CD, a.ATTR_15_VALUE_TX FROM fccmatomic.KDD_INSTALL_PARAM a WHERE a.PARAM_NM = 'DLY'
05/21/2026 12:31:37 DEBUG : Thread ID = 140660495488768:  Rule Matcher:   File = TableInstallParameter.cc:  Line = 198:  SELECT a.ATTR_1_CD, a.ATTR_1_VALUE_TX, a.ATTR_2_CD, a.ATTR_2_VALUE_TX, a.ATTR_3_CD, a.ATTR_3_VALUE_TX, a.ATTR_4_CD, a.ATTR_4_VALUE_TX, a.ATTR_5_CD, a.ATTR_5_VALUE_TX, a.ATTR_6_CD, a.ATTR_6_VALUE_TX, a.ATTR_7_CD, a.ATTR_7_VALUE_TX, a.ATTR_8_CD, a.ATTR_8_VALUE_TX, a.ATTR_9_CD, a.ATTR_9_VALUE_TX, a.ATTR_10_CD, a.ATTR_10_VALUE_TX, a.ATTR_11_CD, a.ATTR_11_VALUE_TX, a.ATTR_12_CD, a.ATTR_12_VALUE_TX, a.ATTR_13_CD, a.ATTR_13_VALUE_TX, a.ATTR_14_CD, a.ATTR_14_VALUE_TX, a.ATTR_15_CD, a.ATTR_15_VALUE_TX FROM fccmatomic.KDD_INSTALL_PARAM a WHERE a.PARAM_NM = 'RMT_ROLES'
05/21/2026 12:31:37 INFO : Thread ID = 140660495488768:  Rule Matcher:   File = RuleMatcher.cc:  Line = 273:  Beginning Processing Primary Rule: 
  Job: 102181
  Run: 21701
  Pattern: 114000456
  Dataset: 114011921
  Focus Type: CUSTOMER
  Focal Attribute: CUST_INTRL_ID 
05/21/2026 12:31:37 DEBUG : Thread ID = 140660495488768:  Rule Matcher:   File = UtilityFunctions.cc:  Line = 497:  alter session enable parallel query
05/21/2026 12:31:37 DEBUG : Thread ID = 140660495488768:  Rule Matcher:   File = UtilityFunctions.cc:  Line = 522:  alter session enable parallel dml
05/21/2026 12:31:37 DEBUG : Thread ID = 140660495488768:  Rule Matcher:   File = dscursor.cc:  Line = 1161:  Found a reference to a dataset.  Calling getDatasetSql to resolve thresholds.  Id = 114011921 
05/21/2026 12:31:37 DEBUG : Thread ID = 140660495488768:  Rule Matcher:   File = dscursor.cc:  Line = 1175:  After expansion, sql = SELECT ot.CUST_INTRL_ID, ot.CUST_SEQ_ID, ot.CUST_EFCTV_RISK_NB, ot.CUST_MATCH_TX, ot.CUST_MATCH_TYPE_CD, ot.TOT_TRANS_AMT, ot.TOT_TRANS_CT, ot.ACCT_CT, ot.PASS_THRU_PRCTG, ot.LRF_PRCTG, ot.HR_PRCTG, ot.TRUSTED_TRANS_AMT, ot.FUNC_CRNCY_CD FROM (-- BUG 30360250
-- PR-47385 added 'CXL_PAIR_TRXN_INTRL_ID' filter on all front office transactions
-- Date 06/23/2009 : PR 40130 Removing the 'MANTAS_ISSUE_DATE'/'MANTAS_POST_DT' from the MI_TRXN logic
-- The following code has been removed as per PR 40130:
-- and w.MANTAS_POST_DT <= (select b.CLNDR_DT from fccmatomic.KDD_CAL b where b.CLNDR_NM = 'SYSCAL'and b.CLNDR_DAY_AGE = 0)  
-- and w.MANTAS_POST_DT >  (select add_days(b.CLNDR_DT, - @Look_Back_Period) from fccmatomic.KDD_CAL b where b.CLNDR_NM = 'SYSCAL'and b.CLNDR_DAY_AGE = 0)
-- and w.MANTAS_ISSUE_DATE <= (select b.CLNDR_DT from fccmatomic.KDD_CAL b where b.CLNDR_NM = 'SYSCAL'and b.CLNDR_DAY_AGE = 0)  
-- and w.MANTAS_ISSUE_DATE >  (select add_days(b.CLNDR_DT, - @Look_Back_Period) from fccmatomic.KDD_CAL b where b.CLNDR_NM = 'SYSCAL'and b.CLNDR_DAY_AGE = 0)
-- M1
--OFSAABD-17784

with wires as (
select
          w.FO_TRXN_SEQ_ID,
          w.BENEF_ACCT_ID,
          w.SCND_BENEF_ACCT_ID,
          w.ORIG_ACCT_ID,
          w.SCND_ORIG_ACCT_ID,
          w.DATA_DUMP_DT,
          DECODE(@Curr_Type,'F',w.TRXN_FUNC_AM,w.TRXN_BASE_AM) as Trxn_Am,
          w.BENEF_ACTVY_RISK_NB,
          w.SCND_BENEF_ACTVY_RISK_NB,
          w.ORIG_ACTVY_RISK_NB,
          w.SCND_ORIG_ACTVY_RISK_NB,
          w.INTRL_BENEF_ACCT_FL,
          w.INTRL_SCND_BENEF_ACCT_FL,
          w.INTRL_ORIG_ACCT_FL,          
          w.INTRL_SCND_ORIG_ACCT_FL,
          (CASE WHEN w.PASS_THRU_FL='Y' THEN DECODE(@Curr_Type,'F',w.TRXN_FUNC_AM,w.TRXN_BASE_AM) ELSE 0 END) PASS_THRU_AM,        
          (CASE WHEN DECODE(@Curr_Type,'F',w.TRXN_FUNC_AM,w.TRXN_BASE_AM)  - TRUNC(DECODE(@Curr_Type,'F',w.TRXN_FUNC_AM,w.TRXN_BASE_AM) , -@Lrf_Digits) = 0 THEN DECODE(@Curr_Type,'F',w.TRXN_FUNC_AM,w.TRXN_BASE_AM)  
                 WHEN w.RCV_TRXN_ACTVY_AM - TRUNC(w.RCV_TRXN_ACTVY_AM, -@Lrf_Digits) = 0 THEN DECODE(@Curr_Type,'F',w.TRXN_FUNC_AM,w.TRXN_BASE_AM) 
                 WHEN w.SEND_TRXN_ACTVY_AM - TRUNC(w.SEND_TRXN_ACTVY_AM, -@Lrf_Digits) = 0 THEN DECODE(@Curr_Type,'F',w.TRXN_FUNC_AM,w.TRXN_BASE_AM) 
                 ELSE 0 END) LRF_AM,
	      	case when w.TRSTD_TRXN_FL = 'Y' then DECODE(@Curr_Type,'F',w.TRXN_FUNC_AM,w.TRXN_BASE_AM)  else 0 end as Trusted_Trans_Amt,
          w.FUNC_CRNCY_CD 	
                           
from
	fccmatomic.WIRE_TRXN w 
where
	     (@All_Trans_Src_Fl = 'Y' or w.SRC_SYS_CD IN (@Incl_Trans_Src_Lst))
    and w.MANTAS_TRXN_PRDCT_CD in (@Incl_Wire_Trxn_Prdct_Type_Lst)
    and w.MANTAS_TRXN_PURP_CD = 'GENERAL'
  	and (@Include_B2B_Trnfr_Fl = 'Y'  or NOT(w.BANK_TO_BANK_TRNFR_FL = 'Y' and w.PASS_THRU_FL = 'N'))
    and (@Include_Trusted_Trans_FL = 'Y' or COALESCE(w.TRSTD_TRXN_FL, 'N') = 'N')  
    and (@Incl_Rltd_Parties = 'Y'  or COALESCE(w.UNRLTD_PARTY_FL, 'Y') <> 'N')
    and w.TRXN_EXCTN_DT in (select kc.CLNDR_DT from fccmatomic.KDD_CAL kc where kc.CLNDR_NM = 'SYSCAL'and kc.CLNDR_DAY_AGE between 0 and @Look_Back_Period-1)   
  	and w.DATA_DUMP_DT  in (select kc.CLNDR_DT from fccmatomic.KDD_CAL kc where kc.CLNDR_NM = 'SYSCAL'and kc.CLNDR_DAY_AGE between 0 and @Look_Back_Period-1)
 	  and w.CXL_PAIR_TRXN_INTRL_ID is null
    and DECODE(@Curr_Type,'F',w.TRXN_FUNC_AM,w.TRXN_BASE_AM) IS NOT NULL AND DECODE(@Curr_Type,'F',w.TRXN_FUNC_AM,w.TRXN_BASE_AM) <> 0
),

  
mitrxn as (
select
          m.FO_TRXN_SEQ_ID,
          m.BENEF_ACCT_ID,
          m.SCND_BENEF_ACCT_ID,
          m.REM_ACCT_ID,
          m.DATA_DUMP_DT,
          m.MANTAS_POST_DT,
          m.MANTAS_ISSUE_DATE,
          DECODE(@Curr_Type,'F',m.TRXN_FUNC_AM,m.TRXN_BASE_AM) as Trxn_Am,
          m.BENEF_ACTVY_RISK_NB,
          m.SCND_BENEF_ACTVY_RISK_NB,
          m.REM_ACTVY_RISK_NB,
          m.INTRL_BENEF_ACCT_FL,
          m.INTRL_SCND_BENEF_ACCT_FL,
          m.INTRL_REM_ACCT_FL,
          (CASE WHEN m.PASS_THRU_FL='Y' THEN DECODE(@Curr_Type,'F',m.TRXN_FUNC_AM,m.TRXN_BASE_AM) ELSE 0 END) PASS_THRU_AM,        
          (CASE WHEN DECODE(@Curr_Type,'F',m.TRXN_FUNC_AM,m.TRXN_BASE_AM) - TRUNC(DECODE(@Curr_Type,'F',m.TRXN_FUNC_AM,m.TRXN_BASE_AM), -@Lrf_Digits) = 0 THEN DECODE(@Curr_Type,'F',m.TRXN_FUNC_AM,m.TRXN_BASE_AM) 
                 WHEN m.CLR_TRXN_ACTVY_AM - TRUNC(m.CLR_TRXN_ACTVY_AM, -@Lrf_Digits) = 0 THEN DECODE(@Curr_Type,'F',m.TRXN_FUNC_AM,m.TRXN_BASE_AM)
                 WHEN m.DEP_TRXN_ACTVY_AM - TRUNC(m.DEP_TRXN_ACTVY_AM, -@Lrf_Digits) = 0 THEN DECODE(@Curr_Type,'F',m.TRXN_FUNC_AM,m.TRXN_BASE_AM)
                 WHEN m.ISSUE_TRXN_ACTVY_AM - TRUNC(m.ISSUE_TRXN_ACTVY_AM, -@Lrf_Digits) = 0 THEN DECODE(@Curr_Type,'F',m.TRXN_FUNC_AM,m.TRXN_BASE_AM)
                 ELSE 0 END) LRF_AM,
				  case when m.TRSTD_TRXN_FL = 'Y' then DECODE(@Curr_Type,'F',m.TRXN_FUNC_AM,m.TRXN_BASE_AM) else 0 end as Trusted_Trans_Amt,
          m.FUNC_CRNCY_CD 
from
	fccmatomic.MI_TRXN m
where
	m.MANTAS_TRXN_PURP_CD = 'GENERAL'
	and m.MANTAS_TRXN_PRDCT_CD in (@Incl_MI_Trxn_Prdct_Type_Lst)      
	and (@All_Trans_Src_Fl = 'Y' or m.SRC_SYS_CD IN (@Incl_Trans_Src_Lst))
	and (@Include_B2B_Trnfr_Fl = 'Y'  or NOT(m.BANK_TO_BANK_TRNFR_FL = 'Y' and m.PASS_THRU_FL = 'N'))
  and (@Include_Trusted_Trans_FL = 'Y' or COALESCE(m.TRSTD_TRXN_FL, 'N') = 'N')  
	and (@Incl_Rltd_Parties = 'Y' or COALESCE(m.unrltd_party_fl, 'Y') <> 'N')	 
	and m.DATA_DUMP_DT in (select kc.CLNDR_DT from fccmatomic.KDD_CAL kc where kc.CLNDR_NM = 'SYSCAL'and kc.CLNDR_DAY_AGE between 0 and @Look_Back_Period-1)
	and m.CXL_PAIR_TRXN_INTRL_ID is null
  and DECODE(@Curr_Type,'F',m.TRXN_FUNC_AM,m.TRXN_BASE_AM) IS NOT NULL AND DECODE(@Curr_Type,'F',m.TRXN_FUNC_AM,m.TRXN_BASE_AM) <> 0
),

Cust_Accounts as
(SELECT 
        c.CUST_SEQ_ID,
        ac.PRMRY_CUST_INTRL_ID as CUST_INTRL_ID,
        ac.ACCT_INTRL_ID,
        c.CUST_EFCTV_RISK_NB,
        c.CUST_MATCH_TX, 
        c.CUST_MATCH_TYPE_CD
        
FROM        
 fccmatomic.ACCT ac,
 fccmatomic.CUST c 
WHERE     
    c.CUST_INTRL_ID = ac.PRMRY_CUST_INTRL_ID
AND ac.MANTAS_ACCT_HOLDR_TYPE_CD = 'CR' 
AND c.CUST_EFCTV_RISK_NB <> -2 
--BUG 30360250
AND c.CUST_EFCTV_RISK_NB >= @Efctv_Risk_Lvl
AND ac.MANTAS_ACCT_BUS_TYPE_CD in (@Mantas_Bus_Acct_Type_Lst)
AND (@All_Jurisdictions_Fl = 'Y' or c.JRSDCN_CD in (@Incl_Jurisdictions_Lst))
AND @Prmry_Cust_Fl = 'Y'

UNION ALL
SELECT 
        c.CUST_SEQ_ID,
        c.CUST_INTRL_ID as CUST_INTRL_ID,
        ac.ACCT_INTRL_ID,
        c.CUST_EFCTV_RISK_NB,
        c.CUST_MATCH_TX, 
        c.CUST_MATCH_TYPE_CD
FROM        
  fccmatomic.ACCT ac,
  fccmatomic.CUST_ACCT ca, 
  fccmatomic.CUST c,
  fccmatomic.CUST_ACCT_ROLE car
WHERE     
    ac.ACCT_INTRL_ID = ca.ACCT_INTRL_ID
AND ca.CUST_INTRL_ID = c.CUST_INTRL_ID
AND ca.CUST_ACCT_ROLE_CD = car.CUST_ACCT_ROLE_CD
AND ac.MANTAS_ACCT_HOLDR_TYPE_CD = 'CR' 
AND c.CUST_EFCTV_RISK_NB <> -2 
--BUG 30360250
AND c.CUST_EFCTV_RISK_NB >= @Efctv_Risk_Lvl 
AND ac.MANTAS_ACCT_BUS_TYPE_CD in (@Mantas_Bus_Acct_Type_Lst)
AND (@All_Jurisdictions_Fl = 'Y' or c.JRSDCN_CD in (@Incl_Jurisdictions_Lst))
AND (car.TRDNG_AUTH_FL = 'Y' or car.WDRWL_AUTH_FL = 'Y' or car.POA_FL = 'Y')
AND @Prmry_Cust_Fl = 'N'
)


SELECT 
     t.CUST_SEQ_ID
   , t.CUST_INTRL_ID
   , t.CUST_EFCTV_RISK_NB
   , t.CUST_MATCH_TX
   , t.CUST_MATCH_TYPE_CD
   , count(1) as Tot_Trans_Ct
   , count(distinct t.ACCT_INTRL_ID) as Acct_Ct  
   , sum(t.Trxn_Am) as Tot_Trans_Amt
   , sum(t.Hr_Am)/sum(t.Trxn_Am)*100 as Hr_Prctg
   , sum(t.Lrf_Am)/sum(t.Trxn_Am)*100 as Lrf_Prctg   
   , sum(t.Pass_Thru_Am)/sum(t.Trxn_Am)*100 as Pass_Thru_Prctg
   , sum(t.Trusted_Trans_Amt) as Trusted_Trans_Amt   
   , max(t.FUNC_CRNCY_CD) as FUNC_CRNCY_CD   
 
FROM 
(
            --Wire ORIG
            select 
                  ca.CUST_SEQ_ID,
                  ca.CUST_INTRL_ID,
                  ca.CUST_EFCTV_RISK_NB, 
                  ca.CUST_MATCH_TX,
                  ca.CUST_MATCH_TYPE_CD,
                  ca.ACCT_INTRL_ID,
                  w.Trxn_Am,
                  w.DATA_DUMP_DT,
                  case when  w.ORIG_ACTVY_RISK_NB > @Actvty_Risk_Cutoff_Lvl then w.Trxn_Am else 0 end Hr_Am,
                  w.Pass_Thru_Am,    
                  w.Lrf_Am,			
	                w.Trusted_Trans_Amt,
                  w.FUNC_CRNCY_CD 
                       
            from 

              wires w,
              Cust_Accounts ca 

            where 
                   w.ORIG_ACCT_ID = ca.ACCT_INTRL_ID
               and w.INTRL_ORIG_ACCT_FL = 'Y'               

    UNION ALL
            --Wire SCND_ORIG              			   
            select 
                  ca.CUST_SEQ_ID,
                  ca.CUST_INTRL_ID,
                  ca.CUST_EFCTV_RISK_NB, 
                  ca.CUST_MATCH_TX,
                  ca.CUST_MATCH_TYPE_CD,
                  ca.ACCT_INTRL_ID,
                  w.Trxn_Am,
                  w.DATA_DUMP_DT,
                  case when  w.SCND_ORIG_ACTVY_RISK_NB > @Actvty_Risk_Cutoff_Lvl then w.Trxn_Am else 0 end Hr_Am,
                  w.Pass_Thru_Am,    
                  w.Lrf_Am,			
	                w.Trusted_Trans_Amt,
                  w.FUNC_CRNCY_CD 
                                    
            from 

              wires w,
              Cust_Accounts ca  
     
            where 
                  w.SCND_ORIG_ACCT_ID = ca.ACCT_INTRL_ID
             and  w.INTRL_SCND_ORIG_ACCT_FL = 'Y'
             --SCND_ORIG <> ORIG
             and ((@Prmry_Cust_Fl = 'Y'
                 and not exists (select 1 from fccmatomic.ACCT a1
                                        where a1.ACCT_INTRL_ID = w.ORIG_ACCT_ID
                                        and a1.PRMRY_CUST_INTRL_ID = ca.CUST_INTRL_ID
                                        and w.INTRL_ORIG_ACCT_FL = 'Y'
                                        and a1.MANTAS_ACCT_BUS_TYPE_CD IN (@Mantas_Bus_Acct_Type_Lst)
                                        and a1.MANTAS_ACCT_HOLDR_TYPE_CD = 'CR')
                  )
                 OR
                 (@Prmry_Cust_Fl = 'N'
                 and
                 (w.INTRL_ORIG_ACCT_FL <> 'Y' OR  ca.CUST_INTRL_ID not in (select COALESCE(cta.cust_intrl_id,'NULL') 
                                                                                  from fccmatomic.CUST_ACCT cta,
                                                                                       fccmatomic.ACCT act,
                                                                                       fccmatomic.CUST_ACCT_ROLE car2
                                                                                  where act.acct_intrl_id = cta.acct_intrl_id
                                                                                        and cta.cust_acct_role_cd = car2.cust_acct_role_cd
                                                                                        and (car2.trdng_auth_fl = 'Y' or car2.wdrwl_auth_fl = 'Y' or car2.poa_fl = 'Y')
                                                                                        and act.ACCT_INTRL_ID = w.ORIG_ACCT_ID))) 
                 )   
    UNION ALL
            --Wire BENEF                              
            select 
                  ca.CUST_SEQ_ID,
                  ca.CUST_INTRL_ID,
                  ca.CUST_EFCTV_RISK_NB, 
                  ca.CUST_MATCH_TX,
                  ca.CUST_MATCH_TYPE_CD,
                  ca.ACCT_INTRL_ID,
                  w.Trxn_Am,
                  w.DATA_DUMP_DT,
                  case when  w.BENEF_ACTVY_RISK_NB > @Actvty_Risk_Cutoff_Lvl then w.Trxn_Am else 0 end Hr_Am,
                  w.Pass_Thru_Am,    
                  w.Lrf_Am,			
	                w.Trusted_Trans_Amt,
                  w.FUNC_CRNCY_CD 
            from 
                wires w,
                Cust_Accounts ca   

            where 
                  w.BENEF_ACCT_ID = ca.ACCT_INTRL_ID
              and w.INTRL_BENEF_ACCT_FL = 'Y'  
              --BENEF <> ORIG
              and ((@Prmry_Cust_Fl = 'Y'
                 and not exists (select 1 from fccmatomic.ACCT a1
                                          where a1.ACCT_INTRL_ID = w.ORIG_ACCT_ID
                                          and a1.PRMRY_CUST_INTRL_ID = ca.CUST_INTRL_ID
                                          and w.INTRL_ORIG_ACCT_FL = 'Y'
                                          and a1.MANTAS_ACCT_BUS_TYPE_CD IN (@Mantas_Bus_Acct_Type_Lst)
                                          and a1.MANTAS_ACCT_HOLDR_TYPE_CD = 'CR')
                   )
                 OR
                 (@Prmry_Cust_Fl = 'N'
                 and
                 (w.INTRL_ORIG_ACCT_FL <> 'Y' OR  ca.CUST_INTRL_ID not in (select COALESCE(cta.cust_intrl_id,'NULL') 
                                                                                  from fccmatomic.CUST_ACCT cta,
                                                                                       fccmatomic.ACCT act,
                                                                                       fccmatomic.CUST_ACCT_ROLE car2
                                                                                  where act.acct_intrl_id = cta.acct_intrl_id
                                                                                        and cta.cust_acct_role_cd = car2.cust_acct_role_cd
                                                                                        and (car2.trdng_auth_fl = 'Y' or car2.wdrwl_auth_fl = 'Y' or car2.poa_fl = 'Y')
                                                                                        and act.ACCT_INTRL_ID = w.ORIG_ACCT_ID))) 
                 ) 
              --BENEF <> SCND_ORIG
              and ((@Prmry_Cust_Fl = 'Y'
                 and not exists (select 1 from fccmatomic.ACCT a2
                                               where a2.ACCT_INTRL_ID = w.SCND_ORIG_ACCT_ID
                                               and a2.PRMRY_CUST_INTRL_ID = ca.CUST_INTRL_ID
                                               and w.INTRL_SCND_ORIG_ACCT_FL = 'Y'
                                               and a2.MANTAS_ACCT_BUS_TYPE_CD IN (@Mantas_Bus_Acct_Type_Lst)
                                               and a2.MANTAS_ACCT_HOLDR_TYPE_CD = 'CR')
                   )                             
                 OR
                 (@Prmry_Cust_Fl = 'N'
                 and
                 (COALESCE(w.INTRL_SCND_ORIG_ACCT_FL,'-') <> 'Y' OR  ca.CUST_INTRL_ID not in (select COALESCE(cta.cust_intrl_id,'NULL') 
                                                                                  from fccmatomic.CUST_ACCT cta,
                                                                                       fccmatomic.ACCT act,
                                                                                       fccmatomic.CUST_ACCT_ROLE car2
                                                                                  where act.acct_intrl_id = cta.acct_intrl_id
                                                                                        and cta.cust_acct_role_cd = car2.cust_acct_role_cd
                                                                                        and (car2.trdng_auth_fl = 'Y' or car2.wdrwl_auth_fl = 'Y' or car2.poa_fl = 'Y')
                                                                                        and act.ACCT_INTRL_ID = w.SCND_ORIG_ACCT_ID))) 
                 )  
    UNION ALL
            --Wire SCND_BENEF                   
            select 
                  ca.CUST_SEQ_ID,
                  ca.CUST_INTRL_ID,
                  ca.CUST_EFCTV_RISK_NB, 
                  ca.CUST_MATCH_TX,
                  ca.CUST_MATCH_TYPE_CD,
                  ca.ACCT_INTRL_ID,
                  w.Trxn_Am,
                  w.DATA_DUMP_DT,
                  case when  w.SCND_BENEF_ACTVY_RISK_NB > @Actvty_Risk_Cutoff_Lvl then w.Trxn_Am else 0 end Hr_Am,
                  w.Pass_Thru_Am,    
                  w.Lrf_Am,			
	                w.Trusted_Trans_Amt,
                  w.FUNC_CRNCY_CD 
            from 
                wires w,
                Cust_Accounts ca 

            where 
                  w.SCND_BENEF_ACCT_ID = ca.ACCT_INTRL_ID
              and w.INTRL_SCND_BENEF_ACCT_FL = 'Y'
              --SCND_BENEF <> ORIG
              and ((@Prmry_Cust_Fl = 'Y'
                 and not exists (select 1 from fccmatomic.ACCT a1
                                          where a1.ACCT_INTRL_ID = w.ORIG_ACCT_ID
                                          and a1.PRMRY_CUST_INTRL_ID = ca.CUST_INTRL_ID
                                          and w.INTRL_ORIG_ACCT_FL = 'Y'
                                          and a1.MANTAS_ACCT_BUS_TYPE_CD IN (@Mantas_Bus_Acct_Type_Lst)
                                          and a1.MANTAS_ACCT_HOLDR_TYPE_CD = 'CR')
                   )
                 OR
                 (@Prmry_Cust_Fl = 'N'
                 and
                 (w.INTRL_ORIG_ACCT_FL <> 'Y' OR  ca.CUST_INTRL_ID not in (select COALESCE(cta.cust_intrl_id,'NULL') 
                                                                                  from fccmatomic.CUST_ACCT cta,
                                                                                       fccmatomic.ACCT act,
                                                                                       fccmatomic.CUST_ACCT_ROLE car2
                                                                                  where act.acct_intrl_id = cta.acct_intrl_id
                                                                                        and cta.cust_acct_role_cd = car2.cust_acct_role_cd
                                                                                        and (car2.trdng_auth_fl = 'Y' or car2.wdrwl_auth_fl = 'Y' or car2.poa_fl = 'Y')
                                                                                        and act.ACCT_INTRL_ID = w.ORIG_ACCT_ID))) 
                 ) 
              --SCND_BENEF <> SCND_ORIG
              and ((@Prmry_Cust_Fl = 'Y'
                 and not exists (select 1 from fccmatomic.ACCT a2
                                               where a2.ACCT_INTRL_ID = w.SCND_ORIG_ACCT_ID
                                               and a2.PRMRY_CUST_INTRL_ID = ca.CUST_INTRL_ID
                                               and w.INTRL_SCND_ORIG_ACCT_FL = 'Y'
                                               and a2.MANTAS_ACCT_BUS_TYPE_CD IN (@Mantas_Bus_Acct_Type_Lst)
                                               and a2.MANTAS_ACCT_HOLDR_TYPE_CD = 'CR')
                   )
                 OR
                 (@Prmry_Cust_Fl = 'N'
                 and
                 (COALESCE(w.INTRL_SCND_ORIG_ACCT_FL,'-') <> 'Y' OR  ca.CUST_INTRL_ID not in (select COALESCE(cta.cust_intrl_id,'NULL') 
                                                                                  from fccmatomic.CUST_ACCT cta,
                                                                                       fccmatomic.ACCT act,
                                                                                       fccmatomic.CUST_ACCT_ROLE car2
                                                                                  where act.acct_intrl_id = cta.acct_intrl_id
                                                                                        and cta.cust_acct_role_cd = car2.cust_acct_role_cd
                                                                                        and (car2.trdng_auth_fl = 'Y' or car2.wdrwl_auth_fl = 'Y' or car2.poa_fl = 'Y')
                                                                                        and act.ACCT_INTRL_ID = w.SCND_ORIG_ACCT_ID))) 
                 )   
              --SCND_BENEF <> BENEF
              and ((@Prmry_Cust_Fl = 'Y'
                 and not exists (select 1 from fccmatomic.ACCT a2
                                               where a2.ACCT_INTRL_ID = w.BENEF_ACCT_ID
                                               and a2.PRMRY_CUST_INTRL_ID = ca.CUST_INTRL_ID
                                               and w.INTRL_BENEF_ACCT_FL = 'Y'
                                               and a2.MANTAS_ACCT_BUS_TYPE_CD IN (@Mantas_Bus_Acct_Type_Lst)
                                               and a2.MANTAS_ACCT_HOLDR_TYPE_CD = 'CR')
                   )
                 OR
                 (@Prmry_Cust_Fl = 'N'
                 and
                 (w.INTRL_BENEF_ACCT_FL <> 'Y' OR  ca.CUST_INTRL_ID not in (select COALESCE(cta.cust_intrl_id,'NULL') 
                                                                                  from fccmatomic.CUST_ACCT cta,
                                                                                       fccmatomic.ACCT act,
                                                                                       fccmatomic.CUST_ACCT_ROLE car2
                                                                                  where act.acct_intrl_id = cta.acct_intrl_id
                                                                                        and cta.cust_acct_role_cd = car2.cust_acct_role_cd
                                                                                        and (car2.trdng_auth_fl = 'Y' or car2.wdrwl_auth_fl = 'Y' or car2.poa_fl = 'Y')
                                                                                        and act.ACCT_INTRL_ID = w.BENEF_ACCT_ID))) 
                 )    
                 
    UNION ALL
            --MI REM                   
            select 
                  ca.CUST_SEQ_ID,
                  ca.CUST_INTRL_ID,
                  ca.CUST_EFCTV_RISK_NB, 
                  ca.CUST_MATCH_TX,
                  ca.CUST_MATCH_TYPE_CD,
                  ca.ACCT_INTRL_ID,
                  w.Trxn_Am,
                  w.DATA_DUMP_DT,
                  case when  w.REM_ACTVY_RISK_NB > @Actvty_Risk_Cutoff_Lvl then w.Trxn_Am else 0 end Hr_Am,
                  w.Pass_Thru_Am,    
                  w.Lrf_Am,			
	                w.Trusted_Trans_Amt,
                  w.FUNC_CRNCY_CD 
            from 
                mitrxn w,
                Cust_Accounts ca  
            where 
                  w.REM_ACCT_ID = ca.ACCT_INTRL_ID
              and w.INTRL_REM_ACCT_FL = 'Y'  			 
              and w.MANTAS_ISSUE_DATE in (select kc.CLNDR_DT from fccmatomic.KDD_CAL kc where kc.CLNDR_NM = 'SYSCAL'and kc.CLNDR_DAY_AGE between 0 and @Look_Back_Period-1)                                          

    UNION ALL
            --MI BENEF                   
            select 
                  ca.CUST_SEQ_ID,
                  ca.CUST_INTRL_ID,
                  ca.CUST_EFCTV_RISK_NB, 
                  ca.CUST_MATCH_TX,
                  ca.CUST_MATCH_TYPE_CD,
                  ca.ACCT_INTRL_ID,
                  w.Trxn_Am,
                  w.DATA_DUMP_DT,
                  case when  w.BENEF_ACTVY_RISK_NB > @Actvty_Risk_Cutoff_Lvl then w.Trxn_Am else 0 end Hr_Am,
                  w.Pass_Thru_Am,    
                  w.Lrf_Am,			
	                w.Trusted_Trans_Amt,
                  w.FUNC_CRNCY_CD 
                                                       
            from 
                 mitrxn w,
                 Cust_Accounts ca
 
            where 
                  w.BENEF_ACCT_ID = ca.ACCT_INTRL_ID
              and w.MANTAS_POST_DT in (select kc.CLNDR_DT from fccmatomic.KDD_CAL kc where kc.CLNDR_NM = 'SYSCAL'and kc.CLNDR_DAY_AGE between 0 and @Look_Back_Period-1)
              and w.INTRL_BENEF_ACCT_FL = 'Y'			              
              --BENEF <> REM
              and ((@Prmry_Cust_Fl = 'Y'
                 and not exists (select 1 from fccmatomic.ACCT a1
                                          where a1.ACCT_INTRL_ID = w.REM_ACCT_ID
                                          and a1.PRMRY_CUST_INTRL_ID = ca.CUST_INTRL_ID
                                          and w.INTRL_REM_ACCT_FL = 'Y'
                                          and a1.MANTAS_ACCT_BUS_TYPE_CD IN (@Mantas_Bus_Acct_Type_Lst)
                                          and a1.MANTAS_ACCT_HOLDR_TYPE_CD = 'CR')    
                   )
                 OR
                 (@Prmry_Cust_Fl = 'N'
                 and
                 (w.INTRL_REM_ACCT_FL <> 'Y' OR  ca.CUST_INTRL_ID not in (select COALESCE(cta.cust_intrl_id,'NULL') 
                                                                                  from fccmatomic.CUST_ACCT cta,
                                                                                       fccmatomic.ACCT act,
                                                                                       fccmatomic.CUST_ACCT_ROLE car2
                                                                                  where act.acct_intrl_id = cta.acct_intrl_id
                                                                                        and cta.cust_acct_role_cd = car2.cust_acct_role_cd
                                                                                        and (car2.trdng_auth_fl = 'Y' or car2.wdrwl_auth_fl = 'Y' or car2.poa_fl = 'Y')
                                                                                        and act.ACCT_INTRL_ID = w.REM_ACCT_ID))) 
                 ) 
                 
    UNION ALL
            --MI SCND_BENEF                   
            select 
                  ca.CUST_SEQ_ID,
                  ca.CUST_INTRL_ID,
                  ca.CUST_EFCTV_RISK_NB, 
                  ca.CUST_MATCH_TX,
                  ca.CUST_MATCH_TYPE_CD,
                  ca.ACCT_INTRL_ID,
                  w.Trxn_Am,
                  w.DATA_DUMP_DT,
                  case when  w.SCND_BENEF_ACTVY_RISK_NB > @Actvty_Risk_Cutoff_Lvl then w.Trxn_Am else 0 end Hr_Am,
                  w.Pass_Thru_Am,    
                  w.Lrf_Am,			
	                w.Trusted_Trans_Amt,
                  w.FUNC_CRNCY_CD 
                                      
            from 
                mitrxn w,
                Cust_Accounts ca

            where 
                  w.SCND_BENEF_ACCT_ID = ca.ACCT_INTRL_ID
              and w.MANTAS_POST_DT in (select kc.CLNDR_DT from fccmatomic.KDD_CAL kc where kc.CLNDR_NM = 'SYSCAL'and kc.CLNDR_DAY_AGE between 0 and @Look_Back_Period-1)    
              and w.INTRL_SCND_BENEF_ACCT_FL = 'Y'			
              --SCND_BENEF <> REM
              and ((@Prmry_Cust_Fl = 'Y'
                 and not exists (select 1 from fccmatomic.ACCT a1
                                          where a1.ACCT_INTRL_ID = w.REM_ACCT_ID
                                          and a1.PRMRY_CUST_INTRL_ID = ca.CUST_INTRL_ID
                                          and w.INTRL_REM_ACCT_FL = 'Y'
                                          and a1.MANTAS_ACCT_BUS_TYPE_CD IN (@Mantas_Bus_Acct_Type_Lst)
                                          and a1.MANTAS_ACCT_HOLDR_TYPE_CD = 'CR')    
                   )                 
                 OR
                 (@Prmry_Cust_Fl = 'N'
                 and
                 (w.INTRL_REM_ACCT_FL <> 'Y' OR  ca.CUST_INTRL_ID not in (select COALESCE(cta.cust_intrl_id,'NULL') 
                                                                                  from fccmatomic.CUST_ACCT cta,
                                                                                       fccmatomic.ACCT act,
                                                                                       fccmatomic.CUST_ACCT_ROLE car2
                                                                                  where act.acct_intrl_id = cta.acct_intrl_id
                                                                                        and cta.cust_acct_role_cd = car2.cust_acct_role_cd
                                                                                        and (car2.trdng_auth_fl = 'Y' or car2.wdrwl_auth_fl = 'Y' or car2.poa_fl = 'Y')
                                                                                        and act.ACCT_INTRL_ID = w.REM_ACCT_ID))) 
                 ) 
              --SCND_BENEF <> BENEF
              and ((@Prmry_Cust_Fl = 'Y'
                 and not exists (select 1 from fccmatomic.ACCT a1
                                          where a1.ACCT_INTRL_ID = w.BENEF_ACCT_ID
                                          and a1.PRMRY_CUST_INTRL_ID = ca.CUST_INTRL_ID
                                          and w.INTRL_BENEF_ACCT_FL = 'Y'
                                          and a1.MANTAS_ACCT_BUS_TYPE_CD IN (@Mantas_Bus_Acct_Type_Lst)
                                          and a1.MANTAS_ACCT_HOLDR_TYPE_CD = 'CR')    
                   )                 
                 OR
                 (@Prmry_Cust_Fl = 'N'
                 and
                 (w.INTRL_BENEF_ACCT_FL <> 'Y' OR  ca.CUST_INTRL_ID not in (select COALESCE(cta.cust_intrl_id,'NULL') 
                                                                                  from fccmatomic.CUST_ACCT cta,
                                                                                       fccmatomic.ACCT act,
                                                                                       fccmatomic.CUST_ACCT_ROLE car2
                                                                                  where act.acct_intrl_id = cta.acct_intrl_id
                                                                                        and cta.cust_acct_role_cd = car2.cust_acct_role_cd
                                                                                        and (car2.trdng_auth_fl = 'Y' or car2.wdrwl_auth_fl = 'Y' or car2.poa_fl = 'Y')
                                                                                        and act.ACCT_INTRL_ID = w.BENEF_ACCT_ID))) 
                 )                                     
               			 
    UNION ALL
            --CASH
            select 
                  ca.CUST_SEQ_ID,
                  ca.CUST_INTRL_ID,
                  ca.CUST_EFCTV_RISK_NB, 
                  ca.CUST_MATCH_TX,
                  ca.CUST_MATCH_TYPE_CD,
                  ca.ACCT_INTRL_ID,
                  DECODE(@Curr_Type,'F',w.TRXN_FUNC_AM,w.TRXN_BASE_AM) as Trxn_Am,
                  w.DATA_DUMP_DT,
                  case when  w.CASH_TRXN_ACTVY_RISK_NB > @Actvty_Risk_Cutoff_Lvl then DECODE(@Curr_Type,'F',w.TRXN_FUNC_AM,w.TRXN_BASE_AM) else 0 end Hr_Am,
                  0 as Pass_Thru_Am,        
                  case when DECODE(@Curr_Type,'F',w.TRXN_FUNC_AM,w.TRXN_BASE_AM)  - trunc(DECODE(@Curr_Type,'F',w.TRXN_FUNC_AM,w.TRXN_BASE_AM) , -@Lrf_Digits) = 0 then DECODE(@Curr_Type,'F',w.TRXN_FUNC_AM,w.TRXN_BASE_AM) 
                       when w.TRXN_ACTVY_AM - trunc(w.TRXN_ACTVY_AM, -@Lrf_Digits) = 0 then DECODE(@Curr_Type,'F',w.TRXN_FUNC_AM,w.TRXN_BASE_AM) 		 
                       else 0 end Lrf_Am ,                  
	                0 as Trusted_Trans_Amt,
                  w.FUNC_CRNCY_CD 
            from 
                 fccmatomic.CASH_TRXN w,
                 Cust_Accounts ca 

            where 
                  w.ACCT_INTRL_ID = ca.ACCT_INTRL_ID
               and (@All_Trans_Src_Fl = 'Y' or w.SRC_SYS_CD IN (@Incl_Trans_Src_Lst))
				       and w.MANTAS_TRXN_PURP_CD = 'GENERAL'
               and w.MANTAS_TRXN_PRDCT_CD in (@Incl_Cash_Trxn_Prdct_Type_Lst)
               and (@Incl_Rltd_Parties = 'Y' or COALESCE(w.unrltd_party_fl, 'Y') <> 'N')   
               and w.TRXN_EXCTN_DT in (select kc.CLNDR_DT from fccmatomic.KDD_CAL kc where kc.CLNDR_NM = 'SYSCAL'and kc.CLNDR_DAY_AGE between 0 and @Look_Back_Period-1)
               and w.DATA_DUMP_DT in (select kc.CLNDR_DT from fccmatomic.KDD_CAL kc where kc.CLNDR_NM = 'SYSCAL'and kc.CLNDR_DAY_AGE between 0 and @Look_Back_Period-1)
               and w.CXL_PAIR_TRXN_INTRL_ID is null		
               and DECODE(@Curr_Type,'F',w.TRXN_FUNC_AM,w.TRXN_BASE_AM) IS NOT NULL AND DECODE(@Curr_Type,'F',w.TRXN_FUNC_AM,w.TRXN_BASE_AM) <> 0	   
               			 
    UNION ALL
            --Journal
            select 
                  ca.CUST_SEQ_ID,
                  ca.CUST_INTRL_ID,
                  ca.CUST_EFCTV_RISK_NB, 
                  ca.CUST_MATCH_TX,
                  ca.CUST_MATCH_TYPE_CD,
                  ca.ACCT_INTRL_ID,
                  DECODE(@Curr_Type,'F',w.TRXN_FUNC_AM,w.TRXN_BASE_AM) as Trxn_Am,
                  w.DATA_DUMP_DT,
                  case when  w.BO_TRXN_ACTVY_RISK_NB > @Actvty_Risk_Cutoff_Lvl then DECODE(@Curr_Type,'F',w.TRXN_FUNC_AM,w.TRXN_BASE_AM) else 0 end Hr_Am,
                  0 as Pass_Thru_Am,        
                  case when DECODE(@Curr_Type,'F',w.TRXN_FUNC_AM,w.TRXN_BASE_AM)  - trunc(DECODE(@Curr_Type,'F',w.TRXN_FUNC_AM,w.TRXN_BASE_AM) , -@Lrf_Digits) = 0 then DECODE(@Curr_Type,'F',w.TRXN_FUNC_AM,w.TRXN_BASE_AM) 
                       when w.TRXN_ACTVY_AM - trunc(w.TRXN_ACTVY_AM, -@Lrf_Digits) = 0 then DECODE(@Curr_Type,'F',w.TRXN_FUNC_AM,w.TRXN_BASE_AM) 		 
                       else 0 end Lrf_Am ,                  
	                case when w.TRSTD_TRXN_FL = 'Y' then DECODE(@Curr_Type,'F',w.TRXN_FUNC_AM,w.TRXN_BASE_AM) else 0 end as Trusted_Trans_Amt,
                  w.FUNC_CRNCY_CD 
             from
                  fccmatomic.BACK_OFFICE_TRXN w,
                  Cust_Accounts ca  

            where 
                  w.ACCT_INTRL_ID = ca.ACCT_INTRL_ID
              and w.MANTAS_TRXN_PRDCT_CD  in (@Incl_BO_Trxn_Prdct_Type_Lst)
              and w.MANTAS_TRXN_PURP_CD = 'GENERAL'
              and w.CXL_PAIR_TRXN_INTRL_ID is null
              and (@All_Trans_Src_Fl = 'Y' or w.SRC_SYS_CD IN (@Incl_Trans_Src_Lst))	
              and (@Include_Trusted_Trans_FL = 'Y' or COALESCE(w.TRSTD_TRXN_FL, 'N') = 'N')  
              and (@Incl_Rltd_Parties = 'Y' or w.unrltd_party_cd is not null)
              and w.EXCTN_DT in (select kc.CLNDR_DT from fccmatomic.KDD_CAL kc where kc.CLNDR_NM = 'SYSCAL'and kc.CLNDR_DAY_AGE between 0 and @Look_Back_Period-1)
              and w.DATA_DUMP_DT in (select kc.CLNDR_DT from fccmatomic.KDD_CAL kc where kc.CLNDR_NM = 'SYSCAL'and kc.CLNDR_DAY_AGE between 0 and @Look_Back_Period-1)
              and DECODE(@Curr_Type,'F',w.TRXN_FUNC_AM,w.TRXN_BASE_AM) IS NOT NULL AND DECODE(@Curr_Type,'F',w.TRXN_FUNC_AM,w.TRXN_BASE_AM) <> 0
                                             
) t    

GROUP BY 
       t.CUST_SEQ_ID,
       t.CUST_INTRL_ID,
       t.CUST_EFCTV_RISK_NB,
       t.CUST_MATCH_TX,
       t.CUST_MATCH_TYPE_CD

HAVING 
-- Frequency Period
     max(t.data_dump_dt) <= (select b.CLNDR_DT from fccmatomic.KDD_CAL b where b.CLNDR_NM = 'SYSCAL'and b.CLNDR_DAY_AGE = 0)  
and  max(t.data_dump_dt) >  (select add_days(b.CLNDR_DT, - @Frequency_Period) from fccmatomic.KDD_CAL b where b.CLNDR_NM = 'SYSCAL'and b.CLNDR_DAY_AGE = 0)
-- Exclude Customers Containing only One Account
and     count(distinct t.ACCT_INTRL_ID) >= @Min_Acct_Ct
-- applying constraints      
and (sum(t.Trxn_Am) >= @Min_Trans_Am and count(1) >= @Min_Trans_Ct)
 ) ot ORDER BY ot.CUST_SEQ_ID 
05/21/2026 12:31:37 DEBUG : Thread ID = 140660495488768:  Rule Matcher:   File = dscursor.cc:  Line = 748:  Preparing to select from dataset 114011921 
05/21/2026 12:31:37 DEBUG : Thread ID = 140660495488768:  Rule Matcher:   File = dscursor.cc:  Line = 754:  SELECT  ot.CUST_INTRL_ID, ot.CUST_SEQ_ID, ot.CUST_EFCTV_RISK_NB, ot.CUST_MATCH_TX, ot.CUST_MATCH_TYPE_CD, ot.TOT_TRANS_AMT, ot.TOT_TRANS_CT, ot.ACCT_CT, ot.PASS_THRU_PRCTG, ot.LRF_PRCTG, ot.HR_PRCTG, ot.TRUSTED_TRANS_AMT, ot.FUNC_CRNCY_CD FROM (-- BUG 30360250
-- PR-47385 added 'CXL_PAIR_TRXN_INTRL_ID' filter on all front office transactions
-- Date 06/23/2009 : PR 40130 Removing the 'MANTAS_ISSUE_DATE'/'MANTAS_POST_DT' from the MI_TRXN logic
-- The following code has been removed as per PR 40130:
-- and w.MANTAS_POST_DT <= (select b.CLNDR_DT from fccmatomic.KDD_CAL b where b.CLNDR_NM = 'SYSCAL'and b.CLNDR_DAY_AGE = 0)  
-- and w.MANTAS_POST_DT >  (select add_days(b.CLNDR_DT, - 1) from fccmatomic.KDD_CAL b where b.CLNDR_NM = 'SYSCAL'and b.CLNDR_DAY_AGE = 0)
-- and w.MANTAS_ISSUE_DATE <= (select b.CLNDR_DT from fccmatomic.KDD_CAL b where b.CLNDR_NM = 'SYSCAL'and b.CLNDR_DAY_AGE = 0)  
-- and w.MANTAS_ISSUE_DATE >  (select add_days(b.CLNDR_DT, - 1) from fccmatomic.KDD_CAL b where b.CLNDR_NM = 'SYSCAL'and b.CLNDR_DAY_AGE = 0)
-- M1
--OFSAABD-17784

with wires as (
select
          w.FO_TRXN_SEQ_ID,
          w.BENEF_ACCT_ID,
          w.SCND_BENEF_ACCT_ID,
          w.ORIG_ACCT_ID,
          w.SCND_ORIG_ACCT_ID,
          w.DATA_DUMP_DT,
          DECODE('B','F',w.TRXN_FUNC_AM,w.TRXN_BASE_AM) as Trxn_Am,
          w.BENEF_ACTVY_RISK_NB,
          w.SCND_BENEF_ACTVY_RISK_NB,
          w.ORIG_ACTVY_RISK_NB,
          w.SCND_ORIG_ACTVY_RISK_NB,
          w.INTRL_BENEF_ACCT_FL,
          w.INTRL_SCND_BENEF_ACCT_FL,
          w.INTRL_ORIG_ACCT_FL,          
          w.INTRL_SCND_ORIG_ACCT_FL,
          (CASE WHEN w.PASS_THRU_FL='Y' THEN DECODE('B','F',w.TRXN_FUNC_AM,w.TRXN_BASE_AM) ELSE 0 END) PASS_THRU_AM,        
          (CASE WHEN DECODE('B','F',w.TRXN_FUNC_AM,w.TRXN_BASE_AM)  - TRUNC(DECODE('B','F',w.TRXN_FUNC_AM,w.TRXN_BASE_AM) , -4) = 0 THEN DECODE('B','F',w.TRXN_FUNC_AM,w.TRXN_BASE_AM)  
                 WHEN w.RCV_TRXN_ACTVY_AM - TRUNC(w.RCV_TRXN_ACTVY_AM, -4) = 0 THEN DECODE('B','F',w.TRXN_FUNC_AM,w.TRXN_BASE_AM) 
                 WHEN w.SEND_TRXN_ACTVY_AM - TRUNC(w.SEND_TRXN_ACTVY_AM, -4) = 0 THEN DECODE('B','F',w.TRXN_FUNC_AM,w.TRXN_BASE_AM) 
                 ELSE 0 END) LRF_AM,
	      	case when w.TRSTD_TRXN_FL = 'Y' then DECODE('B','F',w.TRXN_FUNC_AM,w.TRXN_BASE_AM)  else 0 end as Trusted_Trans_Amt,
          w.FUNC_CRNCY_CD 	
                           
from
	fccmatomic.WIRE_TRXN w 
where
	     ('Y' = 'Y' or w.SRC_SYS_CD IN ('Inactive'))
    and w.MANTAS_TRXN_PRDCT_CD in ('EFT-ACH', 'EFT-TREASURY', 'EFT-FEDWIRE', 'EFT-SWIFT', 'EFT-OTHER', 'EST')
    and w.MANTAS_TRXN_PURP_CD = 'GENERAL'
  	and ('Y' = 'Y'  or NOT(w.BANK_TO_BANK_TRNFR_FL = 'Y' and w.PASS_THRU_FL = 'N'))
    and ('Y' = 'Y' or COALESCE(w.TRSTD_TRXN_FL, 'N') = 'N')  
    and ('Y' = 'Y'  or COALESCE(w.UNRLTD_PARTY_FL, 'Y') <> 'N')
    and w.TRXN_EXCTN_DT in (select kc.CLNDR_DT from fccmatomic.KDD_CAL kc where kc.CLNDR_NM = 'SYSCAL'and kc.CLNDR_DAY_AGE between 0 and 1-1)   
  	and w.DATA_DUMP_DT  in (select kc.CLNDR_DT from fccmatomic.KDD_CAL kc where kc.CLNDR_NM = 'SYSCAL'and kc.CLNDR_DAY_AGE between 0 and 1-1)
 	  and w.CXL_PAIR_TRXN_INTRL_ID is null
    and DECODE('B','F',w.TRXN_FUNC_AM,w.TRXN_BASE_AM) IS NOT NULL AND DECODE('B','F',w.TRXN_FUNC_AM,w.TRXN_BASE_AM) <> 0
),

  
mitrxn as (
select
          m.FO_TRXN_SEQ_ID,
          m.BENEF_ACCT_ID,
          m.SCND_BENEF_ACCT_ID,
          m.REM_ACCT_ID,
          m.DATA_DUMP_DT,
          m.MANTAS_POST_DT,
          m.MANTAS_ISSUE_DATE,
          DECODE('B','F',m.TRXN_FUNC_AM,m.TRXN_BASE_AM) as Trxn_Am,
          m.BENEF_ACTVY_RISK_NB,
          m.SCND_BENEF_ACTVY_RISK_NB,
          m.REM_ACTVY_RISK_NB,
          m.INTRL_BENEF_ACCT_FL,
          m.INTRL_SCND_BENEF_ACCT_FL,
          m.INTRL_REM_ACCT_FL,
          (CASE WHEN m.PASS_THRU_FL='Y' THEN DECODE('B','F',m.TRXN_FUNC_AM,m.TRXN_BASE_AM) ELSE 0 END) PASS_THRU_AM,        
          (CASE WHEN DECODE('B','F',m.TRXN_FUNC_AM,m.TRXN_BASE_AM) - TRUNC(DECODE('B','F',m.TRXN_FUNC_AM,m.TRXN_BASE_AM), -4) = 0 THEN DECODE('B','F',m.TRXN_FUNC_AM,m.TRXN_BASE_AM) 
                 WHEN m.CLR_TRXN_ACTVY_AM - TRUNC(m.CLR_TRXN_ACTVY_AM, -4) = 0 THEN DECODE('B','F',m.TRXN_FUNC_AM,m.TRXN_BASE_AM)
                 WHEN m.DEP_TRXN_ACTVY_AM - TRUNC(m.DEP_TRXN_ACTVY_AM, -4) = 0 THEN DECODE('B','F',m.TRXN_FUNC_AM,m.TRXN_BASE_AM)
                 WHEN m.ISSUE_TRXN_ACTVY_AM - TRUNC(m.ISSUE_TRXN_ACTVY_AM, -4) = 0 THEN DECODE('B','F',m.TRXN_FUNC_AM,m.TRXN_BASE_AM)
                 ELSE 0 END) LRF_AM,
				  case when m.TRSTD_TRXN_FL = 'Y' then DECODE('B','F',m.TRXN_FUNC_AM,m.TRXN_BASE_AM) else 0 end as Trusted_Trans_Amt,
          m.FUNC_CRNCY_CD 
from
	fccmatomic.MI_TRXN m
where
	m.MANTAS_TRXN_PURP_CD = 'GENERAL'
	and m.MANTAS_TRXN_PRDCT_CD in ('CASH-EQ-CASHIER-CHECK', 'CASH-EQ-CERT-CHECK', 'CASH-EQ-MONEY-ORDER', 'CASH-EQ-TRAVELERS-CHECK', 'CASH-EQ-OTHER', 'CASH-LETTER', 'CHECK', 'PAPER-OTHER', 'CHECK-ACH')      
	and ('Y' = 'Y' or m.SRC_SYS_CD IN ('Inactive'))
	and ('Y' = 'Y'  or NOT(m.BANK_TO_BANK_TRNFR_FL = 'Y' and m.PASS_THRU_FL = 'N'))
  and ('Y' = 'Y' or COALESCE(m.TRSTD_TRXN_FL, 'N') = 'N')  
	and ('Y' = 'Y' or COALESCE(m.unrltd_party_fl, 'Y') <> 'N')	 
	and m.DATA_DUMP_DT in (select kc.CLNDR_DT from fccmatomic.KDD_CAL kc where kc.CLNDR_NM = 'SYSCAL'and kc.CLNDR_DAY_AGE between 0 and 1-1)
	and m.CXL_PAIR_TRXN_INTRL_ID is null
  and DECODE('B','F',m.TRXN_FUNC_AM,m.TRXN_BASE_AM) IS NOT NULL AND DECODE('B','F',m.TRXN_FUNC_AM,m.TRXN_BASE_AM) <> 0
),

Cust_Accounts as
(SELECT 
        c.CUST_SEQ_ID,
        ac.PRMRY_CUST_INTRL_ID as CUST_INTRL_ID,
        ac.ACCT_INTRL_ID,
        c.CUST_EFCTV_RISK_NB,
        c.CUST_MATCH_TX, 
        c.CUST_MATCH_TYPE_CD
        
FROM        
 fccmatomic.ACCT ac,
 fccmatomic.CUST c 
WHERE     
    c.CUST_INTRL_ID = ac.PRMRY_CUST_INTRL_ID
AND ac.MANTAS_ACCT_HOLDR_TYPE_CD = 'CR' 
AND c.CUST_EFCTV_RISK_NB <> -2 
--BUG 30360250
AND c.CUST_EFCTV_RISK_NB >= 9
AND ac.MANTAS_ACCT_BUS_TYPE_CD in ('RBK','RBR')
AND ('N' = 'Y' or c.JRSDCN_CD in ('AIIN'))
AND 'Y' = 'Y'

UNION ALL
SELECT 
        c.CUST_SEQ_ID,
        c.CUST_INTRL_ID as CUST_INTRL_ID,
        ac.ACCT_INTRL_ID,
        c.CUST_EFCTV_RISK_NB,
        c.CUST_MATCH_TX, 
        c.CUST_MATCH_TYPE_CD
FROM        
  fccmatomic.ACCT ac,
  fccmatomic.CUST_ACCT ca, 
  fccmatomic.CUST c,
  fccmatomic.CUST_ACCT_ROLE car
WHERE     
    ac.ACCT_INTRL_ID = ca.ACCT_INTRL_ID
AND ca.CUST_INTRL_ID = c.CUST_INTRL_ID
AND ca.CUST_ACCT_ROLE_CD = car.CUST_ACCT_ROLE_CD
AND ac.MANTAS_ACCT_HOLDR_TYPE_CD = 'CR' 
AND c.CUST_EFCTV_RISK_NB <> -2 
--BUG 30360250
AND c.CUST_EFCTV_RISK_NB >= 9 
AND ac.MANTAS_ACCT_BUS_TYPE_CD in ('RBK','RBR')
AND ('N' = 'Y' or c.JRSDCN_CD in ('AIIN'))
AND (car.TRDNG_AUTH_FL = 'Y' or car.WDRWL_AUTH_FL = 'Y' or car.POA_FL = 'Y')
AND 'Y' = 'N'
)


SELECT 
     t.CUST_SEQ_ID
   , t.CUST_INTRL_ID
   , t.CUST_EFCTV_RISK_NB
   , t.CUST_MATCH_TX
   , t.CUST_MATCH_TYPE_CD
   , count(1) as Tot_Trans_Ct
   , count(distinct t.ACCT_INTRL_ID) as Acct_Ct  
   , sum(t.Trxn_Am) as Tot_Trans_Amt
   , sum(t.Hr_Am)/sum(t.Trxn_Am)*100 as Hr_Prctg
   , sum(t.Lrf_Am)/sum(t.Trxn_Am)*100 as Lrf_Prctg   
   , sum(t.Pass_Thru_Am)/sum(t.Trxn_Am)*100 as Pass_Thru_Prctg
   , sum(t.Trusted_Trans_Amt) as Trusted_Trans_Amt   
   , max(t.FUNC_CRNCY_CD) as FUNC_CRNCY_CD   
 
FROM 
(
            --Wire ORIG
            select 
                  ca.CUST_SEQ_ID,
                  ca.CUST_INTRL_ID,
                  ca.CUST_EFCTV_RISK_NB, 
                  ca.CUST_MATCH_TX,
                  ca.CUST_MATCH_TYPE_CD,
                  ca.ACCT_INTRL_ID,
                  w.Trxn_Am,
                  w.DATA_DUMP_DT,
                  case when  w.ORIG_ACTVY_RISK_NB > 5 then w.Trxn_Am else 0 end Hr_Am,
                  w.Pass_Thru_Am,    
                  w.Lrf_Am,			
	                w.Trusted_Trans_Amt,
                  w.FUNC_CRNCY_CD 
                       
            from 

              wires w,
              Cust_Accounts ca 

            where 
                   w.ORIG_ACCT_ID = ca.ACCT_INTRL_ID
               and w.INTRL_ORIG_ACCT_FL = 'Y'               

    UNION ALL
            --Wire SCND_ORIG              			   
            select 
                  ca.CUST_SEQ_ID,
                  ca.CUST_INTRL_ID,
                  ca.CUST_EFCTV_RISK_NB, 
                  ca.CUST_MATCH_TX,
                  ca.CUST_MATCH_TYPE_CD,
                  ca.ACCT_INTRL_ID,
                  w.Trxn_Am,
                  w.DATA_DUMP_DT,
                  case when  w.SCND_ORIG_ACTVY_RISK_NB > 5 then w.Trxn_Am else 0 end Hr_Am,
                  w.Pass_Thru_Am,    
                  w.Lrf_Am,			
	                w.Trusted_Trans_Amt,
                  w.FUNC_CRNCY_CD 
                                    
            from 

              wires w,
              Cust_Accounts ca  
     
            where 
                  w.SCND_ORIG_ACCT_ID = ca.ACCT_INTRL_ID
             and  w.INTRL_SCND_ORIG_ACCT_FL = 'Y'
             --SCND_ORIG <> ORIG
             and (('Y' = 'Y'
                 and not exists (select 1 from fccmatomic.ACCT a1
                                        where a1.ACCT_INTRL_ID = w.ORIG_ACCT_ID
                                        and a1.PRMRY_CUST_INTRL_ID = ca.CUST_INTRL_ID
                                        and w.INTRL_ORIG_ACCT_FL = 'Y'
                                        and a1.MANTAS_ACCT_BUS_TYPE_CD IN ('RBK','RBR')
                                        and a1.MANTAS_ACCT_HOLDR_TYPE_CD = 'CR')
                  )
                 OR
                 ('Y' = 'N'
                 and
                 (w.INTRL_ORIG_ACCT_FL <> 'Y' OR  ca.CUST_INTRL_ID not in (select COALESCE(cta.cust_intrl_id,'NULL') 
                                                                                  from fccmatomic.CUST_ACCT cta,
                                                                                       fccmatomic.ACCT act,
                                                                                       fccmatomic.CUST_ACCT_ROLE car2
                                                                                  where act.acct_intrl_id = cta.acct_intrl_id
                                                                                        and cta.cust_acct_role_cd = car2.cust_acct_role_cd
                                                                                        and (car2.trdng_auth_fl = 'Y' or car2.wdrwl_auth_fl = 'Y' or car2.poa_fl = 'Y')
                                                                                        and act.ACCT_INTRL_ID = w.ORIG_ACCT_ID))) 
                 )   
    UNION ALL
            --Wire BENEF                              
            select 
                  ca.CUST_SEQ_ID,
                  ca.CUST_INTRL_ID,
                  ca.CUST_EFCTV_RISK_NB, 
                  ca.CUST_MATCH_TX,
                  ca.CUST_MATCH_TYPE_CD,
                  ca.ACCT_INTRL_ID,
                  w.Trxn_Am,
                  w.DATA_DUMP_DT,
                  case when  w.BENEF_ACTVY_RISK_NB > 5 then w.Trxn_Am else 0 end Hr_Am,
                  w.Pass_Thru_Am,    
                  w.Lrf_Am,			
	                w.Trusted_Trans_Amt,
                  w.FUNC_CRNCY_CD 
            from 
                wires w,
                Cust_Accounts ca   

            where 
                  w.BENEF_ACCT_ID = ca.ACCT_INTRL_ID
              and w.INTRL_BENEF_ACCT_FL = 'Y'  
              --BENEF <> ORIG
              and (('Y' = 'Y'
                 and not exists (select 1 from fccmatomic.ACCT a1
                                          where a1.ACCT_INTRL_ID = w.ORIG_ACCT_ID
                                          and a1.PRMRY_CUST_INTRL_ID = ca.CUST_INTRL_ID
                                          and w.INTRL_ORIG_ACCT_FL = 'Y'
                                          and a1.MANTAS_ACCT_BUS_TYPE_CD IN ('RBK','RBR')
                                          and a1.MANTAS_ACCT_HOLDR_TYPE_CD = 'CR')
                   )
                 OR
                 ('Y' = 'N'
                 and
                 (w.INTRL_ORIG_ACCT_FL <> 'Y' OR  ca.CUST_INTRL_ID not in (select COALESCE(cta.cust_intrl_id,'NULL') 
                                                                                  from fccmatomic.CUST_ACCT cta,
                                                                                       fccmatomic.ACCT act,
                                                                                       fccmatomic.CUST_ACCT_ROLE car2
                                                                                  where act.acct_intrl_id = cta.acct_intrl_id
                                                                                        and cta.cust_acct_role_cd = car2.cust_acct_role_cd
                                                                                        and (car2.trdng_auth_fl = 'Y' or car2.wdrwl_auth_fl = 'Y' or car2.poa_fl = 'Y')
                                                                                        and act.ACCT_INTRL_ID = w.ORIG_ACCT_ID))) 
                 ) 
              --BENEF <> SCND_ORIG
              and (('Y' = 'Y'
                 and not exists (select 1 from fccmatomic.ACCT a2
                                               where a2.ACCT_INTRL_ID = w.SCND_ORIG_ACCT_ID
                                               and a2.PRMRY_CUST_INTRL_ID = ca.CUST_INTRL_ID
                                               and w.INTRL_SCND_ORIG_ACCT_FL = 'Y'
                                               and a2.MANTAS_ACCT_BUS_TYPE_CD IN ('RBK','RBR')
                                               and a2.MANTAS_ACCT_HOLDR_TYPE_CD = 'CR')
                   )                             
                 OR
                 ('Y' = 'N'
                 and
                 (COALESCE(w.INTRL_SCND_ORIG_ACCT_FL,'-') <> 'Y' OR  ca.CUST_INTRL_ID not in (select COALESCE(cta.cust_intrl_id,'NULL') 
                                                                                  from fccmatomic.CUST_ACCT cta,
                                                                                       fccmatomic.ACCT act,
                                                                                       fccmatomic.CUST_ACCT_ROLE car2
                                                                                  where act.acct_intrl_id = cta.acct_intrl_id
                                                                                        and cta.cust_acct_role_cd = car2.cust_acct_role_cd
                                                                                        and (car2.trdng_auth_fl = 'Y' or car2.wdrwl_auth_fl = 'Y' or car2.poa_fl = 'Y')
                                                                                        and act.ACCT_INTRL_ID = w.SCND_ORIG_ACCT_ID))) 
                 )  
    UNION ALL
            --Wire SCND_BENEF                   
            select 
                  ca.CUST_SEQ_ID,
                  ca.CUST_INTRL_ID,
                  ca.CUST_EFCTV_RISK_NB, 
                  ca.CUST_MATCH_TX,
                  ca.CUST_MATCH_TYPE_CD,
                  ca.ACCT_INTRL_ID,
                  w.Trxn_Am,
                  w.DATA_DUMP_DT,
                  case when  w.SCND_BENEF_ACTVY_RISK_NB > 5 then w.Trxn_Am else 0 end Hr_Am,
                  w.Pass_Thru_Am,    
                  w.Lrf_Am,			
	                w.Trusted_Trans_Amt,
                  w.FUNC_CRNCY_CD 
            from 
                wires w,
                Cust_Accounts ca 

            where 
                  w.SCND_BENEF_ACCT_ID = ca.ACCT_INTRL_ID
              and w.INTRL_SCND_BENEF_ACCT_FL = 'Y'
              --SCND_BENEF <> ORIG
              and (('Y' = 'Y'
                 and not exists (select 1 from fccmatomic.ACCT a1
                                          where a1.ACCT_INTRL_ID = w.ORIG_ACCT_ID
                                          and a1.PRMRY_CUST_INTRL_ID = ca.CUST_INTRL_ID
                                          and w.INTRL_ORIG_ACCT_FL = 'Y'
                                          and a1.MANTAS_ACCT_BUS_TYPE_CD IN ('RBK','RBR')
                                          and a1.MANTAS_ACCT_HOLDR_TYPE_CD = 'CR')
                   )
                 OR
                 ('Y' = 'N'
                 and
                 (w.INTRL_ORIG_ACCT_FL <> 'Y' OR  ca.CUST_INTRL_ID not in (select COALESCE(cta.cust_intrl_id,'NULL') 
                                                                                  from fccmatomic.CUST_ACCT cta,
                                                                                       fccmatomic.ACCT act,
                                                                                       fccmatomic.CUST_ACCT_ROLE car2
                                                                                  where act.acct_intrl_id = cta.acct_intrl_id
                                                                                        and cta.cust_acct_role_cd = car2.cust_acct_role_cd
                                                                                        and (car2.trdng_auth_fl = 'Y' or car2.wdrwl_auth_fl = 'Y' or car2.poa_fl = 'Y')
                                                                                        and act.ACCT_INTRL_ID = w.ORIG_ACCT_ID))) 
                 ) 
              --SCND_BENEF <> SCND_ORIG
              and (('Y' = 'Y'
                 and not exists (select 1 from fccmatomic.ACCT a2
                                               where a2.ACCT_INTRL_ID = w.SCND_ORIG_ACCT_ID
                                               and a2.PRMRY_CUST_INTRL_ID = ca.CUST_INTRL_ID
                                               and w.INTRL_SCND_ORIG_ACCT_FL = 'Y'
                                               and a2.MANTAS_ACCT_BUS_TYPE_CD IN ('RBK','RBR')
                                               and a2.MANTAS_ACCT_HOLDR_TYPE_CD = 'CR')
                   )
                 OR
                 ('Y' = 'N'
                 and
                 (COALESCE(w.INTRL_SCND_ORIG_ACCT_FL,'-') <> 'Y' OR  ca.CUST_INTRL_ID not in (select COALESCE(cta.cust_intrl_id,'NULL') 
                                                                                  from fccmatomic.CUST_ACCT cta,
                                                                                       fccmatomic.ACCT act,
                                                                                       fccmatomic.CUST_ACCT_ROLE car2
                                                                                  where act.acct_intrl_id = cta.acct_intrl_id
                                                                                        and cta.cust_acct_role_cd = car2.cust_acct_role_cd
                                                                                        and (car2.trdng_auth_fl = 'Y' or car2.wdrwl_auth_fl = 'Y' or car2.poa_fl = 'Y')
                                                                                        and act.ACCT_INTRL_ID = w.SCND_ORIG_ACCT_ID))) 
                 )   
              --SCND_BENEF <> BENEF
              and (('Y' = 'Y'
                 and not exists (select 1 from fccmatomic.ACCT a2
                                               where a2.ACCT_INTRL_ID = w.BENEF_ACCT_ID
                                               and a2.PRMRY_CUST_INTRL_ID = ca.CUST_INTRL_ID
                                               and w.INTRL_BENEF_ACCT_FL = 'Y'
                                               and a2.MANTAS_ACCT_BUS_TYPE_CD IN ('RBK','RBR')
                                               and a2.MANTAS_ACCT_HOLDR_TYPE_CD = 'CR')
                   )
                 OR
                 ('Y' = 'N'
                 and
                 (w.INTRL_BENEF_ACCT_FL <> 'Y' OR  ca.CUST_INTRL_ID not in (select COALESCE(cta.cust_intrl_id,'NULL') 
                                                                                  from fccmatomic.CUST_ACCT cta,
                                                                                       fccmatomic.ACCT act,
                                                                                       fccmatomic.CUST_ACCT_ROLE car2
                                                                                  where act.acct_intrl_id = cta.acct_intrl_id
                                                                                        and cta.cust_acct_role_cd = car2.cust_acct_role_cd
                                                                                        and (car2.trdng_auth_fl = 'Y' or car2.wdrwl_auth_fl = 'Y' or car2.poa_fl = 'Y')
                                                                                        and act.ACCT_INTRL_ID = w.BENEF_ACCT_ID))) 
                 )    
                 
    UNION ALL
            --MI REM                   
            select 
                  ca.CUST_SEQ_ID,
                  ca.CUST_INTRL_ID,
                  ca.CUST_EFCTV_RISK_NB, 
                  ca.CUST_MATCH_TX,
                  ca.CUST_MATCH_TYPE_CD,
                  ca.ACCT_INTRL_ID,
                  w.Trxn_Am,
                  w.DATA_DUMP_DT,
                  case when  w.REM_ACTVY_RISK_NB > 5 then w.Trxn_Am else 0 end Hr_Am,
                  w.Pass_Thru_Am,    
                  w.Lrf_Am,			
	                w.Trusted_Trans_Amt,
                  w.FUNC_CRNCY_CD 
            from 
                mitrxn w,
                Cust_Accounts ca  
            where 
                  w.REM_ACCT_ID = ca.ACCT_INTRL_ID
              and w.INTRL_REM_ACCT_FL = 'Y'  			 
              and w.MANTAS_ISSUE_DATE in (select kc.CLNDR_DT from fccmatomic.KDD_CAL kc where kc.CLNDR_NM = 'SYSCAL'and kc.CLNDR_DAY_AGE between 0 and 1-1)                                          

    UNION ALL
            --MI BENEF                   
            select 
                  ca.CUST_SEQ_ID,
                  ca.CUST_INTRL_ID,
                  ca.CUST_EFCTV_RISK_NB, 
                  ca.CUST_MATCH_TX,
                  ca.CUST_MATCH_TYPE_CD,
                  ca.ACCT_INTRL_ID,
                  w.Trxn_Am,
                  w.DATA_DUMP_DT,
                  case when  w.BENEF_ACTVY_RISK_NB > 5 then w.Trxn_Am else 0 end Hr_Am,
                  w.Pass_Thru_Am,    
                  w.Lrf_Am,			
	                w.Trusted_Trans_Amt,
                  w.FUNC_CRNCY_CD 
                                                       
            from 
                 mitrxn w,
                 Cust_Accounts ca
 
            where 
                  w.BENEF_ACCT_ID = ca.ACCT_INTRL_ID
              and w.MANTAS_POST_DT in (select kc.CLNDR_DT from fccmatomic.KDD_CAL kc where kc.CLNDR_NM = 'SYSCAL'and kc.CLNDR_DAY_AGE between 0 and 1-1)
              and w.INTRL_BENEF_ACCT_FL = 'Y'			              
              --BENEF <> REM
              and (('Y' = 'Y'
                 and not exists (select 1 from fccmatomic.ACCT a1
                                          where a1.ACCT_INTRL_ID = w.REM_ACCT_ID
                                          and a1.PRMRY_CUST_INTRL_ID = ca.CUST_INTRL_ID
                                          and w.INTRL_REM_ACCT_FL = 'Y'
                                          and a1.MANTAS_ACCT_BUS_TYPE_CD IN ('RBK','RBR')
                                          and a1.MANTAS_ACCT_HOLDR_TYPE_CD = 'CR')    
                   )
                 OR
                 ('Y' = 'N'
                 and
                 (w.INTRL_REM_ACCT_FL <> 'Y' OR  ca.CUST_INTRL_ID not in (select COALESCE(cta.cust_intrl_id,'NULL') 
                                                                                  from fccmatomic.CUST_ACCT cta,
                                                                                       fccmatomic.ACCT act,
                                                                                       fccmatomic.CUST_ACCT_ROLE car2
                                                                                  where act.acct_intrl_id = cta.acct_intrl_id
                                                                                        and cta.cust_acct_role_cd = car2.cust_acct_role_cd
                                                                                        and (car2.trdng_auth_fl = 'Y' or car2.wdrwl_auth_fl = 'Y' or car2.poa_fl = 'Y')
                                                                                        and act.ACCT_INTRL_ID = w.REM_ACCT_ID))) 
                 ) 
                 
    UNION ALL
            --MI SCND_BENEF                   
            select 
                  ca.CUST_SEQ_ID,
                  ca.CUST_INTRL_ID,
                  ca.CUST_EFCTV_RISK_NB, 
                  ca.CUST_MATCH_TX,
                  ca.CUST_MATCH_TYPE_CD,
                  ca.ACCT_INTRL_ID,
                  w.Trxn_Am,
                  w.DATA_DUMP_DT,
                  case when  w.SCND_BENEF_ACTVY_RISK_NB > 5 then w.Trxn_Am else 0 end Hr_Am,
                  w.Pass_Thru_Am,    
                  w.Lrf_Am,			
	                w.Trusted_Trans_Amt,
                  w.FUNC_CRNCY_CD 
                                      
            from 
                mitrxn w,
                Cust_Accounts ca

            where 
                  w.SCND_BENEF_ACCT_ID = ca.ACCT_INTRL_ID
              and w.MANTAS_POST_DT in (select kc.CLNDR_DT from fccmatomic.KDD_CAL kc where kc.CLNDR_NM = 'SYSCAL'and kc.CLNDR_DAY_AGE between 0 and 1-1)    
              and w.INTRL_SCND_BENEF_ACCT_FL = 'Y'			
              --SCND_BENEF <> REM
              and (('Y' = 'Y'
                 and not exists (select 1 from fccmatomic.ACCT a1
                                          where a1.ACCT_INTRL_ID = w.REM_ACCT_ID
                                          and a1.PRMRY_CUST_INTRL_ID = ca.CUST_INTRL_ID
                                          and w.INTRL_REM_ACCT_FL = 'Y'
                                          and a1.MANTAS_ACCT_BUS_TYPE_CD IN ('RBK','RBR')
                                          and a1.MANTAS_ACCT_HOLDR_TYPE_CD = 'CR')    
                   )                 
                 OR
                 ('Y' = 'N'
                 and
                 (w.INTRL_REM_ACCT_FL <> 'Y' OR  ca.CUST_INTRL_ID not in (select COALESCE(cta.cust_intrl_id,'NULL') 
                                                                                  from fccmatomic.CUST_ACCT cta,
                                                                                       fccmatomic.ACCT act,
                                                                                       fccmatomic.CUST_ACCT_ROLE car2
                                                                                  where act.acct_intrl_id = cta.acct_intrl_id
                                                                                        and cta.cust_acct_role_cd = car2.cust_acct_role_cd
                                                                                        and (car2.trdng_auth_fl = 'Y' or car2.wdrwl_auth_fl = 'Y' or car2.poa_fl = 'Y')
                                                                                        and act.ACCT_INTRL_ID = w.REM_ACCT_ID))) 
                 ) 
              --SCND_BENEF <> BENEF
              and (('Y' = 'Y'
                 and not exists (select 1 from fccmatomic.ACCT a1
                                          where a1.ACCT_INTRL_ID = w.BENEF_ACCT_ID
                                          and a1.PRMRY_CUST_INTRL_ID = ca.CUST_INTRL_ID
                                          and w.INTRL_BENEF_ACCT_FL = 'Y'
                                          and a1.MANTAS_ACCT_BUS_TYPE_CD IN ('RBK','RBR')
                                          and a1.MANTAS_ACCT_HOLDR_TYPE_CD = 'CR')    
                   )                 
                 OR
                 ('Y' = 'N'
                 and
                 (w.INTRL_BENEF_ACCT_FL <> 'Y' OR  ca.CUST_INTRL_ID not in (select COALESCE(cta.cust_intrl_id,'NULL') 
                                                                                  from fccmatomic.CUST_ACCT cta,
                                                                                       fccmatomic.ACCT act,
                                                                                       fccmatomic.CUST_ACCT_ROLE car2
                                                                                  where act.acct_intrl_id = cta.acct_intrl_id
                                                                                        and cta.cust_acct_role_cd = car2.cust_acct_role_cd
                                                                                        and (car2.trdng_auth_fl = 'Y' or car2.wdrwl_auth_fl = 'Y' or car2.poa_fl = 'Y')
                                                                                        and act.ACCT_INTRL_ID = w.BENEF_ACCT_ID))) 
                 )                                     
               			 
    UNION ALL
            --CASH
            select 
                  ca.CUST_SEQ_ID,
                  ca.CUST_INTRL_ID,
                  ca.CUST_EFCTV_RISK_NB, 
                  ca.CUST_MATCH_TX,
                  ca.CUST_MATCH_TYPE_CD,
                  ca.ACCT_INTRL_ID,
                  DECODE('B','F',w.TRXN_FUNC_AM,w.TRXN_BASE_AM) as Trxn_Am,
                  w.DATA_DUMP_DT,
                  case when  w.CASH_TRXN_ACTVY_RISK_NB > 5 then DECODE('B','F',w.TRXN_FUNC_AM,w.TRXN_BASE_AM) else 0 end Hr_Am,
                  0 as Pass_Thru_Am,        
                  case when DECODE('B','F',w.TRXN_FUNC_AM,w.TRXN_BASE_AM)  - trunc(DECODE('B','F',w.TRXN_FUNC_AM,w.TRXN_BASE_AM) , -4) = 0 then DECODE('B','F',w.TRXN_FUNC_AM,w.TRXN_BASE_AM) 
                       when w.TRXN_ACTVY_AM - trunc(w.TRXN_ACTVY_AM, -4) = 0 then DECODE('B','F',w.TRXN_FUNC_AM,w.TRXN_BASE_AM) 		 
                       else 0 end Lrf_Am ,                  
	                0 as Trusted_Trans_Amt,
                  w.FUNC_CRNCY_CD 
            from 
                 fccmatomic.CASH_TRXN w,
                 Cust_Accounts ca 

            where 
                  w.ACCT_INTRL_ID = ca.ACCT_INTRL_ID
               and ('Y' = 'Y' or w.SRC_SYS_CD IN ('Inactive'))
				       and w.MANTAS_TRXN_PURP_CD = 'GENERAL'
               and w.MANTAS_TRXN_PRDCT_CD in ('DEBIT-CARD', 'SVC', 'CREDIT-CARD', 'CURRENCY', 'PHYS')
               and ('Y' = 'Y' or COALESCE(w.unrltd_party_fl, 'Y') <> 'N')   
               and w.TRXN_EXCTN_DT in (select kc.CLNDR_DT from fccmatomic.KDD_CAL kc where kc.CLNDR_NM = 'SYSCAL'and kc.CLNDR_DAY_AGE between 0 and 1-1)
               and w.DATA_DUMP_DT in (select kc.CLNDR_DT from fccmatomic.KDD_CAL kc where kc.CLNDR_NM = 'SYSCAL'and kc.CLNDR_DAY_AGE between 0 and 1-1)
               and w.CXL_PAIR_TRXN_INTRL_ID is null		
               and DECODE('B','F',w.TRXN_FUNC_AM,w.TRXN_BASE_AM) IS NOT NULL AND DECODE('B','F',w.TRXN_FUNC_AM,w.TRXN_BASE_AM) <> 0	   
               			 
    UNION ALL
            --Journal
            select 
                  ca.CUST_SEQ_ID,
                  ca.CUST_INTRL_ID,
                  ca.CUST_EFCTV_RISK_NB, 
                  ca.CUST_MATCH_TX,
                  ca.CUST_MATCH_TYPE_CD,
                  ca.ACCT_INTRL_ID,
                  DECODE('B','F',w.TRXN_FUNC_AM,w.TRXN_BASE_AM) as Trxn_Am,
                  w.DATA_DUMP_DT,
                  case when  w.BO_TRXN_ACTVY_RISK_NB > 5 then DECODE('B','F',w.TRXN_FUNC_AM,w.TRXN_BASE_AM) else 0 end Hr_Am,
                  0 as Pass_Thru_Am,        
                  case when DECODE('B','F',w.TRXN_FUNC_AM,w.TRXN_BASE_AM)  - trunc(DECODE('B','F',w.TRXN_FUNC_AM,w.TRXN_BASE_AM) , -4) = 0 then DECODE('B','F',w.TRXN_FUNC_AM,w.TRXN_BASE_AM) 
                       when w.TRXN_ACTVY_AM - trunc(w.TRXN_ACTVY_AM, -4) = 0 then DECODE('B','F',w.TRXN_FUNC_AM,w.TRXN_BASE_AM) 		 
                       else 0 end Lrf_Am ,                  
	                case when w.TRSTD_TRXN_FL = 'Y' then DECODE('B','F',w.TRXN_FUNC_AM,w.TRXN_BASE_AM) else 0 end as Trusted_Trans_Amt,
                  w.FUNC_CRNCY_CD 
             from
                  fccmatomic.BACK_OFFICE_TRXN w,
                  Cust_Accounts ca  

            where 
                  w.ACCT_INTRL_ID = ca.ACCT_INTRL_ID
              and w.MANTAS_TRXN_PRDCT_CD  in ('JOURNAL')
              and w.MANTAS_TRXN_PURP_CD = 'GENERAL'
              and w.CXL_PAIR_TRXN_INTRL_ID is null
              and ('Y' = 'Y' or w.SRC_SYS_CD IN ('Inactive'))	
              and ('Y' = 'Y' or COALESCE(w.TRSTD_TRXN_FL, 'N') = 'N')  
              and ('Y' = 'Y' or w.unrltd_party_cd is not null)
              and w.EXCTN_DT in (select kc.CLNDR_DT from fccmatomic.KDD_CAL kc where kc.CLNDR_NM = 'SYSCAL'and kc.CLNDR_DAY_AGE between 0 and 1-1)
              and w.DATA_DUMP_DT in (select kc.CLNDR_DT from fccmatomic.KDD_CAL kc where kc.CLNDR_NM = 'SYSCAL'and kc.CLNDR_DAY_AGE between 0 and 1-1)
              and DECODE('B','F',w.TRXN_FUNC_AM,w.TRXN_BASE_AM) IS NOT NULL AND DECODE('B','F',w.TRXN_FUNC_AM,w.TRXN_BASE_AM) <> 0
                                             
) t    

GROUP BY 
       t.CUST_SEQ_ID,
       t.CUST_INTRL_ID,
       t.CUST_EFCTV_RISK_NB,
       t.CUST_MATCH_TX,
       t.CUST_MATCH_TYPE_CD

HAVING 
-- Frequency Period
     max(t.data_dump_dt) <= (select b.CLNDR_DT from fccmatomic.KDD_CAL b where b.CLNDR_NM = 'SYSCAL'and b.CLNDR_DAY_AGE = 0)  
and  max(t.data_dump_dt) >  (select add_days(b.CLNDR_DT, - 1) from fccmatomic.KDD_CAL b where b.CLNDR_NM = 'SYSCAL'and b.CLNDR_DAY_AGE = 0)
-- Exclude Customers Containing only One Account
and     count(distinct t.ACCT_INTRL_ID) >= 2
-- applying constraints      
and (sum(t.Trxn_Am) >= 1000 and count(1) >= 5)
 ) ot ORDER BY ot.CUST_SEQ_ID
05/21/2026 12:31:38 INFO : Thread ID = 140660495488768:  Rule Matcher:   File = RuleMatcher.cc:  Line = 166:  
Run 21701 running against Pattern 114000456 generated 0 matches.
Elapsed time for matching: 00:00:01 
05/21/2026 12:31:38 DEBUG : Thread ID = 140660495488768:  Rule Matcher:   File = runupdater.cc:  Line = 104:  UPDATE fccmatomic.KDD_RUN SET RUN_MSG_TX = :Msg WHERE RUN_ID = 21701
05/21/2026 12:31:38 DEBUG : Thread ID = 140660495488768:  Rule Matcher:   File = runupdater.cc:  Line = 142:  UPDATE fccmatomic.KDD_RUN SET RUN_MSG_TX = :Msg WHERE RUN_ID = 21701
05/21/2026 12:31:38 DEBUG : Thread ID = 140660495488768:  Rule Matcher:   File = runupdater.cc:  Line = 59:  UPDATE fccmatomic.KDD_RUN SET RUN_STATUS_CD = 'FIN' WHERE RUN_ID = 21701
05/21/2026 12:31:38 DEBUG : Thread ID = 140660495488768:  Rule Matcher:   File = runupdater.cc:  Line = 198:  UPDATE fccmatomic.KDD_RUN SET END_TS = TO_DATE('21/05/2026 12:31:38 PM','DD/MM/YYYY HH:MI:SS AM') WHERE RUN_ID = 21701
05/21/2026 12:31:38 DEBUG : Thread ID = 140662373055680:  Rule Matcher:   File = jobupdater.cc:  Line = 57:  UPDATE fccmatomic.KDD_JOB SET STATUS_CD = 'FIN' WHERE JOB_ID = 102181
05/21/2026 12:31:38 INFO : Thread ID = 140662373055680:  Rule Matcher:   File = mantas.cc:  Line = 697:  
mantas: ============================================================
mantas: Exiting job 102181 at Thu May 21 12:31:38 IST 2026 with code 0
mantas: ============================================================
