05/21/2026 12:24:34 INFO : Thread ID = 139650182302912:  mantas:   File = mantas.cc:  Line = 180:  
mantas: ============================================================
mantas: Starting job 102121 at Thu May 21 12:24:34 IST 2026
mantas: ============================================================
05/21/2026 12:24:34 INFO : Thread ID = 139650182302912:  mantas:   File = mantas.cc:  Line = 182:  mantas initialized
05/21/2026 12:24:34 DEBUG : Thread ID = 139650182302912:  mantas:   File = DBAccess.cc:  Line = 140:  Connecting to infodom: FCCMINFO
05/21/2026 12:24:34 DEBUG : Thread ID = 139650182302912:  mantas:   File = DBAccessAAI.cc:  Line = 140:  Connecting to infodom: FCCMINFO
05/21/2026 12:24:35 DEBUG : Thread ID = 139650182302912:  mantas:   File = DBAccessAAI.cc:  Line = 150:  Obtained config schema details for: fccmconfigon: demofsaa.jmrinfotechble.com
05/21/2026 12:24:35 DEBUG : Thread ID = 139650182302912:  mantas:   File = job.cc:  Line = 87:  SELECT a.ALGORITHM_NM, a.EXECUTABLE_NM, b.PARAM_SET_ID, b.CREAT_ID, b.THREAD_CT, b.CLONED_JOB_ID, b.DMN_CD, c.DESC_TX FROM fccmatomic.KDD_ALGORITHM a, fccmatomic.KDD_JOB b, fccmatomic.KDD_PARAM_SET c WHERE b.JOB_ID = 102121 AND b.STATUS_CD != 'IGN' AND b.PARAM_SET_ID = c.PARAM_SET_ID AND a.ALGORITHM_NM = c.ALGORITHM_NM
05/21/2026 12:24:35 DEBUG : Thread ID = 139650182302912:  mantas:   File = job.cc:  Line = 134:  SELECT a.PARAM_VALUE_TX FROM fccmatomic.KDD_PARAM_BINDING a WHERE a.PARAM_SET_ID = 121201 AND a.ALGORITHM_NM = 'Rule Matcher' AND a.PARAM_NM = 'np'
05/21/2026 12:24:35 INFO : Thread ID = 139650182302912:  mantas:   File = mantas.cc:  Line = 981:  Job description: ML-LargeReportableTrans_LRT_AIIN
05/21/2026 12:24:35 DEBUG : Thread ID = 139650182302912:  mantas:   File = jobupdater.cc:  Line = 57:  UPDATE fccmatomic.KDD_JOB SET STATUS_CD = 'RUN' WHERE JOB_ID = 102121
05/21/2026 12:24:35 DEBUG : Thread ID = 139650182302912:  mantas:   File = jobupdater.cc:  Line = 95:  UPDATE fccmatomic.KDD_JOB SET START_TS = TO_DATE('21/05/2026 12:24:35 PM', 'DD/MM/YYYY HH:MI:SS AM') WHERE JOB_ID = 102121
05/21/2026 12:24:35 DEBUG : Thread ID = 139650182302912:  mantas:   File = TableBatchControl.cc:  Line = 38:  SELECT a.PRCSNG_BATCH_ID, a.PRCSNG_BATCH_NM, a.DATA_DUMP_DT FROM fccmatomic.KDD_PRCSNG_BATCH_CONTROL a
05/21/2026 12:24:35 DEBUG : Thread ID = 139650182302912:  mantas:   File = TableJob.cc:  Line = 53:  UPDATE fccmatomic.KDD_JOB SET PRCSNG_BATCH_ID = 17 WHERE JOB_ID = 102121
05/21/2026 12:24:35 INFO : Thread ID = 139650182302912:  mantas:   File = mantas.cc:  Line = 1004:  Current business date: 31/01/2016
05/21/2026 12:24:35 DEBUG : Thread ID = 139650182302912:  mantas:   File = job.cc:  Line = 189:  SELECT a.DATASET_ID FROM fccmatomic.KDD_JOB_DATASET a WHERE a.JOB_ID = 102121 ORDER BY a.ORDER_NB
05/21/2026 12:24:35 DEBUG : Thread ID = 139650182302912:  mantas:   File = job.cc:  Line = 239:  SELECT a.BINDING_NM, a.ATTR_NM, a.LOOP_FL, a.IGNORE_FL, a.MULTIPLE_RUN_FL, a.MULTIPLE_RUN_VALUE_TX FROM fccmatomic.KDD_JOB_DATASET_BINDING a WHERE a.JOB_ID = 102121 AND a.DATASET_ID = 114016597 ORDER BY a.ORDER_NB
05/21/2026 12:24:35 DEBUG : Thread ID = 139650182302912:  mantas:   File = job.cc:  Line = 239:  SELECT a.BINDING_NM, a.ATTR_NM, a.LOOP_FL, a.IGNORE_FL, a.MULTIPLE_RUN_FL, a.MULTIPLE_RUN_VALUE_TX FROM fccmatomic.KDD_JOB_DATASET_BINDING a WHERE a.JOB_ID = 102121 AND a.DATASET_ID = 114016601 ORDER BY a.ORDER_NB
05/21/2026 12:24:35 DEBUG : Thread ID = 139650182302912:  mantas:   File = job.cc:  Line = 239:  SELECT a.BINDING_NM, a.ATTR_NM, a.LOOP_FL, a.IGNORE_FL, a.MULTIPLE_RUN_FL, a.MULTIPLE_RUN_VALUE_TX FROM fccmatomic.KDD_JOB_DATASET_BINDING a WHERE a.JOB_ID = 102121 AND a.DATASET_ID = 114016607 ORDER BY a.ORDER_NB
05/21/2026 12:24:35 DEBUG : Thread ID = 139650182302912:  mantas:   File = job.cc:  Line = 239:  SELECT a.BINDING_NM, a.ATTR_NM, a.LOOP_FL, a.IGNORE_FL, a.MULTIPLE_RUN_FL, a.MULTIPLE_RUN_VALUE_TX FROM fccmatomic.KDD_JOB_DATASET_BINDING a WHERE a.JOB_ID = 102121 AND a.DATASET_ID = 114016614 ORDER BY a.ORDER_NB
05/21/2026 12:24:35 DEBUG : Thread ID = 139650182302912:  mantas:   File = job.cc:  Line = 239:  SELECT a.BINDING_NM, a.ATTR_NM, a.LOOP_FL, a.IGNORE_FL, a.MULTIPLE_RUN_FL, a.MULTIPLE_RUN_VALUE_TX FROM fccmatomic.KDD_JOB_DATASET_BINDING a WHERE a.JOB_ID = 102121 AND a.DATASET_ID = 114016621 ORDER BY a.ORDER_NB
05/21/2026 12:24:35 DEBUG : Thread ID = 139650182302912:  mantas:   File = job.cc:  Line = 239:  SELECT a.BINDING_NM, a.ATTR_NM, a.LOOP_FL, a.IGNORE_FL, a.MULTIPLE_RUN_FL, a.MULTIPLE_RUN_VALUE_TX FROM fccmatomic.KDD_JOB_DATASET_BINDING a WHERE a.JOB_ID = 102121 AND a.DATASET_ID = 114016623 ORDER BY a.ORDER_NB
05/21/2026 12:24:35 DEBUG : Thread ID = 139650182302912:  mantas:   File = job.cc:  Line = 239:  SELECT a.BINDING_NM, a.ATTR_NM, a.LOOP_FL, a.IGNORE_FL, a.MULTIPLE_RUN_FL, a.MULTIPLE_RUN_VALUE_TX FROM fccmatomic.KDD_JOB_DATASET_BINDING a WHERE a.JOB_ID = 102121 AND a.DATASET_ID = 114016625 ORDER BY a.ORDER_NB
05/21/2026 12:24:35 DEBUG : Thread ID = 139650182302912:  mantas:   File = job.cc:  Line = 239:  SELECT a.BINDING_NM, a.ATTR_NM, a.LOOP_FL, a.IGNORE_FL, a.MULTIPLE_RUN_FL, a.MULTIPLE_RUN_VALUE_TX FROM fccmatomic.KDD_JOB_DATASET_BINDING a WHERE a.JOB_ID = 102121 AND a.DATASET_ID = 114016627 ORDER BY a.ORDER_NB
05/21/2026 12:24:35 DEBUG : Thread ID = 139650182302912:  mantas:   File = job.cc:  Line = 239:  SELECT a.BINDING_NM, a.ATTR_NM, a.LOOP_FL, a.IGNORE_FL, a.MULTIPLE_RUN_FL, a.MULTIPLE_RUN_VALUE_TX FROM fccmatomic.KDD_JOB_DATASET_BINDING a WHERE a.JOB_ID = 102121 AND a.DATASET_ID = 114016629 ORDER BY a.ORDER_NB
05/21/2026 12:24:35 DEBUG : Thread ID = 139650182302912:  mantas:   File = job.cc:  Line = 239:  SELECT a.BINDING_NM, a.ATTR_NM, a.LOOP_FL, a.IGNORE_FL, a.MULTIPLE_RUN_FL, a.MULTIPLE_RUN_VALUE_TX FROM fccmatomic.KDD_JOB_DATASET_BINDING a WHERE a.JOB_ID = 102121 AND a.DATASET_ID = 118748635 ORDER BY a.ORDER_NB
05/21/2026 12:24:35 DEBUG : Thread ID = 139650182302912:  mantas:   File = job.cc:  Line = 559:  INSERT INTO fccmatomic.KDD_RUN (RUN_ID, JOB_ID, RUN_STATUS_CD) VALUES (21101, 102121 , 'NEW')
05/21/2026 12:24:35 INFO : Thread ID = 139650182302912:  mantas:   File = mantas.cc:  Line = 549:  Loading librule_matcher.so
05/21/2026 12:24:35 DEBUG : Thread ID = 139648306579200:  mantas:   File = runupdater.cc:  Line = 59:  UPDATE fccmatomic.KDD_RUN SET RUN_STATUS_CD = 'RUN' WHERE RUN_ID = 21101
05/21/2026 12:24:35 DEBUG : Thread ID = 139648306579200:  mantas:   File = runupdater.cc:  Line = 104:  UPDATE fccmatomic.KDD_RUN SET RUN_MSG_TX = :Msg WHERE RUN_ID = 21101
05/21/2026 12:24:35 DEBUG : Thread ID = 139648306579200:  mantas:   File = runupdater.cc:  Line = 142:  UPDATE fccmatomic.KDD_RUN SET RUN_MSG_TX = :Msg WHERE RUN_ID = 21101
05/21/2026 12:24:35 DEBUG : Thread ID = 139648306579200:  mantas:   File = runupdater.cc:  Line = 163:  UPDATE fccmatomic.KDD_RUN SET START_TS = TO_DATE('21/05/2026 12:24:35 PM', 'DD/MM/YYYY HH:MI:SS AM') WHERE RUN_ID = 21101
05/21/2026 12:24:35 DEBUG : Thread ID = 139648306579200:  mantas:   File = run.cc:  Line = 147:  SELECT a.JOB_ID FROM fccmatomic.KDD_RUN a WHERE a.RUN_ID = 21101
05/21/2026 12:24:35 DEBUG : Thread ID = 139648306579200:  mantas:   File = job.cc:  Line = 87:  SELECT a.ALGORITHM_NM, a.EXECUTABLE_NM, b.PARAM_SET_ID, b.CREAT_ID, b.THREAD_CT, b.CLONED_JOB_ID, b.DMN_CD, c.DESC_TX FROM fccmatomic.KDD_ALGORITHM a, fccmatomic.KDD_JOB b, fccmatomic.KDD_PARAM_SET c WHERE b.JOB_ID = 102121 AND b.STATUS_CD != 'IGN' AND b.PARAM_SET_ID = c.PARAM_SET_ID AND a.ALGORITHM_NM = c.ALGORITHM_NM
05/21/2026 12:24:35 DEBUG : Thread ID = 139648306579200:  mantas:   File = job.cc:  Line = 134:  SELECT a.PARAM_VALUE_TX FROM fccmatomic.KDD_PARAM_BINDING a WHERE a.PARAM_SET_ID = 121201 AND a.ALGORITHM_NM = 'Rule Matcher' AND a.PARAM_NM = 'np'
05/21/2026 12:24:35 DEBUG : Thread ID = 139648306579200:  mantas:   File = job.cc:  Line = 189:  SELECT a.DATASET_ID FROM fccmatomic.KDD_JOB_DATASET a WHERE a.JOB_ID = 102121 ORDER BY a.ORDER_NB
05/21/2026 12:24:35 DEBUG : Thread ID = 139648306579200:  mantas:   File = job.cc:  Line = 239:  SELECT a.BINDING_NM, a.ATTR_NM, a.LOOP_FL, a.IGNORE_FL, a.MULTIPLE_RUN_FL, a.MULTIPLE_RUN_VALUE_TX FROM fccmatomic.KDD_JOB_DATASET_BINDING a WHERE a.JOB_ID = 102121 AND a.DATASET_ID = 114016597 ORDER BY a.ORDER_NB
05/21/2026 12:24:35 DEBUG : Thread ID = 139648306579200:  mantas:   File = job.cc:  Line = 239:  SELECT a.BINDING_NM, a.ATTR_NM, a.LOOP_FL, a.IGNORE_FL, a.MULTIPLE_RUN_FL, a.MULTIPLE_RUN_VALUE_TX FROM fccmatomic.KDD_JOB_DATASET_BINDING a WHERE a.JOB_ID = 102121 AND a.DATASET_ID = 114016601 ORDER BY a.ORDER_NB
05/21/2026 12:24:35 DEBUG : Thread ID = 139648306579200:  mantas:   File = job.cc:  Line = 239:  SELECT a.BINDING_NM, a.ATTR_NM, a.LOOP_FL, a.IGNORE_FL, a.MULTIPLE_RUN_FL, a.MULTIPLE_RUN_VALUE_TX FROM fccmatomic.KDD_JOB_DATASET_BINDING a WHERE a.JOB_ID = 102121 AND a.DATASET_ID = 114016607 ORDER BY a.ORDER_NB
05/21/2026 12:24:35 DEBUG : Thread ID = 139648306579200:  mantas:   File = job.cc:  Line = 239:  SELECT a.BINDING_NM, a.ATTR_NM, a.LOOP_FL, a.IGNORE_FL, a.MULTIPLE_RUN_FL, a.MULTIPLE_RUN_VALUE_TX FROM fccmatomic.KDD_JOB_DATASET_BINDING a WHERE a.JOB_ID = 102121 AND a.DATASET_ID = 114016614 ORDER BY a.ORDER_NB
05/21/2026 12:24:35 DEBUG : Thread ID = 139648306579200:  mantas:   File = job.cc:  Line = 239:  SELECT a.BINDING_NM, a.ATTR_NM, a.LOOP_FL, a.IGNORE_FL, a.MULTIPLE_RUN_FL, a.MULTIPLE_RUN_VALUE_TX FROM fccmatomic.KDD_JOB_DATASET_BINDING a WHERE a.JOB_ID = 102121 AND a.DATASET_ID = 114016621 ORDER BY a.ORDER_NB
05/21/2026 12:24:35 DEBUG : Thread ID = 139648306579200:  mantas:   File = job.cc:  Line = 239:  SELECT a.BINDING_NM, a.ATTR_NM, a.LOOP_FL, a.IGNORE_FL, a.MULTIPLE_RUN_FL, a.MULTIPLE_RUN_VALUE_TX FROM fccmatomic.KDD_JOB_DATASET_BINDING a WHERE a.JOB_ID = 102121 AND a.DATASET_ID = 114016623 ORDER BY a.ORDER_NB
05/21/2026 12:24:35 DEBUG : Thread ID = 139648306579200:  mantas:   File = job.cc:  Line = 239:  SELECT a.BINDING_NM, a.ATTR_NM, a.LOOP_FL, a.IGNORE_FL, a.MULTIPLE_RUN_FL, a.MULTIPLE_RUN_VALUE_TX FROM fccmatomic.KDD_JOB_DATASET_BINDING a WHERE a.JOB_ID = 102121 AND a.DATASET_ID = 114016625 ORDER BY a.ORDER_NB
05/21/2026 12:24:35 DEBUG : Thread ID = 139648306579200:  mantas:   File = job.cc:  Line = 239:  SELECT a.BINDING_NM, a.ATTR_NM, a.LOOP_FL, a.IGNORE_FL, a.MULTIPLE_RUN_FL, a.MULTIPLE_RUN_VALUE_TX FROM fccmatomic.KDD_JOB_DATASET_BINDING a WHERE a.JOB_ID = 102121 AND a.DATASET_ID = 114016627 ORDER BY a.ORDER_NB
05/21/2026 12:24:35 DEBUG : Thread ID = 139648306579200:  mantas:   File = job.cc:  Line = 239:  SELECT a.BINDING_NM, a.ATTR_NM, a.LOOP_FL, a.IGNORE_FL, a.MULTIPLE_RUN_FL, a.MULTIPLE_RUN_VALUE_TX FROM fccmatomic.KDD_JOB_DATASET_BINDING a WHERE a.JOB_ID = 102121 AND a.DATASET_ID = 114016629 ORDER BY a.ORDER_NB
05/21/2026 12:24:35 DEBUG : Thread ID = 139648306579200:  mantas:   File = job.cc:  Line = 239:  SELECT a.BINDING_NM, a.ATTR_NM, a.LOOP_FL, a.IGNORE_FL, a.MULTIPLE_RUN_FL, a.MULTIPLE_RUN_VALUE_TX FROM fccmatomic.KDD_JOB_DATASET_BINDING a WHERE a.JOB_ID = 102121 AND a.DATASET_ID = 118748635 ORDER BY a.ORDER_NB
05/21/2026 12:24:35 DEBUG : Thread ID = 139648306579200:  mantas:   File = job.cc:  Line = 356:  SELECT a.BINDING_NM, a.BINDING_VALUE_TX, a.LOWER_BOUND, a.UPPER_BOUND FROM fccmatomic.KDD_RUN_DATASET_BINDING a WHERE a.RUN_ID = 21101 AND a.DATASET_ID = 114016597
05/21/2026 12:24:35 DEBUG : Thread ID = 139648306579200:  mantas:   File = job.cc:  Line = 356:  SELECT a.BINDING_NM, a.BINDING_VALUE_TX, a.LOWER_BOUND, a.UPPER_BOUND FROM fccmatomic.KDD_RUN_DATASET_BINDING a WHERE a.RUN_ID = 21101 AND a.DATASET_ID = 114016601
05/21/2026 12:24:35 DEBUG : Thread ID = 139648306579200:  mantas:   File = job.cc:  Line = 356:  SELECT a.BINDING_NM, a.BINDING_VALUE_TX, a.LOWER_BOUND, a.UPPER_BOUND FROM fccmatomic.KDD_RUN_DATASET_BINDING a WHERE a.RUN_ID = 21101 AND a.DATASET_ID = 114016607
05/21/2026 12:24:35 DEBUG : Thread ID = 139648306579200:  mantas:   File = job.cc:  Line = 356:  SELECT a.BINDING_NM, a.BINDING_VALUE_TX, a.LOWER_BOUND, a.UPPER_BOUND FROM fccmatomic.KDD_RUN_DATASET_BINDING a WHERE a.RUN_ID = 21101 AND a.DATASET_ID = 114016614
05/21/2026 12:24:35 DEBUG : Thread ID = 139648306579200:  mantas:   File = job.cc:  Line = 356:  SELECT a.BINDING_NM, a.BINDING_VALUE_TX, a.LOWER_BOUND, a.UPPER_BOUND FROM fccmatomic.KDD_RUN_DATASET_BINDING a WHERE a.RUN_ID = 21101 AND a.DATASET_ID = 114016621
05/21/2026 12:24:35 DEBUG : Thread ID = 139648306579200:  mantas:   File = job.cc:  Line = 356:  SELECT a.BINDING_NM, a.BINDING_VALUE_TX, a.LOWER_BOUND, a.UPPER_BOUND FROM fccmatomic.KDD_RUN_DATASET_BINDING a WHERE a.RUN_ID = 21101 AND a.DATASET_ID = 114016623
05/21/2026 12:24:35 DEBUG : Thread ID = 139648306579200:  mantas:   File = job.cc:  Line = 356:  SELECT a.BINDING_NM, a.BINDING_VALUE_TX, a.LOWER_BOUND, a.UPPER_BOUND FROM fccmatomic.KDD_RUN_DATASET_BINDING a WHERE a.RUN_ID = 21101 AND a.DATASET_ID = 114016625
05/21/2026 12:24:35 DEBUG : Thread ID = 139648306579200:  mantas:   File = job.cc:  Line = 356:  SELECT a.BINDING_NM, a.BINDING_VALUE_TX, a.LOWER_BOUND, a.UPPER_BOUND FROM fccmatomic.KDD_RUN_DATASET_BINDING a WHERE a.RUN_ID = 21101 AND a.DATASET_ID = 114016627
05/21/2026 12:24:35 DEBUG : Thread ID = 139648306579200:  mantas:   File = job.cc:  Line = 356:  SELECT a.BINDING_NM, a.BINDING_VALUE_TX, a.LOWER_BOUND, a.UPPER_BOUND FROM fccmatomic.KDD_RUN_DATASET_BINDING a WHERE a.RUN_ID = 21101 AND a.DATASET_ID = 114016629
05/21/2026 12:24:35 DEBUG : Thread ID = 139648306579200:  mantas:   File = job.cc:  Line = 356:  SELECT a.BINDING_NM, a.BINDING_VALUE_TX, a.LOWER_BOUND, a.UPPER_BOUND FROM fccmatomic.KDD_RUN_DATASET_BINDING a WHERE a.RUN_ID = 21101 AND a.DATASET_ID = 118748635
05/21/2026 12:24:35 DEBUG : Thread ID = 139648306579200:  mantas:   File = dbparameter.cc:  Line = 51:  SELECT ALGORITHM_NM FROM fccmatomic.KDD_PARAM_SET a WHERE PARAM_SET_ID = 121201
05/21/2026 12:24:35 DEBUG : Thread ID = 139648306579200:  mantas:   File = dbparameter.cc:  Line = 134:  SELECT a.PARAM_NM, a.PARAM_TYPE_CD, b.DEFAULT_VALUE_TX FROM fccmatomic.KDD_ALGORITHM_PARAM a, fccmatomic.KDD_PARAM_DEFAULT b WHERE a.ALGORITHM_NM = 'Rule Matcher' AND a.ALGORITHM_NM = b.ALGORITHM_NM AND a.PARAM_NM = b.PARAM_NM
05/21/2026 12:24:35 DEBUG : Thread ID = 139648306579200:  mantas:   File = dbparameter.cc:  Line = 134:  SELECT a.PARAM_NM, a.PARAM_TYPE_CD, b.PARAM_VALUE_TX FROM fccmatomic.KDD_ALGORITHM_PARAM a, fccmatomic.KDD_PARAM_BINDING b WHERE b.PARAM_SET_ID = 121201 AND a.PARAM_NM = b.PARAM_NM AND a.ALGORITHM_NM = b.ALGORITHM_NM
05/21/2026 12:24:35 DEBUG : Thread ID = 139648306579200:  Rule Matcher:   File = TablePattern.cc:  Line = 94:  SELECT a.DEACT_TS, a.PTTRN_TYPE_CD FROM fccmatomic.KDD_PTTRN a WHERE a.PTTRN_ID = 114000526
05/21/2026 12:24:35 DEBUG : Thread ID = 139648306579200:  Rule Matcher:   File = TablePattern.cc:  Line = 63:  SELECT a.SCNRO_ID FROM fccmatomic.KDD_PTTRN a WHERE a.PTTRN_ID = 114000526
05/21/2026 12:24:35 DEBUG : Thread ID = 139648306579200:  Rule Matcher:   File = runupdater.cc:  Line = 104:  UPDATE fccmatomic.KDD_RUN SET RUN_MSG_TX = :Msg WHERE RUN_ID = 21101
05/21/2026 12:24:35 DEBUG : Thread ID = 139648306579200:  Rule Matcher:   File = runupdater.cc:  Line = 142:  UPDATE fccmatomic.KDD_RUN SET RUN_MSG_TX = :Msg WHERE RUN_ID = 21101
05/21/2026 12:24:35 DEBUG : Thread ID = 139648306579200:  Rule Matcher:   File = TablePatternDataset.cc:  Line = 35:  SELECT a.DATASET_ID FROM fccmatomic.KDD_PTTRN_DATASET a WHERE a.PTTRN_ID = 114000526 ORDER BY a.ORDER_NB
05/21/2026 12:24:35 DEBUG : Thread ID = 139648306579200:  Rule Matcher:   File = dsbuilder.cc:  Line = 66:  SELECT a.REALIZED_NM, a.DATASET_NM, a.PRNT_DATASET_ID FROM fccmatomic.KDD_DATASET a WHERE a.DATASET_ID = 114016597
05/21/2026 12:24:35 DEBUG : Thread ID = 139648306579200:  Rule Matcher:   File = dsbuilder.cc:  Line = 151:  SELECT a.ATTR_ID, UPPER(a.ATTR_NM) , a.TYPE_CD, a.ORDER_FL, a.DISCRETE_FL, b.KEY_FL, b.NAME_FL FROM fccmatomic.KDD_ATTR a, fccmatomic.KDD_DATASET_ATTR b WHERE b.DATASET_ID = 114016597 AND a.ATTR_ID = b.ATTR_ID
05/21/2026 12:24:35 DEBUG : Thread ID = 139648306579200:  Rule Matcher:   File = dsbuilder.cc:  Line = 248:  SELECT a.TAG_NM, a.TAG_VALUE_TX FROM fccmatomic.KDD_ATTR_TAG a WHERE a.ATTR_ID = 113001744
05/21/2026 12:24:35 DEBUG : Thread ID = 139648306579200:  Rule Matcher:   File = dsbuilder.cc:  Line = 248:  SELECT a.TAG_NM, a.TAG_VALUE_TX FROM fccmatomic.KDD_ATTR_TAG a WHERE a.ATTR_ID = 114004220
05/21/2026 12:24:35 DEBUG : Thread ID = 139648306579200:  Rule Matcher:   File = dsbuilder.cc:  Line = 248:  SELECT a.TAG_NM, a.TAG_VALUE_TX FROM fccmatomic.KDD_ATTR_TAG a WHERE a.ATTR_ID = 114004221
05/21/2026 12:24:35 DEBUG : Thread ID = 139648306579200:  Rule Matcher:   File = dsbuilder.cc:  Line = 248:  SELECT a.TAG_NM, a.TAG_VALUE_TX FROM fccmatomic.KDD_ATTR_TAG a WHERE a.ATTR_ID = 114004222
05/21/2026 12:24:35 DEBUG : Thread ID = 139648306579200:  Rule Matcher:   File = dsbuilder.cc:  Line = 248:  SELECT a.TAG_NM, a.TAG_VALUE_TX FROM fccmatomic.KDD_ATTR_TAG a WHERE a.ATTR_ID = 114004223
05/21/2026 12:24:35 DEBUG : Thread ID = 139648306579200:  Rule Matcher:   File = dsbuilder.cc:  Line = 248:  SELECT a.TAG_NM, a.TAG_VALUE_TX FROM fccmatomic.KDD_ATTR_TAG a WHERE a.ATTR_ID = 114004224
05/21/2026 12:24:35 DEBUG : Thread ID = 139648306579200:  Rule Matcher:   File = dsbuilder.cc:  Line = 248:  SELECT a.TAG_NM, a.TAG_VALUE_TX FROM fccmatomic.KDD_ATTR_TAG a WHERE a.ATTR_ID = 114004225
05/21/2026 12:24:35 DEBUG : Thread ID = 139648306579200:  Rule Matcher:   File = dsbuilder.cc:  Line = 248:  SELECT a.TAG_NM, a.TAG_VALUE_TX FROM fccmatomic.KDD_ATTR_TAG a WHERE a.ATTR_ID = 114004226
05/21/2026 12:24:35 DEBUG : Thread ID = 139648306579200:  Rule Matcher:   File = dsbuilder.cc:  Line = 248:  SELECT a.TAG_NM, a.TAG_VALUE_TX FROM fccmatomic.KDD_ATTR_TAG a WHERE a.ATTR_ID = 114004227
05/21/2026 12:24:35 DEBUG : Thread ID = 139648306579200:  Rule Matcher:   File = dsbuilder.cc:  Line = 248:  SELECT a.TAG_NM, a.TAG_VALUE_TX FROM fccmatomic.KDD_ATTR_TAG a WHERE a.ATTR_ID = 114004228
05/21/2026 12:24:35 DEBUG : Thread ID = 139648306579200:  Rule Matcher:   File = dsbuilder.cc:  Line = 248:  SELECT a.TAG_NM, a.TAG_VALUE_TX FROM fccmatomic.KDD_ATTR_TAG a WHERE a.ATTR_ID = 114004229
05/21/2026 12:24:35 DEBUG : Thread ID = 139648306579200:  Rule Matcher:   File = dsbuilder.cc:  Line = 248:  SELECT a.TAG_NM, a.TAG_VALUE_TX FROM fccmatomic.KDD_ATTR_TAG a WHERE a.ATTR_ID = 114004231
05/21/2026 12:24:35 DEBUG : Thread ID = 139648306579200:  Rule Matcher:   File = dsbuilder.cc:  Line = 248:  SELECT a.TAG_NM, a.TAG_VALUE_TX FROM fccmatomic.KDD_ATTR_TAG a WHERE a.ATTR_ID = 114004233
05/21/2026 12:24:35 DEBUG : Thread ID = 139648306579200:  Rule Matcher:   File = dsbuilder.cc:  Line = 248:  SELECT a.TAG_NM, a.TAG_VALUE_TX FROM fccmatomic.KDD_ATTR_TAG a WHERE a.ATTR_ID = 114004243
05/21/2026 12:24:35 DEBUG : Thread ID = 139648306579200:  Rule Matcher:   File = dsbuilder.cc:  Line = 248:  SELECT a.TAG_NM, a.TAG_VALUE_TX FROM fccmatomic.KDD_ATTR_TAG a WHERE a.ATTR_ID = 114004244
05/21/2026 12:24:35 DEBUG : Thread ID = 139648306579200:  Rule Matcher:   File = dsbuilder.cc:  Line = 248:  SELECT a.TAG_NM, a.TAG_VALUE_TX FROM fccmatomic.KDD_ATTR_TAG a WHERE a.ATTR_ID = 114004245
05/21/2026 12:24:35 DEBUG : Thread ID = 139648306579200:  Rule Matcher:   File = dsbuilder.cc:  Line = 248:  SELECT a.TAG_NM, a.TAG_VALUE_TX FROM fccmatomic.KDD_ATTR_TAG a WHERE a.ATTR_ID = 117350545
05/21/2026 12:24:35 DEBUG : Thread ID = 139648306579200:  Rule Matcher:   File = dsbuilder.cc:  Line = 248:  SELECT a.TAG_NM, a.TAG_VALUE_TX FROM fccmatomic.KDD_ATTR_TAG a WHERE a.ATTR_ID = 118860455
05/21/2026 12:24:35 DEBUG : Thread ID = 139648306579200:  Rule Matcher:   File = dsbuilder.cc:  Line = 290:  SELECT a.TRANSFORM_TX, a.REALIZED_FL FROM fccmatomic.KDD_TRANSFORM a WHERE a.DATASET_ID = 114016597 ORDER BY a.TRANSFORM_NB
05/21/2026 12:24:35 DEBUG : Thread ID = 139648306579200:  Rule Matcher:   File = dsbuilder.cc:  Line = 66:  SELECT a.REALIZED_NM, a.DATASET_NM, a.PRNT_DATASET_ID FROM fccmatomic.KDD_DATASET a WHERE a.DATASET_ID = 114016601
05/21/2026 12:24:35 DEBUG : Thread ID = 139648306579200:  Rule Matcher:   File = dsbuilder.cc:  Line = 151:  SELECT a.ATTR_ID, UPPER(a.ATTR_NM) , a.TYPE_CD, a.ORDER_FL, a.DISCRETE_FL, b.KEY_FL, b.NAME_FL FROM fccmatomic.KDD_ATTR a, fccmatomic.KDD_DATASET_ATTR b WHERE b.DATASET_ID = 114016601 AND a.ATTR_ID = b.ATTR_ID
05/21/2026 12:24:35 DEBUG : Thread ID = 139648306579200:  Rule Matcher:   File = dsbuilder.cc:  Line = 248:  SELECT a.TAG_NM, a.TAG_VALUE_TX FROM fccmatomic.KDD_ATTR_TAG a WHERE a.ATTR_ID = 113003600
05/21/2026 12:24:35 DEBUG : Thread ID = 139648306579200:  Rule Matcher:   File = dsbuilder.cc:  Line = 248:  SELECT a.TAG_NM, a.TAG_VALUE_TX FROM fccmatomic.KDD_ATTR_TAG a WHERE a.ATTR_ID = 116001708
05/21/2026 12:24:35 DEBUG : Thread ID = 139648306579200:  Rule Matcher:   File = dsbuilder.cc:  Line = 290:  SELECT a.TRANSFORM_TX, a.REALIZED_FL FROM fccmatomic.KDD_TRANSFORM a WHERE a.DATASET_ID = 114016601 ORDER BY a.TRANSFORM_NB
05/21/2026 12:24:35 DEBUG : Thread ID = 139648306579200:  Rule Matcher:   File = dsbuilder.cc:  Line = 66:  SELECT a.REALIZED_NM, a.DATASET_NM, a.PRNT_DATASET_ID FROM fccmatomic.KDD_DATASET a WHERE a.DATASET_ID = 114016607
05/21/2026 12:24:35 DEBUG : Thread ID = 139648306579200:  Rule Matcher:   File = dsbuilder.cc:  Line = 151:  SELECT a.ATTR_ID, UPPER(a.ATTR_NM) , a.TYPE_CD, a.ORDER_FL, a.DISCRETE_FL, b.KEY_FL, b.NAME_FL FROM fccmatomic.KDD_ATTR a, fccmatomic.KDD_DATASET_ATTR b WHERE b.DATASET_ID = 114016607 AND a.ATTR_ID = b.ATTR_ID
05/21/2026 12:24:35 DEBUG : Thread ID = 139648306579200:  Rule Matcher:   File = dsbuilder.cc:  Line = 248:  SELECT a.TAG_NM, a.TAG_VALUE_TX FROM fccmatomic.KDD_ATTR_TAG a WHERE a.ATTR_ID = 113003600
05/21/2026 12:24:35 DEBUG : Thread ID = 139648306579200:  Rule Matcher:   File = dsbuilder.cc:  Line = 248:  SELECT a.TAG_NM, a.TAG_VALUE_TX FROM fccmatomic.KDD_ATTR_TAG a WHERE a.ATTR_ID = 116001713
05/21/2026 12:24:35 DEBUG : Thread ID = 139648306579200:  Rule Matcher:   File = dsbuilder.cc:  Line = 290:  SELECT a.TRANSFORM_TX, a.REALIZED_FL FROM fccmatomic.KDD_TRANSFORM a WHERE a.DATASET_ID = 114016607 ORDER BY a.TRANSFORM_NB
05/21/2026 12:24:35 DEBUG : Thread ID = 139648306579200:  Rule Matcher:   File = dsbuilder.cc:  Line = 66:  SELECT a.REALIZED_NM, a.DATASET_NM, a.PRNT_DATASET_ID FROM fccmatomic.KDD_DATASET a WHERE a.DATASET_ID = 114016614
05/21/2026 12:24:35 DEBUG : Thread ID = 139648306579200:  Rule Matcher:   File = dsbuilder.cc:  Line = 151:  SELECT a.ATTR_ID, UPPER(a.ATTR_NM) , a.TYPE_CD, a.ORDER_FL, a.DISCRETE_FL, b.KEY_FL, b.NAME_FL FROM fccmatomic.KDD_ATTR a, fccmatomic.KDD_DATASET_ATTR b WHERE b.DATASET_ID = 114016614 AND a.ATTR_ID = b.ATTR_ID
05/21/2026 12:24:35 DEBUG : Thread ID = 139648306579200:  Rule Matcher:   File = dsbuilder.cc:  Line = 248:  SELECT a.TAG_NM, a.TAG_VALUE_TX FROM fccmatomic.KDD_ATTR_TAG a WHERE a.ATTR_ID = 113002710
05/21/2026 12:24:35 DEBUG : Thread ID = 139648306579200:  Rule Matcher:   File = dsbuilder.cc:  Line = 248:  SELECT a.TAG_NM, a.TAG_VALUE_TX FROM fccmatomic.KDD_ATTR_TAG a WHERE a.ATTR_ID = 116001688
05/21/2026 12:24:35 DEBUG : Thread ID = 139648306579200:  Rule Matcher:   File = dsbuilder.cc:  Line = 290:  SELECT a.TRANSFORM_TX, a.REALIZED_FL FROM fccmatomic.KDD_TRANSFORM a WHERE a.DATASET_ID = 114016614 ORDER BY a.TRANSFORM_NB
05/21/2026 12:24:35 DEBUG : Thread ID = 139648306579200:  Rule Matcher:   File = dsbuilder.cc:  Line = 66:  SELECT a.REALIZED_NM, a.DATASET_NM, a.PRNT_DATASET_ID FROM fccmatomic.KDD_DATASET a WHERE a.DATASET_ID = 114016621
05/21/2026 12:24:35 DEBUG : Thread ID = 139648306579200:  Rule Matcher:   File = dsbuilder.cc:  Line = 151:  SELECT a.ATTR_ID, UPPER(a.ATTR_NM) , a.TYPE_CD, a.ORDER_FL, a.DISCRETE_FL, b.KEY_FL, b.NAME_FL FROM fccmatomic.KDD_ATTR a, fccmatomic.KDD_DATASET_ATTR b WHERE b.DATASET_ID = 114016621 AND a.ATTR_ID = b.ATTR_ID
05/21/2026 12:24:35 DEBUG : Thread ID = 139648306579200:  Rule Matcher:   File = dsbuilder.cc:  Line = 248:  SELECT a.TAG_NM, a.TAG_VALUE_TX FROM fccmatomic.KDD_ATTR_TAG a WHERE a.ATTR_ID = 113002710
05/21/2026 12:24:35 DEBUG : Thread ID = 139648306579200:  Rule Matcher:   File = dsbuilder.cc:  Line = 248:  SELECT a.TAG_NM, a.TAG_VALUE_TX FROM fccmatomic.KDD_ATTR_TAG a WHERE a.ATTR_ID = 116001693
05/21/2026 12:24:35 DEBUG : Thread ID = 139648306579200:  Rule Matcher:   File = dsbuilder.cc:  Line = 290:  SELECT a.TRANSFORM_TX, a.REALIZED_FL FROM fccmatomic.KDD_TRANSFORM a WHERE a.DATASET_ID = 114016621 ORDER BY a.TRANSFORM_NB
05/21/2026 12:24:35 DEBUG : Thread ID = 139648306579200:  Rule Matcher:   File = dsbuilder.cc:  Line = 66:  SELECT a.REALIZED_NM, a.DATASET_NM, a.PRNT_DATASET_ID FROM fccmatomic.KDD_DATASET a WHERE a.DATASET_ID = 114016623
05/21/2026 12:24:35 DEBUG : Thread ID = 139648306579200:  Rule Matcher:   File = dsbuilder.cc:  Line = 151:  SELECT a.ATTR_ID, UPPER(a.ATTR_NM) , a.TYPE_CD, a.ORDER_FL, a.DISCRETE_FL, b.KEY_FL, b.NAME_FL FROM fccmatomic.KDD_ATTR a, fccmatomic.KDD_DATASET_ATTR b WHERE b.DATASET_ID = 114016623 AND a.ATTR_ID = b.ATTR_ID
05/21/2026 12:24:35 DEBUG : Thread ID = 139648306579200:  Rule Matcher:   File = dsbuilder.cc:  Line = 248:  SELECT a.TAG_NM, a.TAG_VALUE_TX FROM fccmatomic.KDD_ATTR_TAG a WHERE a.ATTR_ID = 113001550
05/21/2026 12:24:35 DEBUG : Thread ID = 139648306579200:  Rule Matcher:   File = dsbuilder.cc:  Line = 248:  SELECT a.TAG_NM, a.TAG_VALUE_TX FROM fccmatomic.KDD_ATTR_TAG a WHERE a.ATTR_ID = 116001698
05/21/2026 12:24:35 DEBUG : Thread ID = 139648306579200:  Rule Matcher:   File = dsbuilder.cc:  Line = 290:  SELECT a.TRANSFORM_TX, a.REALIZED_FL FROM fccmatomic.KDD_TRANSFORM a WHERE a.DATASET_ID = 114016623 ORDER BY a.TRANSFORM_NB
05/21/2026 12:24:35 DEBUG : Thread ID = 139648306579200:  Rule Matcher:   File = dsbuilder.cc:  Line = 66:  SELECT a.REALIZED_NM, a.DATASET_NM, a.PRNT_DATASET_ID FROM fccmatomic.KDD_DATASET a WHERE a.DATASET_ID = 114016625
05/21/2026 12:24:35 DEBUG : Thread ID = 139648306579200:  Rule Matcher:   File = dsbuilder.cc:  Line = 151:  SELECT a.ATTR_ID, UPPER(a.ATTR_NM) , a.TYPE_CD, a.ORDER_FL, a.DISCRETE_FL, b.KEY_FL, b.NAME_FL FROM fccmatomic.KDD_ATTR a, fccmatomic.KDD_DATASET_ATTR b WHERE b.DATASET_ID = 114016625 AND a.ATTR_ID = b.ATTR_ID
05/21/2026 12:24:35 DEBUG : Thread ID = 139648306579200:  Rule Matcher:   File = dsbuilder.cc:  Line = 248:  SELECT a.TAG_NM, a.TAG_VALUE_TX FROM fccmatomic.KDD_ATTR_TAG a WHERE a.ATTR_ID = 113001550
05/21/2026 12:24:35 DEBUG : Thread ID = 139648306579200:  Rule Matcher:   File = dsbuilder.cc:  Line = 248:  SELECT a.TAG_NM, a.TAG_VALUE_TX FROM fccmatomic.KDD_ATTR_TAG a WHERE a.ATTR_ID = 116001703
05/21/2026 12:24:35 DEBUG : Thread ID = 139648306579200:  Rule Matcher:   File = dsbuilder.cc:  Line = 290:  SELECT a.TRANSFORM_TX, a.REALIZED_FL FROM fccmatomic.KDD_TRANSFORM a WHERE a.DATASET_ID = 114016625 ORDER BY a.TRANSFORM_NB
05/21/2026 12:24:35 DEBUG : Thread ID = 139648306579200:  Rule Matcher:   File = dsbuilder.cc:  Line = 66:  SELECT a.REALIZED_NM, a.DATASET_NM, a.PRNT_DATASET_ID FROM fccmatomic.KDD_DATASET a WHERE a.DATASET_ID = 114016627
05/21/2026 12:24:35 DEBUG : Thread ID = 139648306579200:  Rule Matcher:   File = dsbuilder.cc:  Line = 151:  SELECT a.ATTR_ID, UPPER(a.ATTR_NM) , a.TYPE_CD, a.ORDER_FL, a.DISCRETE_FL, b.KEY_FL, b.NAME_FL FROM fccmatomic.KDD_ATTR a, fccmatomic.KDD_DATASET_ATTR b WHERE b.DATASET_ID = 114016627 AND a.ATTR_ID = b.ATTR_ID
05/21/2026 12:24:35 DEBUG : Thread ID = 139648306579200:  Rule Matcher:   File = dsbuilder.cc:  Line = 248:  SELECT a.TAG_NM, a.TAG_VALUE_TX FROM fccmatomic.KDD_ATTR_TAG a WHERE a.ATTR_ID = 113001472
05/21/2026 12:24:35 DEBUG : Thread ID = 139648306579200:  Rule Matcher:   File = dsbuilder.cc:  Line = 248:  SELECT a.TAG_NM, a.TAG_VALUE_TX FROM fccmatomic.KDD_ATTR_TAG a WHERE a.ATTR_ID = 116001678
05/21/2026 12:24:35 DEBUG : Thread ID = 139648306579200:  Rule Matcher:   File = dsbuilder.cc:  Line = 290:  SELECT a.TRANSFORM_TX, a.REALIZED_FL FROM fccmatomic.KDD_TRANSFORM a WHERE a.DATASET_ID = 114016627 ORDER BY a.TRANSFORM_NB
05/21/2026 12:24:35 DEBUG : Thread ID = 139648306579200:  Rule Matcher:   File = dsbuilder.cc:  Line = 66:  SELECT a.REALIZED_NM, a.DATASET_NM, a.PRNT_DATASET_ID FROM fccmatomic.KDD_DATASET a WHERE a.DATASET_ID = 114016629
05/21/2026 12:24:35 DEBUG : Thread ID = 139648306579200:  Rule Matcher:   File = dsbuilder.cc:  Line = 151:  SELECT a.ATTR_ID, UPPER(a.ATTR_NM) , a.TYPE_CD, a.ORDER_FL, a.DISCRETE_FL, b.KEY_FL, b.NAME_FL FROM fccmatomic.KDD_ATTR a, fccmatomic.KDD_DATASET_ATTR b WHERE b.DATASET_ID = 114016629 AND a.ATTR_ID = b.ATTR_ID
05/21/2026 12:24:35 DEBUG : Thread ID = 139648306579200:  Rule Matcher:   File = dsbuilder.cc:  Line = 248:  SELECT a.TAG_NM, a.TAG_VALUE_TX FROM fccmatomic.KDD_ATTR_TAG a WHERE a.ATTR_ID = 113001472
05/21/2026 12:24:35 DEBUG : Thread ID = 139648306579200:  Rule Matcher:   File = dsbuilder.cc:  Line = 248:  SELECT a.TAG_NM, a.TAG_VALUE_TX FROM fccmatomic.KDD_ATTR_TAG a WHERE a.ATTR_ID = 116001683
05/21/2026 12:24:35 DEBUG : Thread ID = 139648306579200:  Rule Matcher:   File = dsbuilder.cc:  Line = 290:  SELECT a.TRANSFORM_TX, a.REALIZED_FL FROM fccmatomic.KDD_TRANSFORM a WHERE a.DATASET_ID = 114016629 ORDER BY a.TRANSFORM_NB
05/21/2026 12:24:35 DEBUG : Thread ID = 139648306579200:  Rule Matcher:   File = dsbuilder.cc:  Line = 66:  SELECT a.REALIZED_NM, a.DATASET_NM, a.PRNT_DATASET_ID FROM fccmatomic.KDD_DATASET a WHERE a.DATASET_ID = 118748635
05/21/2026 12:24:35 DEBUG : Thread ID = 139648306579200:  Rule Matcher:   File = dsbuilder.cc:  Line = 151:  SELECT a.ATTR_ID, UPPER(a.ATTR_NM) , a.TYPE_CD, a.ORDER_FL, a.DISCRETE_FL, b.KEY_FL, b.NAME_FL FROM fccmatomic.KDD_ATTR a, fccmatomic.KDD_DATASET_ATTR b WHERE b.DATASET_ID = 118748635 AND a.ATTR_ID = b.ATTR_ID
05/21/2026 12:24:35 DEBUG : Thread ID = 139648306579200:  Rule Matcher:   File = dsbuilder.cc:  Line = 248:  SELECT a.TAG_NM, a.TAG_VALUE_TX FROM fccmatomic.KDD_ATTR_TAG a WHERE a.ATTR_ID = 113001001
05/21/2026 12:24:35 DEBUG : Thread ID = 139648306579200:  Rule Matcher:   File = dsbuilder.cc:  Line = 248:  SELECT a.TAG_NM, a.TAG_VALUE_TX FROM fccmatomic.KDD_ATTR_TAG a WHERE a.ATTR_ID = 113001003
05/21/2026 12:24:35 DEBUG : Thread ID = 139648306579200:  Rule Matcher:   File = dsbuilder.cc:  Line = 248:  SELECT a.TAG_NM, a.TAG_VALUE_TX FROM fccmatomic.KDD_ATTR_TAG a WHERE a.ATTR_ID = 118860965
05/21/2026 12:24:35 DEBUG : Thread ID = 139648306579200:  Rule Matcher:   File = dsbuilder.cc:  Line = 290:  SELECT a.TRANSFORM_TX, a.REALIZED_FL FROM fccmatomic.KDD_TRANSFORM a WHERE a.DATASET_ID = 118748635 ORDER BY a.TRANSFORM_NB
05/21/2026 12:24:35 DEBUG : Thread ID = 139648306579200:  Rule Matcher:   File = OracleSchema.cc:  Line = 126:  SELECT a.DATA_TYPE, a.DATA_PRECISION, a.DATA_SCALE, UPPER(a.COLUMN_NAME) FROM ALL_TAB_COLS a WHERE a.TABLE_NAME = 'DSVIEW114016597' AND a.OWNER = UPPER('fccmatomic')
05/21/2026 12:24:35 DEBUG : Thread ID = 139648306579200:  Rule Matcher:   File = TableDataset.cc:  Line = 169:  SELECT a.DATASET_ID, a.PRNT_DATASET_ID, a.DATASET_NM, a.USER_ID, a.CREATE_DT, a.REALIZED_NM, a.SQL_FL, a.SQL_CMMNT, a.SCNRO_ID, a.SQL_TX FROM fccmatomic.KDD_DATASET a WHERE a.SCNRO_ID = 116000099 ORDER BY a.DATASET_ID
05/21/2026 12:24:35 DEBUG : Thread ID = 139648306579200:  Rule Matcher:   File = TableThreshold.cc:  Line = 96:  SELECT a.TSHLD_NM, a.CURR_VALUE_TX, a.VALUE_TYPE_CD, a.DPLY_NM, a.DSPLY_SORT_ORDR_NB, a.DSPLY_FL, b.TSHLD_SET_NM FROM fccmatomic.KDD_TSHLD a, fccmatomic.KDD_TSHLD_SET b WHERE a.SCNRO_ID = 116000099 AND a.TSHLD_SET_ID = 4 AND b.TSHLD_SET_ID = 4 AND a.DEACT_TS IS NULL
05/21/2026 12:24:35 DEBUG : Thread ID = 139648306579200:  Rule Matcher:   File = OracleSchema.cc:  Line = 126:  SELECT a.DATA_TYPE, a.DATA_PRECISION, a.DATA_SCALE, UPPER(a.COLUMN_NAME) FROM ALL_TAB_COLS a WHERE a.TABLE_NAME = 'DSVIEW114016601' AND a.OWNER = UPPER('fccmatomic')
05/21/2026 12:24:35 DEBUG : Thread ID = 139648306579200:  Rule Matcher:   File = OracleSchema.cc:  Line = 126:  SELECT a.DATA_TYPE, a.DATA_PRECISION, a.DATA_SCALE, UPPER(a.COLUMN_NAME) FROM ALL_TAB_COLS a WHERE a.TABLE_NAME = 'DSVIEW114016607' AND a.OWNER = UPPER('fccmatomic')
05/21/2026 12:24:35 DEBUG : Thread ID = 139648306579200:  Rule Matcher:   File = OracleSchema.cc:  Line = 126:  SELECT a.DATA_TYPE, a.DATA_PRECISION, a.DATA_SCALE, UPPER(a.COLUMN_NAME) FROM ALL_TAB_COLS a WHERE a.TABLE_NAME = 'DSVIEW114016614' AND a.OWNER = UPPER('fccmatomic')
05/21/2026 12:24:35 DEBUG : Thread ID = 139648306579200:  Rule Matcher:   File = OracleSchema.cc:  Line = 126:  SELECT a.DATA_TYPE, a.DATA_PRECISION, a.DATA_SCALE, UPPER(a.COLUMN_NAME) FROM ALL_TAB_COLS a WHERE a.TABLE_NAME = 'DSVIEW114016621' AND a.OWNER = UPPER('fccmatomic')
05/21/2026 12:24:35 DEBUG : Thread ID = 139648306579200:  Rule Matcher:   File = OracleSchema.cc:  Line = 126:  SELECT a.DATA_TYPE, a.DATA_PRECISION, a.DATA_SCALE, UPPER(a.COLUMN_NAME) FROM ALL_TAB_COLS a WHERE a.TABLE_NAME = 'DSVIEW114016623' AND a.OWNER = UPPER('fccmatomic')
05/21/2026 12:24:35 DEBUG : Thread ID = 139648306579200:  Rule Matcher:   File = OracleSchema.cc:  Line = 126:  SELECT a.DATA_TYPE, a.DATA_PRECISION, a.DATA_SCALE, UPPER(a.COLUMN_NAME) FROM ALL_TAB_COLS a WHERE a.TABLE_NAME = 'DSVIEW114016625' AND a.OWNER = UPPER('fccmatomic')
05/21/2026 12:24:35 DEBUG : Thread ID = 139648306579200:  Rule Matcher:   File = OracleSchema.cc:  Line = 126:  SELECT a.DATA_TYPE, a.DATA_PRECISION, a.DATA_SCALE, UPPER(a.COLUMN_NAME) FROM ALL_TAB_COLS a WHERE a.TABLE_NAME = 'DSVIEW114016627' AND a.OWNER = UPPER('fccmatomic')
05/21/2026 12:24:35 DEBUG : Thread ID = 139648306579200:  Rule Matcher:   File = OracleSchema.cc:  Line = 126:  SELECT a.DATA_TYPE, a.DATA_PRECISION, a.DATA_SCALE, UPPER(a.COLUMN_NAME) FROM ALL_TAB_COLS a WHERE a.TABLE_NAME = 'DSVIEW114016629' AND a.OWNER = UPPER('fccmatomic')
05/21/2026 12:24:35 DEBUG : Thread ID = 139648306579200:  Rule Matcher:   File = OracleSchema.cc:  Line = 126:  SELECT a.DATA_TYPE, a.DATA_PRECISION, a.DATA_SCALE, UPPER(a.COLUMN_NAME) FROM ALL_TAB_COLS a WHERE a.TABLE_NAME = 'DSVIEW118748635' AND a.OWNER = UPPER('fccmatomic')
05/21/2026 12:24:35 DEBUG : Thread ID = 139648306579200:  Rule Matcher:   File = runupdater.cc:  Line = 104:  UPDATE fccmatomic.KDD_RUN SET RUN_MSG_TX = :Msg WHERE RUN_ID = 21101
05/21/2026 12:24:35 DEBUG : Thread ID = 139648306579200:  Rule Matcher:   File = runupdater.cc:  Line = 142:  UPDATE fccmatomic.KDD_RUN SET RUN_MSG_TX = :Msg WHERE RUN_ID = 21101
05/21/2026 12:24:35 DEBUG : Thread ID = 139648306579200:  Rule Matcher:   File = dbparse.cc:  Line = 148:  SELECT a.PTTRN_TX FROM fccmatomic.KDD_SEQ_PTTRN a WHERE a.PTTRN_ID = 114000526
05/21/2026 12:24:36 DEBUG : Thread ID = 139648306579200:  Rule Matcher:   File = TableThreshold.cc:  Line = 96:  SELECT a.TSHLD_NM, a.CURR_VALUE_TX, a.VALUE_TYPE_CD, a.DPLY_NM, a.DSPLY_SORT_ORDR_NB, a.DSPLY_FL, b.TSHLD_SET_NM FROM fccmatomic.KDD_TSHLD a, fccmatomic.KDD_TSHLD_SET b WHERE a.SCNRO_ID = 116000099 AND a.TSHLD_SET_ID = 4 AND b.TSHLD_SET_ID = 4 AND a.DEACT_TS IS NULL
05/21/2026 12:24:36 DEBUG : Thread ID = 139648306579200:  Rule Matcher:   File = runupdater.cc:  Line = 104:  UPDATE fccmatomic.KDD_RUN SET RUN_MSG_TX = :Msg WHERE RUN_ID = 21101
05/21/2026 12:24:36 DEBUG : Thread ID = 139648306579200:  Rule Matcher:   File = runupdater.cc:  Line = 142:  UPDATE fccmatomic.KDD_RUN SET RUN_MSG_TX = :Msg WHERE RUN_ID = 21101
05/21/2026 12:24:36 DEBUG : Thread ID = 139648306579200:  Rule Matcher:   File = TableInstallParameter.cc:  Line = 198:  SELECT a.ATTR_1_CD, a.ATTR_1_VALUE_TX, a.ATTR_2_CD, a.ATTR_2_VALUE_TX, a.ATTR_3_CD, a.ATTR_3_VALUE_TX, a.ATTR_4_CD, a.ATTR_4_VALUE_TX, a.ATTR_5_CD, a.ATTR_5_VALUE_TX, a.ATTR_6_CD, a.ATTR_6_VALUE_TX, a.ATTR_7_CD, a.ATTR_7_VALUE_TX, a.ATTR_8_CD, a.ATTR_8_VALUE_TX, a.ATTR_9_CD, a.ATTR_9_VALUE_TX, a.ATTR_10_CD, a.ATTR_10_VALUE_TX, a.ATTR_11_CD, a.ATTR_11_VALUE_TX, a.ATTR_12_CD, a.ATTR_12_VALUE_TX, a.ATTR_13_CD, a.ATTR_13_VALUE_TX, a.ATTR_14_CD, a.ATTR_14_VALUE_TX, a.ATTR_15_CD, a.ATTR_15_VALUE_TX FROM fccmatomic.KDD_INSTALL_PARAM a WHERE a.PARAM_NM = 'DLY'
05/21/2026 12:24:36 DEBUG : Thread ID = 139648306579200:  Rule Matcher:   File = TableInstallParameter.cc:  Line = 198:  SELECT a.ATTR_1_CD, a.ATTR_1_VALUE_TX, a.ATTR_2_CD, a.ATTR_2_VALUE_TX, a.ATTR_3_CD, a.ATTR_3_VALUE_TX, a.ATTR_4_CD, a.ATTR_4_VALUE_TX, a.ATTR_5_CD, a.ATTR_5_VALUE_TX, a.ATTR_6_CD, a.ATTR_6_VALUE_TX, a.ATTR_7_CD, a.ATTR_7_VALUE_TX, a.ATTR_8_CD, a.ATTR_8_VALUE_TX, a.ATTR_9_CD, a.ATTR_9_VALUE_TX, a.ATTR_10_CD, a.ATTR_10_VALUE_TX, a.ATTR_11_CD, a.ATTR_11_VALUE_TX, a.ATTR_12_CD, a.ATTR_12_VALUE_TX, a.ATTR_13_CD, a.ATTR_13_VALUE_TX, a.ATTR_14_CD, a.ATTR_14_VALUE_TX, a.ATTR_15_CD, a.ATTR_15_VALUE_TX FROM fccmatomic.KDD_INSTALL_PARAM a WHERE a.PARAM_NM = 'RMT_ROLES'
05/21/2026 12:24:36 INFO : Thread ID = 139648306579200:  Rule Matcher:   File = RuleMatcher.cc:  Line = 273:  Beginning Processing Primary Rule: 
  Job: 102121
  Run: 21101
  Pattern: 114000526
  Dataset: 114016597
  Focus Type: CUSTOMER
  Focal Attribute: cust_id 
05/21/2026 12:24:36 DEBUG : Thread ID = 139648306579200:  Rule Matcher:   File = UtilityFunctions.cc:  Line = 497:  alter session enable parallel query
05/21/2026 12:24:36 DEBUG : Thread ID = 139648306579200:  Rule Matcher:   File = UtilityFunctions.cc:  Line = 522:  alter session enable parallel dml
05/21/2026 12:24:36 DEBUG : Thread ID = 139648306579200:  Rule Matcher:   File = dscursor.cc:  Line = 1161:  Found a reference to a dataset.  Calling getDatasetSql to resolve thresholds.  Id = 114016597 
05/21/2026 12:24:36 DEBUG : Thread ID = 139648306579200:  Rule Matcher:   File = dscursor.cc:  Line = 1175:  After expansion, sql = SELECT ot.CUST_SEQ_ID, ot.LRF_PRCTG, ot.CUST_ID, ot.TOT_TRXN_CT_DBT, ot.TOT_TRXN_AM_DBT, ot.ACTVY_RISK, ot.TOT_TRXN_CT_CDT, ot.TOT_TRXN_CT, ot.TOT_TRXN_AM_CDT, ot.TOT_TRXN_AM, ot.HR_PRCTG, ot.OVERALL_RISK, ot.PASS_THRU_PRCTG, ot.SEASONED_CUST_FL, ot.EFFCTV_RISK, ot.CUST_ACCT_CT, ot.TRUSTED_TRANS_AMT, ot.FUNC_CRNCY_CD FROM (--Bug#33838789 Performance update, verification of the same CU in legs
--Bug#31536090 Performance update, splitting BENE/SCND BENE/ ORIG/SCND ORIG to separate UNION ALL parts
--OFSAABD-17684
with clndr_vw as ( --Bug#31536090 
select
(select cal.clndr_dt from fccmatomic.KDD_CAL cal where cal.CLNDR_NM = 'SYSCAL' and cal.CLNDR_DAY_AGE = @Look_Back_Period - 1) as Min_Dt,
(select cal.clndr_dt from fccmatomic.KDD_CAL cal where cal.CLNDR_NM = 'SYSCAL' and cal.CLNDR_DAY_AGE = 0) as Max_Dt,
(select add_days(cal.CLNDR_DT, -@Frequency_Period) from fccmatomic.KDD_CAL cal where cal.CLNDR_NM = 'SYSCAL' and cal.CLNDR_DAY_AGE = 0) as  Freq_Dt,
(select add_days(cal.CLNDR_DT, -@Max_Days_Opened) from fccmatomic.KDD_CAL cal where cal.CLNDR_NM = 'SYSCAL' and cal.CLNDR_DAY_AGE = 0) as Max_Days_Opened_Dt
FROM dual
),

Wire_Trxn_Vw as
(SELECT  
          tr.BENEF_ACCT_ID,
          tr.SCND_BENEF_ACCT_ID,
          tr.ORIG_ACCT_ID,
          tr.SCND_ORIG_ACCT_ID,
          tr.data_dump_dt,
          DECODE(@Curr_Type,'F',tr.TRXN_FUNC_AM,tr.TRXN_BASE_AM) as Trxn_Am,
          tr.BENEF_ACTVY_RISK_NB,
          tr.SCND_BENEF_ACTVY_RISK_NB,
          tr.ORIG_ACTVY_RISK_NB,
          tr.SCND_ORIG_ACTVY_RISK_NB,
          tr.INTRL_BENEF_ACCT_FL,
          tr.INTRL_SCND_BENEF_ACCT_FL,
          tr.INTRL_ORIG_ACCT_FL,          
          tr.INTRL_SCND_ORIG_ACCT_FL,
          (CASE WHEN tr.PASS_THRU_FL='Y' THEN DECODE(@Curr_Type,'F',tr.TRXN_FUNC_AM,tr.TRXN_BASE_AM) ELSE 0 END) PASS_THRU_AMT,        
          (CASE WHEN DECODE(@Curr_Type,'F',tr.TRXN_FUNC_AM,tr.TRXN_BASE_AM) - TRUNC(DECODE(@Curr_Type,'F',tr.TRXN_FUNC_AM,tr.TRXN_BASE_AM), -@Lrf_Digits) = 0 THEN DECODE(@Curr_Type,'F',tr.TRXN_FUNC_AM,tr.TRXN_BASE_AM) 
                 WHEN tr.RCV_TRXN_ACTVY_AM - TRUNC(tr.RCV_TRXN_ACTVY_AM, -@Lrf_Digits) = 0 THEN DECODE(@Curr_Type,'F',tr.TRXN_FUNC_AM,tr.TRXN_BASE_AM)
                 WHEN tr.SEND_TRXN_ACTVY_AM - TRUNC(tr.SEND_TRXN_ACTVY_AM, -@Lrf_Digits) = 0 THEN DECODE(@Curr_Type,'F',tr.TRXN_FUNC_AM,tr.TRXN_BASE_AM)
                 ELSE 0 END) LRF_AMT,
	      	case when tr.TRSTD_TRXN_FL = 'Y' then DECODE(@Curr_Type,'F',tr.TRXN_FUNC_AM,tr.TRXN_BASE_AM) else 0 end as Trusted_Trans_Amt,
          tr.FUNC_CRNCY_CD 				 
FROM      fccmatomic.WIRE_TRXN tr
WHERE
   (@All_Trans_Src_Fl='Y' OR tr.SRC_SYS_CD IN (@Incl_Trans_Src_Lst))
and DECODE(@Curr_Type,'F',tr.TRXN_FUNC_AM,tr.TRXN_BASE_AM) >=@Min_Individual_Trans_Amt
AND tr.MANTAS_TRXN_PRDCT_CD in (@Incl_Wire_Trxn_Prdct_Type_Lst)
and tr.MANTAS_TRXN_PURP_CD = 'GENERAL'
--31536090 
and tr.TRXN_EXCTN_DT >= (select Min_Dt from clndr_vw) and tr.TRXN_EXCTN_DT <= (select Max_Dt from clndr_vw)
and tr.DATA_DUMP_DT >= (select Min_Dt from clndr_vw) and tr.DATA_DUMP_DT <= (select Max_Dt from clndr_vw)
and (@Include_Related_Parties_Fl = 'Y' or   (tr.UNRLTD_PARTY_FL = 'Y' or tr.UNRLTD_PARTY_FL IS NULL))
and (@Include_B2B_Trnfr_Fl = 'Y' or NOT(tr.BANK_TO_BANK_TRNFR_FL = 'Y' and tr.PASS_THRU_FL = 'N'))
and (@Include_Trusted_Trans_FL = 'Y' or COALESCE(tr.TRSTD_TRXN_FL,'N') ='N')
and tr.CXL_PAIR_TRXN_INTRL_ID is null
),

Mi_Trxn_Vw as
(SELECT
          tr.BENEF_ACCT_ID,
          tr.SCND_BENEF_ACCT_ID,
          tr.REM_ACCT_ID,
          tr.data_dump_dt,
          --21153210
          tr.MANTAS_POST_DT,
          tr.MANTAS_ISSUE_DATE,
          DECODE(@Curr_Type,'F',tr.TRXN_FUNC_AM,tr.TRXN_BASE_AM) as Trxn_Am,
          tr.BENEF_ACTVY_RISK_NB,
          tr.SCND_BENEF_ACTVY_RISK_NB,
          tr.REM_ACTVY_RISK_NB,
          tr.INTRL_BENEF_ACCT_FL,
          tr.INTRL_SCND_BENEF_ACCT_FL,
          tr.INTRL_REM_ACCT_FL,
          (CASE WHEN tr.PASS_THRU_FL='Y' THEN DECODE(@Curr_Type,'F',tr.TRXN_FUNC_AM,tr.TRXN_BASE_AM) ELSE 0 END) PASS_THRU_AMT,        
          (CASE WHEN DECODE(@Curr_Type,'F',tr.TRXN_FUNC_AM,tr.TRXN_BASE_AM) - TRUNC(DECODE(@Curr_Type,'F',tr.TRXN_FUNC_AM,tr.TRXN_BASE_AM), -@Lrf_Digits) = 0 THEN DECODE(@Curr_Type,'F',tr.TRXN_FUNC_AM,tr.TRXN_BASE_AM) 
                 WHEN tr.CLR_TRXN_ACTVY_AM - TRUNC(tr.CLR_TRXN_ACTVY_AM, -@Lrf_Digits) = 0 THEN DECODE(@Curr_Type,'F',tr.TRXN_FUNC_AM,tr.TRXN_BASE_AM)
                 WHEN tr.DEP_TRXN_ACTVY_AM - TRUNC(tr.DEP_TRXN_ACTVY_AM, -@Lrf_Digits) = 0 THEN DECODE(@Curr_Type,'F',tr.TRXN_FUNC_AM,tr.TRXN_BASE_AM)
                 WHEN tr.ISSUE_TRXN_ACTVY_AM - TRUNC(tr.ISSUE_TRXN_ACTVY_AM, -@Lrf_Digits) = 0 THEN DECODE(@Curr_Type,'F',tr.TRXN_FUNC_AM,tr.TRXN_BASE_AM)
                 ELSE 0 END) LRF_AMT,
				  case when tr.TRSTD_TRXN_FL = 'Y' then DECODE(@Curr_Type,'F',tr.TRXN_FUNC_AM,tr.TRXN_BASE_AM) else 0 end as Trusted_Trans_Amt,
          tr.FUNC_CRNCY_CD
FROM      fccmatomic.MI_TRXN tr

WHERE
   (@All_Trans_Src_Fl='Y' OR tr.SRC_SYS_CD IN (@Incl_Trans_Src_Lst))
and tr.MANTAS_TRXN_PURP_CD = 'GENERAL'
and tr.MANTAS_TRXN_PRDCT_CD in (@Incl_MI_Trxn_Prdct_Type_Lst)
and DECODE(@Curr_Type,'F',tr.TRXN_FUNC_AM,tr.TRXN_BASE_AM) >=@Min_Individual_Trans_Amt
--31536090 
--21153210
--and tr.MANTAS_POST_DT IN (SELECT KC.CLNDR_DT FROM fccmatomic.KDD_CAL KC WHERE KC.CLNDR_NM='SYSCAL' AND KC.CLNDR_DAY_AGE between 0 and @Look_Back_Period - 1)
and tr.DATA_DUMP_DT >= (select Min_Dt from clndr_vw) and tr.DATA_DUMP_DT <= (select Max_Dt from clndr_vw)
and (@Include_Related_Parties_Fl = 'Y' or   (tr.UNRLTD_PARTY_FL = 'Y' or tr.UNRLTD_PARTY_FL IS NULL))
and (@Include_B2B_Trnfr_Fl = 'Y' or NOT(tr.BANK_TO_BANK_TRNFR_FL = 'Y' and tr.PASS_THRU_FL = 'N'))
and (@Include_Trusted_Trans_FL = 'Y' or COALESCE(tr.TRSTD_TRXN_FL,'N') ='N')
and tr.CXL_PAIR_TRXN_INTRL_ID is null
),

--27476375 
Cust_Accounts as
(SELECT 
        c.CUST_SEQ_ID,
        ac.PRMRY_CUST_INTRL_ID CUST_ID,
        ac.ACCT_INTRL_ID,
        c.CUST_EFCTV_RISK_NB,
        min(ac.ACCT_OPEN_DT) over (partition by c.CUST_SEQ_ID) Min_Acct_Open_Dt
        
FROM        
 fccmatomic.ACCT ac,
 fccmatomic.CUST c 
WHERE     
    c.CUST_INTRL_ID = ac.PRMRY_CUST_INTRL_ID
AND ac.MANTAS_ACCT_HOLDR_TYPE_CD in (@Incld_Acct_Hldr_Typ_Cd)
AND c.CUST_EFCTV_RISK_NB <> -2 
AND ac.MANTAS_ACCT_BUS_TYPE_CD in (@Mantas_Bus_Acct_Type_Lst)
AND (@All_Jurisdictions_Fl = 'Y' or c.JRSDCN_CD in (@Incl_Jurisdictions_Lst))
AND @Primary_Cust_Fl = 'Y'

UNION ALL
SELECT 
        c.CUST_SEQ_ID,
        c.CUST_INTRL_ID CUST_ID,
        ac.ACCT_INTRL_ID,
        c.CUST_EFCTV_RISK_NB,
        min(ac.ACCT_OPEN_DT) over (partition by c.CUST_SEQ_ID) Min_Acct_Open_Dt
FROM        
  fccmatomic.ACCT ac,
  fccmatomic.CUST_ACCT ca, 
  fccmatomic.CUST c,
  fccmatomic.CUST_ACCT_ROLE car
WHERE     
    ac.ACCT_INTRL_ID = ca.ACCT_INTRL_ID
AND ca.CUST_INTRL_ID = c.CUST_INTRL_ID
AND ca.CUST_ACCT_ROLE_CD = car.CUST_ACCT_ROLE_CD
AND ac.MANTAS_ACCT_HOLDR_TYPE_CD in (@Incld_Acct_Hldr_Typ_Cd)
AND c.CUST_EFCTV_RISK_NB <> -2 
AND ac.MANTAS_ACCT_BUS_TYPE_CD in (@Mantas_Bus_Acct_Type_Lst)
AND (@All_Jurisdictions_Fl = 'Y' or c.JRSDCN_CD in (@Incl_Jurisdictions_Lst))
AND (car.TRDNG_AUTH_FL = 'Y' or car.WDRWL_AUTH_FL = 'Y' or car.POA_FL = 'Y')
AND @Primary_Cust_Fl = 'N'
)

select 
       g.cust_seq_id
     , g.cust_id
     , g.Cust_Acct_Ct
     , g.SEASONED_CUST_FL
     , g.Tot_Trxn_Am_Cdt
     , g.Tot_trxn_ct_cdt
     , g.Tot_trxn_am_dbt
     , g.Tot_trxn_ct_dbt
     , g.Tot_trxn_am
     , g.Tot_trxn_ct
     , g.ACTVY_RISK
     , g.effctv_risk
     , g.Hr_Prctg, 
       g.Lrf_Prctg, 
       g.Pass_Thru_Prctg ,
       g.Overall_Risk
	 , g.Trusted_Trans_Amt
   , g.FUNC_CRNCY_CD
from 
(
SELECT
 max(t.cust_seq_id) AS cust_seq_id,
 t.cust_id,
 COUNT(DISTINCT t.acct_intrl_id) AS cust_acct_ct,
 MAX(SEAS_FL) SEASONED_CUST_FL,
 SUM(t.d_amt_cdt) AS tot_trxn_am_cdt,
 SUM(t.d_ct_cdt) AS tot_trxn_ct_cdt,
 SUM(t.d_amt_dbt) AS tot_trxn_am_dbt,
 SUM(t.d_ct_dbt) AS tot_trxn_ct_dbt,
 SUM(t.d_amt_cdt) + SUM(t.d_amt_dbt) AS tot_trxn_am,
 SUM(t.d_ct_cdt) + SUM(t.d_ct_dbt) AS tot_trxn_ct, 
 SUM(t.hr_amt) AS tot_hr_amt,
 SUM(t.lrf_amt) AS tot_lrf_amt,
 SUM(t.pass_thru_amt) AS tot_pass_thru_amt,
 MAX(t.activity_risk) AS ACTVY_RISK,
 MAX(t.effctv_risk) AS EFFCTV_RISK,
 CASE WHEN SUM(t.d_amt_cdt) + SUM(t.d_amt_dbt) = 0 THEN 0
  ELSE (SUM(t.hr_amt)*100) / (SUM(t.d_amt_cdt) + SUM(t.d_amt_dbt))
 END AS Hr_Prctg, 
 CASE WHEN SUM(t.d_amt_cdt) + SUM(t.d_amt_dbt) = 0 THEN 0
  ELSE (sum(t.lrf_amt)*100) / (SUM(t.d_amt_cdt) + SUM(t.d_amt_dbt))
 END AS Lrf_Prctg, 
 CASE WHEN SUM(t.d_amt_cdt) + SUM(t.d_amt_dbt) = 0 THEN 0
  ELSE (sum(t.pass_thru_amt)*100) / (SUM(t.d_amt_cdt) + SUM(t.d_amt_dbt))
 END AS Pass_Thru_Prctg ,
 CASE WHEN (max(t.effctv_risk) >= @Effctv_Risk_Cutoff_Lvl AND max(t.activity_risk) >= @Actvty_Risk_Cutoff_Lvl) THEN 'HR'
      WHEN (max(t.effctv_risk) < @Effctv_Risk_Cutoff_Lvl AND max(t.activity_risk) < @Actvty_Risk_Cutoff_Lvl) THEN 'RR'
    ELSE 'MR' 
 END AS OVERALL_RISK,
 sum(t.Trusted_Trans_Amt) as Trusted_Trans_Amt,
 max(t.FUNC_CRNCY_CD) as FUNC_CRNCY_CD

FROM (
-- WIRE Credit BENE 
SELECT 
          ca.CUST_SEQ_ID,
          ca.CUST_ID,
          ca.ACCT_INTRL_ID,
          tr.data_dump_dt as Dump_Dt,
          ca.CUST_EFCTV_RISK_NB AS effctv_risk,
          --31536090 
          CASE WHEN (ca.Min_Acct_Open_Dt) >= (select Max_Days_Opened_Dt from clndr_vw) THEN 0 
           ELSE 1 END SEAS_FL,
          tr.Trxn_Am AS d_amt_cdt,
          1 AS d_ct_cdt,
          0 AS d_amt_dbt,
          0 AS d_ct_dbt,
          --21153210
          CASE WHEN (tr.BENEF_ACCT_ID = ca.ACCT_INTRL_ID AND tr.INTRL_BENEF_ACCT_FL = 'Y')
               THEN tr.BENEF_ACTVY_RISK_NB 
               ELSE tr.SCND_BENEF_ACTVY_RISK_NB END ACTIVITY_RISK,
         (CASE WHEN
                 (tr.BENEF_ACCT_ID = ca.ACCT_INTRL_ID AND tr.INTRL_BENEF_ACCT_FL = 'Y' and tr.BENEF_ACTVY_RISK_NB > @Actvty_Risk_Cutoff_Lvl)  
                 OR
                 (tr.SCND_BENEF_ACCT_ID = ca.ACCT_INTRL_ID AND  tr.INTRL_SCND_BENEF_ACCT_FL = 'Y' AND tr.SCND_BENEF_ACTVY_RISK_NB > @Actvty_Risk_Cutoff_Lvl)
               THEN tr.Trxn_Am
               ELSE 0 END) HR_AMT,    
          tr.PASS_THRU_AMT,        
          tr.LRF_AMT,
		      tr.Trusted_Trans_Amt,
          tr.FUNC_CRNCY_CD				 
FROM      Wire_Trxn_Vw tr,
          Cust_Accounts ca
          
WHERE     
--21153210
--31536090 
(tr.BENEF_ACCT_ID = ca.ACCT_INTRL_ID AND tr.INTRL_BENEF_ACCT_FL = 'Y')

UNION ALL

-- WIRE Credit SCND_BENE 
SELECT 
          ca.CUST_SEQ_ID,
          ca.CUST_ID,
          ca.ACCT_INTRL_ID,
          tr.data_dump_dt as Dump_Dt,
          ca.CUST_EFCTV_RISK_NB AS effctv_risk,
          --31536090 
          CASE WHEN (ca.Min_Acct_Open_Dt) >= (select Max_Days_Opened_Dt from clndr_vw) THEN 0 
           ELSE 1 END SEAS_FL,
          tr.Trxn_Am AS d_amt_cdt,
          1 AS d_ct_cdt,
          0 AS d_amt_dbt,
          0 AS d_ct_dbt,
          --21153210
          CASE WHEN (tr.BENEF_ACCT_ID = ca.ACCT_INTRL_ID AND tr.INTRL_BENEF_ACCT_FL = 'Y')
               THEN tr.BENEF_ACTVY_RISK_NB 
               ELSE tr.SCND_BENEF_ACTVY_RISK_NB END ACTIVITY_RISK,
         (CASE WHEN
                 (tr.BENEF_ACCT_ID = ca.ACCT_INTRL_ID AND tr.INTRL_BENEF_ACCT_FL = 'Y' and tr.BENEF_ACTVY_RISK_NB > @Actvty_Risk_Cutoff_Lvl)  
                 OR
                 (tr.SCND_BENEF_ACCT_ID = ca.ACCT_INTRL_ID AND  tr.INTRL_SCND_BENEF_ACCT_FL = 'Y' AND tr.SCND_BENEF_ACTVY_RISK_NB > @Actvty_Risk_Cutoff_Lvl)
               THEN tr.Trxn_Am
               ELSE 0 END) HR_AMT,    
          tr.PASS_THRU_AMT,        
          tr.LRF_AMT,
		      tr.Trusted_Trans_Amt,
          tr.FUNC_CRNCY_CD				 
FROM      Wire_Trxn_Vw tr,
          Cust_Accounts ca
          
WHERE     
--21153210, 31536090,         
tr.SCND_BENEF_ACCT_ID = ca.ACCT_INTRL_ID AND tr.INTRL_SCND_BENEF_ACCT_FL = 'Y'
-- 33838789 
 -- verification that accounts in SCND_BENE and BENE are not impacted to the same Customer
and (case when tr.INTRL_BENEF_ACCT_FL <> 'Y'  then 1
          when ca.CUST_ID not in (select ca2.CUST_ID from Cust_Accounts ca2 where ca2.ACCT_INTRL_ID = COALESCE(tr.BENEF_ACCT_ID, 'NULL')) then 1
          else 0 end) = 1

UNION ALL

-- WIRE Debit ORIG 
SELECT 
          ca.CUST_SEQ_ID,
          ca.CUST_ID,
          ca.ACCT_INTRL_ID,
          tr.data_dump_dt as Dump_Dt,
          ca.CUST_EFCTV_RISK_NB AS effctv_risk,
          --31536090 
          CASE WHEN (ca.Min_Acct_Open_Dt) >= (select Max_Days_Opened_Dt from clndr_vw) THEN 0 
           ELSE 1 END SEAS_FL,
          0 AS d_amt_cdt,
          0 AS d_ct_cdt,
          tr.Trxn_Am AS d_amt_dbt,
          1 AS d_ct_dbt,
          --21153210
          CASE WHEN (tr.ORIG_ACCT_ID = ca.ACCT_INTRL_ID AND tr.INTRL_ORIG_ACCT_FL = 'Y')
               THEN tr.ORIG_ACTVY_RISK_NB 
               ELSE tr.SCND_ORIG_ACTVY_RISK_NB END ACTIVITY_RISK,
          (CASE WHEN
                 (tr.ORIG_ACCT_ID = ca.ACCT_INTRL_ID AND tr.INTRL_ORIG_ACCT_FL = 'Y' and tr.ORIG_ACTVY_RISK_NB > @Actvty_Risk_Cutoff_Lvl)  OR
                 (tr.SCND_ORIG_ACCT_ID = ca.ACCT_INTRL_ID AND  tr.INTRL_SCND_ORIG_ACCT_FL = 'Y' AND tr.SCND_ORIG_ACTVY_RISK_NB > @Actvty_Risk_Cutoff_Lvl)
                 THEN tr.Trxn_Am
                 ELSE 0 END) HR_AMT,           
          tr.PASS_THRU_AMT,        
          tr.LRF_AMT,
		      tr.Trusted_Trans_Amt,
          tr.FUNC_CRNCY_CD				 
FROM      Wire_Trxn_Vw tr,
          Cust_Accounts ca
WHERE     
--21153210, 31536090 

tr.ORIG_ACCT_ID = ca.ACCT_INTRL_ID AND tr.INTRL_ORIG_ACCT_FL = 'Y'

UNION ALL

-- WIRE Debit SCND_ORIG 
SELECT 
          ca.CUST_SEQ_ID,
          ca.CUST_ID,
          ca.ACCT_INTRL_ID,
          tr.data_dump_dt as Dump_Dt,
          ca.CUST_EFCTV_RISK_NB AS effctv_risk,
          --31536090 
          CASE WHEN (ca.Min_Acct_Open_Dt) >= (select Max_Days_Opened_Dt from clndr_vw) THEN 0 
           ELSE 1 END SEAS_FL,
          0 AS d_amt_cdt,
          0 AS d_ct_cdt,
          tr.Trxn_Am AS d_amt_dbt,
          1 AS d_ct_dbt,
          --21153210
          CASE WHEN (tr.ORIG_ACCT_ID = ca.ACCT_INTRL_ID AND tr.INTRL_ORIG_ACCT_FL = 'Y')
               THEN tr.ORIG_ACTVY_RISK_NB 
               ELSE tr.SCND_ORIG_ACTVY_RISK_NB END ACTIVITY_RISK,
          (CASE WHEN
                 (tr.ORIG_ACCT_ID = ca.ACCT_INTRL_ID AND tr.INTRL_ORIG_ACCT_FL = 'Y' and tr.ORIG_ACTVY_RISK_NB > @Actvty_Risk_Cutoff_Lvl)  OR
                 (tr.SCND_ORIG_ACCT_ID = ca.ACCT_INTRL_ID AND  tr.INTRL_SCND_ORIG_ACCT_FL = 'Y' AND tr.SCND_ORIG_ACTVY_RISK_NB > @Actvty_Risk_Cutoff_Lvl)
                 THEN tr.Trxn_Am
                 ELSE 0 END) HR_AMT,           
          tr.PASS_THRU_AMT,        
          tr.LRF_AMT,
		      tr.Trusted_Trans_Amt,
          tr.FUNC_CRNCY_CD				 
FROM      Wire_Trxn_Vw tr,
          Cust_Accounts ca
WHERE     
--21153210,31536090 
tr.SCND_ORIG_ACCT_ID = ca.ACCT_INTRL_ID AND tr.INTRL_SCND_ORIG_ACCT_FL = 'Y'
--33838789 verification that accounts in SCND_ORIG and ORIG are not impacted to the same Customer
and (case when tr.INTRL_ORIG_ACCT_FL <> 'Y'  then 1
          when ca.CUST_ID not in (select ca2.CUST_ID from Cust_Accounts ca2 where ca2.ACCT_INTRL_ID = COALESCE(tr.ORIG_ACCT_ID, 'NULL')) then 1
          else 0 end) = 1

UNION ALL
-- MI Credit BENE 
SELECT 
          ca.CUST_SEQ_ID,
          ca.CUST_ID,
          ca.acct_intrl_id,
          tr.data_dump_dt as Dump_Dt,
          ca.CUST_EFCTV_RISK_NB AS effctv_risk,
          --31536090 
          CASE WHEN (ca.Min_Acct_Open_Dt) >= (select Max_Days_Opened_Dt from clndr_vw) THEN 0 
           ELSE 1 END SEAS_FL,
          tr.Trxn_Am AS d_amt_cdt,
          1 AS d_ct_cdt,
          0 AS d_amt_dbt,
          0 AS d_ct_dbt,
          --21153210
          CASE WHEN (tr.BENEF_ACCT_ID = ca.ACCT_INTRL_ID AND tr.INTRL_BENEF_ACCT_FL = 'Y')
               THEN tr.BENEF_ACTVY_RISK_NB 
               ELSE tr.SCND_BENEF_ACTVY_RISK_NB END ACTIVITY_RISK,
         (CASE WHEN
                 (tr.BENEF_ACCT_ID = ca.ACCT_INTRL_ID AND tr.INTRL_BENEF_ACCT_FL = 'Y' and tr.BENEF_ACTVY_RISK_NB > @Actvty_Risk_Cutoff_Lvl)  
                 OR
                 (tr.SCND_BENEF_ACCT_ID = ca.ACCT_INTRL_ID AND  tr.INTRL_SCND_BENEF_ACCT_FL = 'Y' AND tr.SCND_BENEF_ACTVY_RISK_NB > @Actvty_Risk_Cutoff_Lvl)
               THEN tr.Trxn_Am
               ELSE 0 END) HR_AMT,    
          tr.PASS_THRU_AMT,        
          tr.LRF_AMT,
				  tr.Trusted_Trans_Amt,
          tr.FUNC_CRNCY_CD
FROM      Mi_Trxn_Vw tr,
          Cust_Accounts ca
WHERE     
--21153210, 31536090 
tr.BENEF_ACCT_ID = ca.ACCT_INTRL_ID AND tr.INTRL_BENEF_ACCT_FL = 'Y'
and tr.MANTAS_POST_DT >= (select Min_Dt from clndr_vw) and tr.MANTAS_POST_DT <= (select Max_Dt from clndr_vw)

UNION ALL

-- MI Credit SCND_BENE 
SELECT 
          ca.CUST_SEQ_ID,
          ca.CUST_ID,
          ca.acct_intrl_id,
          tr.data_dump_dt as Dump_Dt,
          ca.CUST_EFCTV_RISK_NB AS effctv_risk,
          --31536090 
          CASE WHEN (ca.Min_Acct_Open_Dt) >= (select Max_Days_Opened_Dt from clndr_vw) THEN 0 
           ELSE 1 END SEAS_FL,
          tr.Trxn_Am AS d_amt_cdt,
          1 AS d_ct_cdt,
          0 AS d_amt_dbt,
          0 AS d_ct_dbt,
          --21153210
          CASE WHEN (tr.BENEF_ACCT_ID = ca.ACCT_INTRL_ID AND tr.INTRL_BENEF_ACCT_FL = 'Y')
               THEN tr.BENEF_ACTVY_RISK_NB 
               ELSE tr.SCND_BENEF_ACTVY_RISK_NB END ACTIVITY_RISK,
         (CASE WHEN
                 (tr.BENEF_ACCT_ID = ca.ACCT_INTRL_ID AND tr.INTRL_BENEF_ACCT_FL = 'Y' and tr.BENEF_ACTVY_RISK_NB > @Actvty_Risk_Cutoff_Lvl)  
                 OR
                 (tr.SCND_BENEF_ACCT_ID = ca.ACCT_INTRL_ID AND  tr.INTRL_SCND_BENEF_ACCT_FL = 'Y' AND tr.SCND_BENEF_ACTVY_RISK_NB > @Actvty_Risk_Cutoff_Lvl)
               THEN tr.Trxn_Am
               ELSE 0 END) HR_AMT,    
          tr.PASS_THRU_AMT,        
          tr.LRF_AMT,
				  tr.Trusted_Trans_Amt,
          tr.FUNC_CRNCY_CD
FROM      Mi_Trxn_Vw tr,
          Cust_Accounts ca
WHERE     
--21153210, 31536090 
tr.SCND_BENEF_ACCT_ID = ca.ACCT_INTRL_ID AND tr.INTRL_SCND_BENEF_ACCT_FL = 'Y'
--33838789 verification that accounts in SCND_BENE and BENE are not impacted to the same Customer
and (case when tr.INTRL_BENEF_ACCT_FL <> 'Y'  then 1
           when ca.CUST_ID not in (select ca2.CUST_ID from Cust_Accounts ca2 where ca2.ACCT_INTRL_ID = COALESCE(tr.BENEF_ACCT_ID, 'NULL')) then 1
         else 0 end) = 1

and tr.MANTAS_POST_DT >= (select Min_Dt from clndr_vw) and tr.MANTAS_POST_DT <= (select Max_Dt from clndr_vw)


UNION ALL
-- MI Debit 
SELECT
          ca.CUST_SEQ_ID,
          ca.CUST_ID,
          ca.acct_intrl_id,
          tr.data_dump_dt as Dump_Dt,
          ca.CUST_EFCTV_RISK_NB AS effctv_risk,
          --31536090 
          CASE WHEN (ca.Min_Acct_Open_Dt) >= (select Max_Days_Opened_Dt from clndr_vw) THEN 0 
           ELSE 1 END SEAS_FL,
          0 AS d_amt_cdt,
          0 AS d_ct_cdt,
          tr.Trxn_Am AS d_amt_dbt,
          1 AS d_ct_dbt,
          tr.REM_ACTVY_RISK_NB ACTIVITY_RISK,
          (CASE WHEN tr.REM_ACTVY_RISK_NB > @Actvty_Risk_Cutoff_Lvl
                 THEN tr.Trxn_Am
                 ELSE 0 END) HR_AMT,                 
          tr.PASS_THRU_AMT,        
          tr.LRF_AMT,
				  tr.Trusted_Trans_Amt,
          tr.FUNC_CRNCY_CD
FROM      Mi_Trxn_Vw tr,
          Cust_Accounts ca

WHERE     tr.REM_ACCT_ID = ca.ACCT_INTRL_ID
and tr.INTRL_REM_ACCT_FL = 'Y'
--21153210, 31536090 
and tr.MANTAS_ISSUE_DATE >= (select Min_Dt from clndr_vw) and tr.MANTAS_ISSUE_DATE <= (select Max_Dt from clndr_vw)

UNION ALL
-- Cash Credit/Debit  
SELECT 
          ca.CUST_SEQ_ID,
          ca.CUST_ID,
          ca.acct_intrl_id,
          tr.data_dump_dt as Dump_Dt,
          ca.CUST_EFCTV_RISK_NB AS effctv_risk,
          --31536090 
          CASE WHEN (ca.Min_Acct_Open_Dt) >= (select Max_Days_Opened_Dt from clndr_vw) THEN 0 
           ELSE 1 END SEAS_FL,
          case when tr.DBT_CDT_CD = 'C' then DECODE(@Curr_Type,'F',tr.TRXN_FUNC_AM,tr.TRXN_BASE_AM) else 0 end AS d_amt_cdt,
          case when tr.DBT_CDT_CD = 'C' then 1 else 0 end AS d_ct_cdt,
          case when tr.DBT_CDT_CD = 'D' then DECODE(@Curr_Type,'F',tr.TRXN_FUNC_AM,tr.TRXN_BASE_AM) else 0 end AS d_amt_dbt,
          case when tr.DBT_CDT_CD = 'D' then 1 else 0 end AS d_ct_dbt,
          tr.CASH_TRXN_ACTVY_RISK_NB ACTIVITY_RISK,
          (CASE WHEN tr.CASH_TRXN_ACTVY_RISK_NB > @Actvty_Risk_Cutoff_Lvl
                 THEN DECODE(@Curr_Type,'F',tr.TRXN_FUNC_AM,tr.TRXN_BASE_AM)
                 ELSE 0 END) HR_AMT,                 
        0 PASS_THRU_AMT,        
        (CASE WHEN DECODE(@Curr_Type,'F',tr.TRXN_FUNC_AM,tr.TRXN_BASE_AM) - TRUNC(DECODE(@Curr_Type,'F',tr.TRXN_FUNC_AM,tr.TRXN_BASE_AM), -@Lrf_Digits) = 0 THEN DECODE(@Curr_Type,'F',tr.TRXN_FUNC_AM,tr.TRXN_BASE_AM) 
                 WHEN tr.TRXN_ACTVY_AM - TRUNC(tr.TRXN_ACTVY_AM, -@Lrf_Digits) = 0 THEN DECODE(@Curr_Type,'F',tr.TRXN_FUNC_AM,tr.TRXN_BASE_AM)
                 ELSE 0 END) LRF_AMT
		,0 as Trusted_Trans_Amt
        ,tr.FUNC_CRNCY_CD
FROM      fccmatomic.CASH_TRXN tr,
          Cust_Accounts ca

WHERE     tr.ACCT_INTRL_ID = ca.ACCT_INTRL_ID
AND       (@All_Trans_Src_Fl='Y' OR tr.SRC_SYS_CD IN (@Incl_Trans_Src_Lst))
and       tr.MANTAS_TRXN_PURP_CD = 'GENERAL'
and       tr.MANTAS_TRXN_PRDCT_CD in (@Incl_Cash_Trxn_Prdct_Type_Lst)
and       DECODE(@Curr_Type,'F',tr.TRXN_FUNC_AM,tr.TRXN_BASE_AM) >=@Min_Individual_Trans_Amt
--31536090 
and tr.TRXN_EXCTN_DT >= (select Min_Dt from clndr_vw) and tr.TRXN_EXCTN_DT <= (select Max_Dt from clndr_vw)
and tr.DATA_DUMP_DT >= (select Min_Dt from clndr_vw) and tr.DATA_DUMP_DT <= (select Max_Dt from clndr_vw)
and tr.CXL_PAIR_TRXN_INTRL_ID is null

UNION ALL
-- Jrnl Credit/Debit 
SELECT 
          ca.CUST_SEQ_ID,
          ca.CUST_ID,
          ca.acct_intrl_id,
          tr.data_dump_dt as Dump_Dt,
          ca.CUST_EFCTV_RISK_NB AS effctv_risk,
          --31536090 
          CASE WHEN (ca.Min_Acct_Open_Dt) >= (select Max_Days_Opened_Dt from clndr_vw) THEN 0 
           ELSE 1 END SEAS_FL,
          case when tr.DBT_CDT_CD = 'C' then DECODE(@Curr_Type,'F',tr.TRXN_FUNC_AM,tr.TRXN_BASE_AM) else 0 end AS d_amt_cdt,
          case when tr.DBT_CDT_CD = 'C' then 1 else 0 end AS d_ct_cdt,
          case when tr.DBT_CDT_CD = 'D' then DECODE(@Curr_Type,'F',tr.TRXN_FUNC_AM,tr.TRXN_BASE_AM) else 0 end AS d_amt_dbt,
          case when tr.DBT_CDT_CD = 'D' then 1 else 0 end AS d_ct_dbt,
          tr.BO_TRXN_ACTVY_RISK_NB ACTIVITY_RISK,
          (CASE WHEN tr.BO_TRXN_ACTVY_RISK_NB > @Actvty_Risk_Cutoff_Lvl
                 THEN DECODE(@Curr_Type,'F',tr.TRXN_FUNC_AM,tr.TRXN_BASE_AM)
                 ELSE 0 END) HR_AMT,                 
        0 PASS_THRU_AMT,        
        (CASE WHEN DECODE(@Curr_Type,'F',tr.TRXN_FUNC_AM,tr.TRXN_BASE_AM) - TRUNC(DECODE(@Curr_Type,'F',tr.TRXN_FUNC_AM,tr.TRXN_BASE_AM), -@Lrf_Digits) = 0 THEN DECODE(@Curr_Type,'F',tr.TRXN_FUNC_AM,tr.TRXN_BASE_AM) 
                 WHEN tr.TRXN_RPTNG_AM - TRUNC(tr.TRXN_RPTNG_AM, -@Lrf_Digits) = 0 THEN DECODE(@Curr_Type,'F',tr.TRXN_FUNC_AM,tr.TRXN_BASE_AM)
                 ELSE 0 END) LRF_AMT
		,case when tr.TRSTD_TRXN_FL = 'Y' then DECODE(@Curr_Type,'F',tr.TRXN_FUNC_AM,tr.TRXN_BASE_AM) else 0 end as Trusted_Trans_Amt	
        ,tr.FUNC_CRNCY_CD			 
FROM      fccmatomic.BACK_OFFICE_TRXN tr,
          Cust_Accounts ca
          
WHERE     ca.ACCT_INTRL_ID = tr.ACCT_INTRL_ID
AND       (@All_Trans_Src_Fl='Y' OR tr.SRC_SYS_CD IN (@Incl_Trans_Src_Lst))
and       DECODE(@Curr_Type,'F',tr.TRXN_FUNC_AM,tr.TRXN_BASE_AM) >=@Min_Individual_Trans_Amt 
AND       tr.MANTAS_TRXN_PRDCT_CD in (@Incl_BO_Trxn_Prdct_Type_Lst)
and       tr.MANTAS_TRXN_PURP_CD = 'GENERAL'
AND       tr.CXL_PAIR_TRXN_INTRL_ID is null
--31536090 
and tr.EXCTN_DT >= (select Min_Dt from clndr_vw) and tr.EXCTN_DT <= (select Max_Dt from clndr_vw)
and tr.DATA_DUMP_DT >= (select Min_Dt from clndr_vw) and tr.DATA_DUMP_DT <= (select Max_Dt from clndr_vw)
and (@Include_Related_Parties_Fl = 'Y' or (tr.UNRLTD_PARTY_CD IS NOT NULL))
and (@Include_Trusted_Trans_FL = 'Y' or COALESCE(tr.TRSTD_TRXN_FL,'N') ='N')

) t 
 GROUP BY  t.cust_id
having 
      --31536090 
      max(t.dump_dt) > (select Freq_Dt from clndr_vw) and max(t.dump_dt) <= (select Max_Dt from clndr_vw)
) g 
where
 (( Overall_Risk = 'HR' and 
    SEASONED_CUST_FL = 1 and
   (g.Tot_Trxn_Am_Cdt >= @HR_Seasoned_Amt or g.Tot_Trxn_Am_Dbt >= @HR_Seasoned_Amt)
   )
    or
    (Overall_Risk = 'MR' and 
    SEASONED_CUST_FL = 1 and
       (g.Tot_Trxn_Am_Cdt >= @MR_Seasoned_Amt or g.Tot_Trxn_Am_Dbt >= @MR_Seasoned_Amt))
    or
    ( Overall_Risk = 'RR'and 
    SEASONED_CUST_FL = 1 and
       (g.Tot_Trxn_Am_Cdt >= @RR_Seasoned_Amt or g.Tot_Trxn_Am_Dbt >= @RR_Seasoned_Amt))
    or
    (Overall_Risk = 'HR' and
     SEASONED_CUST_FL = 0 and
       (g.Tot_Trxn_Am_Cdt >= @HR_New_Amt or g.Tot_Trxn_Am_Dbt >= @HR_New_Amt))
    or
    (Overall_Risk = 'MR' and
     SEASONED_CUST_FL = 0 and
       (g.Tot_Trxn_Am_Cdt >= @MR_New_Amt or g.Tot_Trxn_Am_Dbt >= @MR_New_Amt))
    or
    ( Overall_Risk = 'RR'and
     SEASONED_CUST_FL = 0 and
       (g.Tot_Trxn_Am_Cdt >= @RR_New_Amt or g.Tot_Trxn_Am_Dbt >= @RR_New_Amt)))
 ) ot ORDER BY ot.CUST_SEQ_ID 
05/21/2026 12:24:36 DEBUG : Thread ID = 139648306579200:  Rule Matcher:   File = dscursor.cc:  Line = 748:  Preparing to select from dataset 114016597 
05/21/2026 12:24:36 DEBUG : Thread ID = 139648306579200:  Rule Matcher:   File = dscursor.cc:  Line = 754:  SELECT  ot.CUST_SEQ_ID, ot.LRF_PRCTG, ot.CUST_ID, ot.TOT_TRXN_CT_DBT, ot.TOT_TRXN_AM_DBT, ot.ACTVY_RISK, ot.TOT_TRXN_CT_CDT, ot.TOT_TRXN_CT, ot.TOT_TRXN_AM_CDT, ot.TOT_TRXN_AM, ot.HR_PRCTG, ot.OVERALL_RISK, ot.PASS_THRU_PRCTG, ot.SEASONED_CUST_FL, ot.EFFCTV_RISK, ot.CUST_ACCT_CT, ot.TRUSTED_TRANS_AMT, ot.FUNC_CRNCY_CD FROM (--Bug#33838789 Performance update, verification of the same CU in legs
--Bug#31536090 Performance update, splitting BENE/SCND BENE/ ORIG/SCND ORIG to separate UNION ALL parts
--OFSAABD-17684
with clndr_vw as ( --Bug#31536090 
select
(select cal.clndr_dt from fccmatomic.KDD_CAL cal where cal.CLNDR_NM = 'SYSCAL' and cal.CLNDR_DAY_AGE = 14 - 1) as Min_Dt,
(select cal.clndr_dt from fccmatomic.KDD_CAL cal where cal.CLNDR_NM = 'SYSCAL' and cal.CLNDR_DAY_AGE = 0) as Max_Dt,
(select add_days(cal.CLNDR_DT, -7) from fccmatomic.KDD_CAL cal where cal.CLNDR_NM = 'SYSCAL' and cal.CLNDR_DAY_AGE = 0) as  Freq_Dt,
(select add_days(cal.CLNDR_DT, -90) from fccmatomic.KDD_CAL cal where cal.CLNDR_NM = 'SYSCAL' and cal.CLNDR_DAY_AGE = 0) as Max_Days_Opened_Dt
FROM dual
),

Wire_Trxn_Vw as
(SELECT  
          tr.BENEF_ACCT_ID,
          tr.SCND_BENEF_ACCT_ID,
          tr.ORIG_ACCT_ID,
          tr.SCND_ORIG_ACCT_ID,
          tr.data_dump_dt,
          DECODE('B','F',tr.TRXN_FUNC_AM,tr.TRXN_BASE_AM) as Trxn_Am,
          tr.BENEF_ACTVY_RISK_NB,
          tr.SCND_BENEF_ACTVY_RISK_NB,
          tr.ORIG_ACTVY_RISK_NB,
          tr.SCND_ORIG_ACTVY_RISK_NB,
          tr.INTRL_BENEF_ACCT_FL,
          tr.INTRL_SCND_BENEF_ACCT_FL,
          tr.INTRL_ORIG_ACCT_FL,          
          tr.INTRL_SCND_ORIG_ACCT_FL,
          (CASE WHEN tr.PASS_THRU_FL='Y' THEN DECODE('B','F',tr.TRXN_FUNC_AM,tr.TRXN_BASE_AM) ELSE 0 END) PASS_THRU_AMT,        
          (CASE WHEN DECODE('B','F',tr.TRXN_FUNC_AM,tr.TRXN_BASE_AM) - TRUNC(DECODE('B','F',tr.TRXN_FUNC_AM,tr.TRXN_BASE_AM), -4) = 0 THEN DECODE('B','F',tr.TRXN_FUNC_AM,tr.TRXN_BASE_AM) 
                 WHEN tr.RCV_TRXN_ACTVY_AM - TRUNC(tr.RCV_TRXN_ACTVY_AM, -4) = 0 THEN DECODE('B','F',tr.TRXN_FUNC_AM,tr.TRXN_BASE_AM)
                 WHEN tr.SEND_TRXN_ACTVY_AM - TRUNC(tr.SEND_TRXN_ACTVY_AM, -4) = 0 THEN DECODE('B','F',tr.TRXN_FUNC_AM,tr.TRXN_BASE_AM)
                 ELSE 0 END) LRF_AMT,
	      	case when tr.TRSTD_TRXN_FL = 'Y' then DECODE('B','F',tr.TRXN_FUNC_AM,tr.TRXN_BASE_AM) else 0 end as Trusted_Trans_Amt,
          tr.FUNC_CRNCY_CD 				 
FROM      fccmatomic.WIRE_TRXN tr
WHERE
   ('Y'='Y' OR tr.SRC_SYS_CD IN ('Inactive'))
and DECODE('B','F',tr.TRXN_FUNC_AM,tr.TRXN_BASE_AM) >=3000
AND tr.MANTAS_TRXN_PRDCT_CD in ('EFT-ACH', 'EFT-TREASURY', 'EFT-FEDWIRE', 'EFT-SWIFT', 'EFT-OTHER','EST')
and tr.MANTAS_TRXN_PURP_CD = 'GENERAL'
--31536090 
and tr.TRXN_EXCTN_DT >= (select Min_Dt from clndr_vw) and tr.TRXN_EXCTN_DT <= (select Max_Dt from clndr_vw)
and tr.DATA_DUMP_DT >= (select Min_Dt from clndr_vw) and tr.DATA_DUMP_DT <= (select Max_Dt from clndr_vw)
and ('Y' = 'Y' or   (tr.UNRLTD_PARTY_FL = 'Y' or tr.UNRLTD_PARTY_FL IS NULL))
and ('Y' = 'Y' or NOT(tr.BANK_TO_BANK_TRNFR_FL = 'Y' and tr.PASS_THRU_FL = 'N'))
and ('Y' = 'Y' or COALESCE(tr.TRSTD_TRXN_FL,'N') ='N')
and tr.CXL_PAIR_TRXN_INTRL_ID is null
),

Mi_Trxn_Vw as
(SELECT
          tr.BENEF_ACCT_ID,
          tr.SCND_BENEF_ACCT_ID,
          tr.REM_ACCT_ID,
          tr.data_dump_dt,
          --21153210
          tr.MANTAS_POST_DT,
          tr.MANTAS_ISSUE_DATE,
          DECODE('B','F',tr.TRXN_FUNC_AM,tr.TRXN_BASE_AM) as Trxn_Am,
          tr.BENEF_ACTVY_RISK_NB,
          tr.SCND_BENEF_ACTVY_RISK_NB,
          tr.REM_ACTVY_RISK_NB,
          tr.INTRL_BENEF_ACCT_FL,
          tr.INTRL_SCND_BENEF_ACCT_FL,
          tr.INTRL_REM_ACCT_FL,
          (CASE WHEN tr.PASS_THRU_FL='Y' THEN DECODE('B','F',tr.TRXN_FUNC_AM,tr.TRXN_BASE_AM) ELSE 0 END) PASS_THRU_AMT,        
          (CASE WHEN DECODE('B','F',tr.TRXN_FUNC_AM,tr.TRXN_BASE_AM) - TRUNC(DECODE('B','F',tr.TRXN_FUNC_AM,tr.TRXN_BASE_AM), -4) = 0 THEN DECODE('B','F',tr.TRXN_FUNC_AM,tr.TRXN_BASE_AM) 
                 WHEN tr.CLR_TRXN_ACTVY_AM - TRUNC(tr.CLR_TRXN_ACTVY_AM, -4) = 0 THEN DECODE('B','F',tr.TRXN_FUNC_AM,tr.TRXN_BASE_AM)
                 WHEN tr.DEP_TRXN_ACTVY_AM - TRUNC(tr.DEP_TRXN_ACTVY_AM, -4) = 0 THEN DECODE('B','F',tr.TRXN_FUNC_AM,tr.TRXN_BASE_AM)
                 WHEN tr.ISSUE_TRXN_ACTVY_AM - TRUNC(tr.ISSUE_TRXN_ACTVY_AM, -4) = 0 THEN DECODE('B','F',tr.TRXN_FUNC_AM,tr.TRXN_BASE_AM)
                 ELSE 0 END) LRF_AMT,
				  case when tr.TRSTD_TRXN_FL = 'Y' then DECODE('B','F',tr.TRXN_FUNC_AM,tr.TRXN_BASE_AM) else 0 end as Trusted_Trans_Amt,
          tr.FUNC_CRNCY_CD
FROM      fccmatomic.MI_TRXN tr

WHERE
   ('Y'='Y' OR tr.SRC_SYS_CD IN ('Inactive'))
and tr.MANTAS_TRXN_PURP_CD = 'GENERAL'
and tr.MANTAS_TRXN_PRDCT_CD in ('CASH-EQ-CASHIER-CHECK', 'CASH-EQ-CERT-CHECK', 'CASH-EQ-MONEY-ORDER', 'CASH-EQ-TRAVELERS-CHECK', 'CASH-EQ-OTHER', 'CASH-LETTER', 'CHECK', 'PAPER-OTHER', 'CHECK-ACH')
and DECODE('B','F',tr.TRXN_FUNC_AM,tr.TRXN_BASE_AM) >=3000
--31536090 
--21153210
--and tr.MANTAS_POST_DT IN (SELECT KC.CLNDR_DT FROM fccmatomic.KDD_CAL KC WHERE KC.CLNDR_NM='SYSCAL' AND KC.CLNDR_DAY_AGE between 0 and 14 - 1)
and tr.DATA_DUMP_DT >= (select Min_Dt from clndr_vw) and tr.DATA_DUMP_DT <= (select Max_Dt from clndr_vw)
and ('Y' = 'Y' or   (tr.UNRLTD_PARTY_FL = 'Y' or tr.UNRLTD_PARTY_FL IS NULL))
and ('Y' = 'Y' or NOT(tr.BANK_TO_BANK_TRNFR_FL = 'Y' and tr.PASS_THRU_FL = 'N'))
and ('Y' = 'Y' or COALESCE(tr.TRSTD_TRXN_FL,'N') ='N')
and tr.CXL_PAIR_TRXN_INTRL_ID is null
),

--27476375 
Cust_Accounts as
(SELECT 
        c.CUST_SEQ_ID,
        ac.PRMRY_CUST_INTRL_ID CUST_ID,
        ac.ACCT_INTRL_ID,
        c.CUST_EFCTV_RISK_NB,
        min(ac.ACCT_OPEN_DT) over (partition by c.CUST_SEQ_ID) Min_Acct_Open_Dt
        
FROM        
 fccmatomic.ACCT ac,
 fccmatomic.CUST c 
WHERE     
    c.CUST_INTRL_ID = ac.PRMRY_CUST_INTRL_ID
AND ac.MANTAS_ACCT_HOLDR_TYPE_CD in ('CR')
AND c.CUST_EFCTV_RISK_NB <> -2 
AND ac.MANTAS_ACCT_BUS_TYPE_CD in ('RBK', 'RBR')
AND ('N' = 'Y' or c.JRSDCN_CD in ('AIIN'))
AND 'Y' = 'Y'

UNION ALL
SELECT 
        c.CUST_SEQ_ID,
        c.CUST_INTRL_ID CUST_ID,
        ac.ACCT_INTRL_ID,
        c.CUST_EFCTV_RISK_NB,
        min(ac.ACCT_OPEN_DT) over (partition by c.CUST_SEQ_ID) Min_Acct_Open_Dt
FROM        
  fccmatomic.ACCT ac,
  fccmatomic.CUST_ACCT ca, 
  fccmatomic.CUST c,
  fccmatomic.CUST_ACCT_ROLE car
WHERE     
    ac.ACCT_INTRL_ID = ca.ACCT_INTRL_ID
AND ca.CUST_INTRL_ID = c.CUST_INTRL_ID
AND ca.CUST_ACCT_ROLE_CD = car.CUST_ACCT_ROLE_CD
AND ac.MANTAS_ACCT_HOLDR_TYPE_CD in ('CR')
AND c.CUST_EFCTV_RISK_NB <> -2 
AND ac.MANTAS_ACCT_BUS_TYPE_CD in ('RBK', 'RBR')
AND ('N' = 'Y' or c.JRSDCN_CD in ('AIIN'))
AND (car.TRDNG_AUTH_FL = 'Y' or car.WDRWL_AUTH_FL = 'Y' or car.POA_FL = 'Y')
AND 'Y' = 'N'
)

select 
       g.cust_seq_id
     , g.cust_id
     , g.Cust_Acct_Ct
     , g.SEASONED_CUST_FL
     , g.Tot_Trxn_Am_Cdt
     , g.Tot_trxn_ct_cdt
     , g.Tot_trxn_am_dbt
     , g.Tot_trxn_ct_dbt
     , g.Tot_trxn_am
     , g.Tot_trxn_ct
     , g.ACTVY_RISK
     , g.effctv_risk
     , g.Hr_Prctg, 
       g.Lrf_Prctg, 
       g.Pass_Thru_Prctg ,
       g.Overall_Risk
	 , g.Trusted_Trans_Amt
   , g.FUNC_CRNCY_CD
from 
(
SELECT
 max(t.cust_seq_id) AS cust_seq_id,
 t.cust_id,
 COUNT(DISTINCT t.acct_intrl_id) AS cust_acct_ct,
 MAX(SEAS_FL) SEASONED_CUST_FL,
 SUM(t.d_amt_cdt) AS tot_trxn_am_cdt,
 SUM(t.d_ct_cdt) AS tot_trxn_ct_cdt,
 SUM(t.d_amt_dbt) AS tot_trxn_am_dbt,
 SUM(t.d_ct_dbt) AS tot_trxn_ct_dbt,
 SUM(t.d_amt_cdt) + SUM(t.d_amt_dbt) AS tot_trxn_am,
 SUM(t.d_ct_cdt) + SUM(t.d_ct_dbt) AS tot_trxn_ct, 
 SUM(t.hr_amt) AS tot_hr_amt,
 SUM(t.lrf_amt) AS tot_lrf_amt,
 SUM(t.pass_thru_amt) AS tot_pass_thru_amt,
 MAX(t.activity_risk) AS ACTVY_RISK,
 MAX(t.effctv_risk) AS EFFCTV_RISK,
 CASE WHEN SUM(t.d_amt_cdt) + SUM(t.d_amt_dbt) = 0 THEN 0
  ELSE (SUM(t.hr_amt)*100) / (SUM(t.d_amt_cdt) + SUM(t.d_amt_dbt))
 END AS Hr_Prctg, 
 CASE WHEN SUM(t.d_amt_cdt) + SUM(t.d_amt_dbt) = 0 THEN 0
  ELSE (sum(t.lrf_amt)*100) / (SUM(t.d_amt_cdt) + SUM(t.d_amt_dbt))
 END AS Lrf_Prctg, 
 CASE WHEN SUM(t.d_amt_cdt) + SUM(t.d_amt_dbt) = 0 THEN 0
  ELSE (sum(t.pass_thru_amt)*100) / (SUM(t.d_amt_cdt) + SUM(t.d_amt_dbt))
 END AS Pass_Thru_Prctg ,
 CASE WHEN (max(t.effctv_risk) >= 5 AND max(t.activity_risk) >= 5) THEN 'HR'
      WHEN (max(t.effctv_risk) < 5 AND max(t.activity_risk) < 5) THEN 'RR'
    ELSE 'MR' 
 END AS OVERALL_RISK,
 sum(t.Trusted_Trans_Amt) as Trusted_Trans_Amt,
 max(t.FUNC_CRNCY_CD) as FUNC_CRNCY_CD

FROM (
-- WIRE Credit BENE 
SELECT 
          ca.CUST_SEQ_ID,
          ca.CUST_ID,
          ca.ACCT_INTRL_ID,
          tr.data_dump_dt as Dump_Dt,
          ca.CUST_EFCTV_RISK_NB AS effctv_risk,
          --31536090 
          CASE WHEN (ca.Min_Acct_Open_Dt) >= (select Max_Days_Opened_Dt from clndr_vw) THEN 0 
           ELSE 1 END SEAS_FL,
          tr.Trxn_Am AS d_amt_cdt,
          1 AS d_ct_cdt,
          0 AS d_amt_dbt,
          0 AS d_ct_dbt,
          --21153210
          CASE WHEN (tr.BENEF_ACCT_ID = ca.ACCT_INTRL_ID AND tr.INTRL_BENEF_ACCT_FL = 'Y')
               THEN tr.BENEF_ACTVY_RISK_NB 
               ELSE tr.SCND_BENEF_ACTVY_RISK_NB END ACTIVITY_RISK,
         (CASE WHEN
                 (tr.BENEF_ACCT_ID = ca.ACCT_INTRL_ID AND tr.INTRL_BENEF_ACCT_FL = 'Y' and tr.BENEF_ACTVY_RISK_NB > 5)  
                 OR
                 (tr.SCND_BENEF_ACCT_ID = ca.ACCT_INTRL_ID AND  tr.INTRL_SCND_BENEF_ACCT_FL = 'Y' AND tr.SCND_BENEF_ACTVY_RISK_NB > 5)
               THEN tr.Trxn_Am
               ELSE 0 END) HR_AMT,    
          tr.PASS_THRU_AMT,        
          tr.LRF_AMT,
		      tr.Trusted_Trans_Amt,
          tr.FUNC_CRNCY_CD				 
FROM      Wire_Trxn_Vw tr,
          Cust_Accounts ca
          
WHERE     
--21153210
--31536090 
(tr.BENEF_ACCT_ID = ca.ACCT_INTRL_ID AND tr.INTRL_BENEF_ACCT_FL = 'Y')

UNION ALL

-- WIRE Credit SCND_BENE 
SELECT 
          ca.CUST_SEQ_ID,
          ca.CUST_ID,
          ca.ACCT_INTRL_ID,
          tr.data_dump_dt as Dump_Dt,
          ca.CUST_EFCTV_RISK_NB AS effctv_risk,
          --31536090 
          CASE WHEN (ca.Min_Acct_Open_Dt) >= (select Max_Days_Opened_Dt from clndr_vw) THEN 0 
           ELSE 1 END SEAS_FL,
          tr.Trxn_Am AS d_amt_cdt,
          1 AS d_ct_cdt,
          0 AS d_amt_dbt,
          0 AS d_ct_dbt,
          --21153210
          CASE WHEN (tr.BENEF_ACCT_ID = ca.ACCT_INTRL_ID AND tr.INTRL_BENEF_ACCT_FL = 'Y')
               THEN tr.BENEF_ACTVY_RISK_NB 
               ELSE tr.SCND_BENEF_ACTVY_RISK_NB END ACTIVITY_RISK,
         (CASE WHEN
                 (tr.BENEF_ACCT_ID = ca.ACCT_INTRL_ID AND tr.INTRL_BENEF_ACCT_FL = 'Y' and tr.BENEF_ACTVY_RISK_NB > 5)  
                 OR
                 (tr.SCND_BENEF_ACCT_ID = ca.ACCT_INTRL_ID AND  tr.INTRL_SCND_BENEF_ACCT_FL = 'Y' AND tr.SCND_BENEF_ACTVY_RISK_NB > 5)
               THEN tr.Trxn_Am
               ELSE 0 END) HR_AMT,    
          tr.PASS_THRU_AMT,        
          tr.LRF_AMT,
		      tr.Trusted_Trans_Amt,
          tr.FUNC_CRNCY_CD				 
FROM      Wire_Trxn_Vw tr,
          Cust_Accounts ca
          
WHERE     
--21153210, 31536090,         
tr.SCND_BENEF_ACCT_ID = ca.ACCT_INTRL_ID AND tr.INTRL_SCND_BENEF_ACCT_FL = 'Y'
-- 33838789 
 -- verification that accounts in SCND_BENE and BENE are not impacted to the same Customer
and (case when tr.INTRL_BENEF_ACCT_FL <> 'Y'  then 1
          when ca.CUST_ID not in (select ca2.CUST_ID from Cust_Accounts ca2 where ca2.ACCT_INTRL_ID = COALESCE(tr.BENEF_ACCT_ID, 'NULL')) then 1
          else 0 end) = 1

UNION ALL

-- WIRE Debit ORIG 
SELECT 
          ca.CUST_SEQ_ID,
          ca.CUST_ID,
          ca.ACCT_INTRL_ID,
          tr.data_dump_dt as Dump_Dt,
          ca.CUST_EFCTV_RISK_NB AS effctv_risk,
          --31536090 
          CASE WHEN (ca.Min_Acct_Open_Dt) >= (select Max_Days_Opened_Dt from clndr_vw) THEN 0 
           ELSE 1 END SEAS_FL,
          0 AS d_amt_cdt,
          0 AS d_ct_cdt,
          tr.Trxn_Am AS d_amt_dbt,
          1 AS d_ct_dbt,
          --21153210
          CASE WHEN (tr.ORIG_ACCT_ID = ca.ACCT_INTRL_ID AND tr.INTRL_ORIG_ACCT_FL = 'Y')
               THEN tr.ORIG_ACTVY_RISK_NB 
               ELSE tr.SCND_ORIG_ACTVY_RISK_NB END ACTIVITY_RISK,
          (CASE WHEN
                 (tr.ORIG_ACCT_ID = ca.ACCT_INTRL_ID AND tr.INTRL_ORIG_ACCT_FL = 'Y' and tr.ORIG_ACTVY_RISK_NB > 5)  OR
                 (tr.SCND_ORIG_ACCT_ID = ca.ACCT_INTRL_ID AND  tr.INTRL_SCND_ORIG_ACCT_FL = 'Y' AND tr.SCND_ORIG_ACTVY_RISK_NB > 5)
                 THEN tr.Trxn_Am
                 ELSE 0 END) HR_AMT,           
          tr.PASS_THRU_AMT,        
          tr.LRF_AMT,
		      tr.Trusted_Trans_Amt,
          tr.FUNC_CRNCY_CD				 
FROM      Wire_Trxn_Vw tr,
          Cust_Accounts ca
WHERE     
--21153210, 31536090 

tr.ORIG_ACCT_ID = ca.ACCT_INTRL_ID AND tr.INTRL_ORIG_ACCT_FL = 'Y'

UNION ALL

-- WIRE Debit SCND_ORIG 
SELECT 
          ca.CUST_SEQ_ID,
          ca.CUST_ID,
          ca.ACCT_INTRL_ID,
          tr.data_dump_dt as Dump_Dt,
          ca.CUST_EFCTV_RISK_NB AS effctv_risk,
          --31536090 
          CASE WHEN (ca.Min_Acct_Open_Dt) >= (select Max_Days_Opened_Dt from clndr_vw) THEN 0 
           ELSE 1 END SEAS_FL,
          0 AS d_amt_cdt,
          0 AS d_ct_cdt,
          tr.Trxn_Am AS d_amt_dbt,
          1 AS d_ct_dbt,
          --21153210
          CASE WHEN (tr.ORIG_ACCT_ID = ca.ACCT_INTRL_ID AND tr.INTRL_ORIG_ACCT_FL = 'Y')
               THEN tr.ORIG_ACTVY_RISK_NB 
               ELSE tr.SCND_ORIG_ACTVY_RISK_NB END ACTIVITY_RISK,
          (CASE WHEN
                 (tr.ORIG_ACCT_ID = ca.ACCT_INTRL_ID AND tr.INTRL_ORIG_ACCT_FL = 'Y' and tr.ORIG_ACTVY_RISK_NB > 5)  OR
                 (tr.SCND_ORIG_ACCT_ID = ca.ACCT_INTRL_ID AND  tr.INTRL_SCND_ORIG_ACCT_FL = 'Y' AND tr.SCND_ORIG_ACTVY_RISK_NB > 5)
                 THEN tr.Trxn_Am
                 ELSE 0 END) HR_AMT,           
          tr.PASS_THRU_AMT,        
          tr.LRF_AMT,
		      tr.Trusted_Trans_Amt,
          tr.FUNC_CRNCY_CD				 
FROM      Wire_Trxn_Vw tr,
          Cust_Accounts ca
WHERE     
--21153210,31536090 
tr.SCND_ORIG_ACCT_ID = ca.ACCT_INTRL_ID AND tr.INTRL_SCND_ORIG_ACCT_FL = 'Y'
--33838789 verification that accounts in SCND_ORIG and ORIG are not impacted to the same Customer
and (case when tr.INTRL_ORIG_ACCT_FL <> 'Y'  then 1
          when ca.CUST_ID not in (select ca2.CUST_ID from Cust_Accounts ca2 where ca2.ACCT_INTRL_ID = COALESCE(tr.ORIG_ACCT_ID, 'NULL')) then 1
          else 0 end) = 1

UNION ALL
-- MI Credit BENE 
SELECT 
          ca.CUST_SEQ_ID,
          ca.CUST_ID,
          ca.acct_intrl_id,
          tr.data_dump_dt as Dump_Dt,
          ca.CUST_EFCTV_RISK_NB AS effctv_risk,
          --31536090 
          CASE WHEN (ca.Min_Acct_Open_Dt) >= (select Max_Days_Opened_Dt from clndr_vw) THEN 0 
           ELSE 1 END SEAS_FL,
          tr.Trxn_Am AS d_amt_cdt,
          1 AS d_ct_cdt,
          0 AS d_amt_dbt,
          0 AS d_ct_dbt,
          --21153210
          CASE WHEN (tr.BENEF_ACCT_ID = ca.ACCT_INTRL_ID AND tr.INTRL_BENEF_ACCT_FL = 'Y')
               THEN tr.BENEF_ACTVY_RISK_NB 
               ELSE tr.SCND_BENEF_ACTVY_RISK_NB END ACTIVITY_RISK,
         (CASE WHEN
                 (tr.BENEF_ACCT_ID = ca.ACCT_INTRL_ID AND tr.INTRL_BENEF_ACCT_FL = 'Y' and tr.BENEF_ACTVY_RISK_NB > 5)  
                 OR
                 (tr.SCND_BENEF_ACCT_ID = ca.ACCT_INTRL_ID AND  tr.INTRL_SCND_BENEF_ACCT_FL = 'Y' AND tr.SCND_BENEF_ACTVY_RISK_NB > 5)
               THEN tr.Trxn_Am
               ELSE 0 END) HR_AMT,    
          tr.PASS_THRU_AMT,        
          tr.LRF_AMT,
				  tr.Trusted_Trans_Amt,
          tr.FUNC_CRNCY_CD
FROM      Mi_Trxn_Vw tr,
          Cust_Accounts ca
WHERE     
--21153210, 31536090 
tr.BENEF_ACCT_ID = ca.ACCT_INTRL_ID AND tr.INTRL_BENEF_ACCT_FL = 'Y'
and tr.MANTAS_POST_DT >= (select Min_Dt from clndr_vw) and tr.MANTAS_POST_DT <= (select Max_Dt from clndr_vw)

UNION ALL

-- MI Credit SCND_BENE 
SELECT 
          ca.CUST_SEQ_ID,
          ca.CUST_ID,
          ca.acct_intrl_id,
          tr.data_dump_dt as Dump_Dt,
          ca.CUST_EFCTV_RISK_NB AS effctv_risk,
          --31536090 
          CASE WHEN (ca.Min_Acct_Open_Dt) >= (select Max_Days_Opened_Dt from clndr_vw) THEN 0 
           ELSE 1 END SEAS_FL,
          tr.Trxn_Am AS d_amt_cdt,
          1 AS d_ct_cdt,
          0 AS d_amt_dbt,
          0 AS d_ct_dbt,
          --21153210
          CASE WHEN (tr.BENEF_ACCT_ID = ca.ACCT_INTRL_ID AND tr.INTRL_BENEF_ACCT_FL = 'Y')
               THEN tr.BENEF_ACTVY_RISK_NB 
               ELSE tr.SCND_BENEF_ACTVY_RISK_NB END ACTIVITY_RISK,
         (CASE WHEN
                 (tr.BENEF_ACCT_ID = ca.ACCT_INTRL_ID AND tr.INTRL_BENEF_ACCT_FL = 'Y' and tr.BENEF_ACTVY_RISK_NB > 5)  
                 OR
                 (tr.SCND_BENEF_ACCT_ID = ca.ACCT_INTRL_ID AND  tr.INTRL_SCND_BENEF_ACCT_FL = 'Y' AND tr.SCND_BENEF_ACTVY_RISK_NB > 5)
               THEN tr.Trxn_Am
               ELSE 0 END) HR_AMT,    
          tr.PASS_THRU_AMT,        
          tr.LRF_AMT,
				  tr.Trusted_Trans_Amt,
          tr.FUNC_CRNCY_CD
FROM      Mi_Trxn_Vw tr,
          Cust_Accounts ca
WHERE     
--21153210, 31536090 
tr.SCND_BENEF_ACCT_ID = ca.ACCT_INTRL_ID AND tr.INTRL_SCND_BENEF_ACCT_FL = 'Y'
--33838789 verification that accounts in SCND_BENE and BENE are not impacted to the same Customer
and (case when tr.INTRL_BENEF_ACCT_FL <> 'Y'  then 1
           when ca.CUST_ID not in (select ca2.CUST_ID from Cust_Accounts ca2 where ca2.ACCT_INTRL_ID = COALESCE(tr.BENEF_ACCT_ID, 'NULL')) then 1
         else 0 end) = 1

and tr.MANTAS_POST_DT >= (select Min_Dt from clndr_vw) and tr.MANTAS_POST_DT <= (select Max_Dt from clndr_vw)


UNION ALL
-- MI Debit 
SELECT
          ca.CUST_SEQ_ID,
          ca.CUST_ID,
          ca.acct_intrl_id,
          tr.data_dump_dt as Dump_Dt,
          ca.CUST_EFCTV_RISK_NB AS effctv_risk,
          --31536090 
          CASE WHEN (ca.Min_Acct_Open_Dt) >= (select Max_Days_Opened_Dt from clndr_vw) THEN 0 
           ELSE 1 END SEAS_FL,
          0 AS d_amt_cdt,
          0 AS d_ct_cdt,
          tr.Trxn_Am AS d_amt_dbt,
          1 AS d_ct_dbt,
          tr.REM_ACTVY_RISK_NB ACTIVITY_RISK,
          (CASE WHEN tr.REM_ACTVY_RISK_NB > 5
                 THEN tr.Trxn_Am
                 ELSE 0 END) HR_AMT,                 
          tr.PASS_THRU_AMT,        
          tr.LRF_AMT,
				  tr.Trusted_Trans_Amt,
          tr.FUNC_CRNCY_CD
FROM      Mi_Trxn_Vw tr,
          Cust_Accounts ca

WHERE     tr.REM_ACCT_ID = ca.ACCT_INTRL_ID
and tr.INTRL_REM_ACCT_FL = 'Y'
--21153210, 31536090 
and tr.MANTAS_ISSUE_DATE >= (select Min_Dt from clndr_vw) and tr.MANTAS_ISSUE_DATE <= (select Max_Dt from clndr_vw)

UNION ALL
-- Cash Credit/Debit  
SELECT 
          ca.CUST_SEQ_ID,
          ca.CUST_ID,
          ca.acct_intrl_id,
          tr.data_dump_dt as Dump_Dt,
          ca.CUST_EFCTV_RISK_NB AS effctv_risk,
          --31536090 
          CASE WHEN (ca.Min_Acct_Open_Dt) >= (select Max_Days_Opened_Dt from clndr_vw) THEN 0 
           ELSE 1 END SEAS_FL,
          case when tr.DBT_CDT_CD = 'C' then DECODE('B','F',tr.TRXN_FUNC_AM,tr.TRXN_BASE_AM) else 0 end AS d_amt_cdt,
          case when tr.DBT_CDT_CD = 'C' then 1 else 0 end AS d_ct_cdt,
          case when tr.DBT_CDT_CD = 'D' then DECODE('B','F',tr.TRXN_FUNC_AM,tr.TRXN_BASE_AM) else 0 end AS d_amt_dbt,
          case when tr.DBT_CDT_CD = 'D' then 1 else 0 end AS d_ct_dbt,
          tr.CASH_TRXN_ACTVY_RISK_NB ACTIVITY_RISK,
          (CASE WHEN tr.CASH_TRXN_ACTVY_RISK_NB > 5
                 THEN DECODE('B','F',tr.TRXN_FUNC_AM,tr.TRXN_BASE_AM)
                 ELSE 0 END) HR_AMT,                 
        0 PASS_THRU_AMT,        
        (CASE WHEN DECODE('B','F',tr.TRXN_FUNC_AM,tr.TRXN_BASE_AM) - TRUNC(DECODE('B','F',tr.TRXN_FUNC_AM,tr.TRXN_BASE_AM), -4) = 0 THEN DECODE('B','F',tr.TRXN_FUNC_AM,tr.TRXN_BASE_AM) 
                 WHEN tr.TRXN_ACTVY_AM - TRUNC(tr.TRXN_ACTVY_AM, -4) = 0 THEN DECODE('B','F',tr.TRXN_FUNC_AM,tr.TRXN_BASE_AM)
                 ELSE 0 END) LRF_AMT
		,0 as Trusted_Trans_Amt
        ,tr.FUNC_CRNCY_CD
FROM      fccmatomic.CASH_TRXN tr,
          Cust_Accounts ca

WHERE     tr.ACCT_INTRL_ID = ca.ACCT_INTRL_ID
AND       ('Y'='Y' OR tr.SRC_SYS_CD IN ('Inactive'))
and       tr.MANTAS_TRXN_PURP_CD = 'GENERAL'
and       tr.MANTAS_TRXN_PRDCT_CD in ('DEBIT-CARD', 'SVC', 'CREDIT-CARD', 'CURRENCY', 'PHYS')
and       DECODE('B','F',tr.TRXN_FUNC_AM,tr.TRXN_BASE_AM) >=3000
--31536090 
and tr.TRXN_EXCTN_DT >= (select Min_Dt from clndr_vw) and tr.TRXN_EXCTN_DT <= (select Max_Dt from clndr_vw)
and tr.DATA_DUMP_DT >= (select Min_Dt from clndr_vw) and tr.DATA_DUMP_DT <= (select Max_Dt from clndr_vw)
and tr.CXL_PAIR_TRXN_INTRL_ID is null

UNION ALL
-- Jrnl Credit/Debit 
SELECT 
          ca.CUST_SEQ_ID,
          ca.CUST_ID,
          ca.acct_intrl_id,
          tr.data_dump_dt as Dump_Dt,
          ca.CUST_EFCTV_RISK_NB AS effctv_risk,
          --31536090 
          CASE WHEN (ca.Min_Acct_Open_Dt) >= (select Max_Days_Opened_Dt from clndr_vw) THEN 0 
           ELSE 1 END SEAS_FL,
          case when tr.DBT_CDT_CD = 'C' then DECODE('B','F',tr.TRXN_FUNC_AM,tr.TRXN_BASE_AM) else 0 end AS d_amt_cdt,
          case when tr.DBT_CDT_CD = 'C' then 1 else 0 end AS d_ct_cdt,
          case when tr.DBT_CDT_CD = 'D' then DECODE('B','F',tr.TRXN_FUNC_AM,tr.TRXN_BASE_AM) else 0 end AS d_amt_dbt,
          case when tr.DBT_CDT_CD = 'D' then 1 else 0 end AS d_ct_dbt,
          tr.BO_TRXN_ACTVY_RISK_NB ACTIVITY_RISK,
          (CASE WHEN tr.BO_TRXN_ACTVY_RISK_NB > 5
                 THEN DECODE('B','F',tr.TRXN_FUNC_AM,tr.TRXN_BASE_AM)
                 ELSE 0 END) HR_AMT,                 
        0 PASS_THRU_AMT,        
        (CASE WHEN DECODE('B','F',tr.TRXN_FUNC_AM,tr.TRXN_BASE_AM) - TRUNC(DECODE('B','F',tr.TRXN_FUNC_AM,tr.TRXN_BASE_AM), -4) = 0 THEN DECODE('B','F',tr.TRXN_FUNC_AM,tr.TRXN_BASE_AM) 
                 WHEN tr.TRXN_RPTNG_AM - TRUNC(tr.TRXN_RPTNG_AM, -4) = 0 THEN DECODE('B','F',tr.TRXN_FUNC_AM,tr.TRXN_BASE_AM)
                 ELSE 0 END) LRF_AMT
		,case when tr.TRSTD_TRXN_FL = 'Y' then DECODE('B','F',tr.TRXN_FUNC_AM,tr.TRXN_BASE_AM) else 0 end as Trusted_Trans_Amt	
        ,tr.FUNC_CRNCY_CD			 
FROM      fccmatomic.BACK_OFFICE_TRXN tr,
          Cust_Accounts ca
          
WHERE     ca.ACCT_INTRL_ID = tr.ACCT_INTRL_ID
AND       ('Y'='Y' OR tr.SRC_SYS_CD IN ('Inactive'))
and       DECODE('B','F',tr.TRXN_FUNC_AM,tr.TRXN_BASE_AM) >=3000 
AND       tr.MANTAS_TRXN_PRDCT_CD in ('JOURNAL')
and       tr.MANTAS_TRXN_PURP_CD = 'GENERAL'
AND       tr.CXL_PAIR_TRXN_INTRL_ID is null
--31536090 
and tr.EXCTN_DT >= (select Min_Dt from clndr_vw) and tr.EXCTN_DT <= (select Max_Dt from clndr_vw)
and tr.DATA_DUMP_DT >= (select Min_Dt from clndr_vw) and tr.DATA_DUMP_DT <= (select Max_Dt from clndr_vw)
and ('Y' = 'Y' or (tr.UNRLTD_PARTY_CD IS NOT NULL))
and ('Y' = 'Y' or COALESCE(tr.TRSTD_TRXN_FL,'N') ='N')

) t 
 GROUP BY  t.cust_id
having 
      --31536090 
      max(t.dump_dt) > (select Freq_Dt from clndr_vw) and max(t.dump_dt) <= (select Max_Dt from clndr_vw)
) g 
where
 (( Overall_Risk = 'HR' and 
    SEASONED_CUST_FL = 1 and
   (g.Tot_Trxn_Am_Cdt >= 250000 or g.Tot_Trxn_Am_Dbt >= 250000)
   )
    or
    (Overall_Risk = 'MR' and 
    SEASONED_CUST_FL = 1 and
       (g.Tot_Trxn_Am_Cdt >= 350000 or g.Tot_Trxn_Am_Dbt >= 350000))
    or
    ( Overall_Risk = 'RR'and 
    SEASONED_CUST_FL = 1 and
       (g.Tot_Trxn_Am_Cdt >= 250000 or g.Tot_Trxn_Am_Dbt >= 250000))
    or
    (Overall_Risk = 'HR' and
     SEASONED_CUST_FL = 0 and
       (g.Tot_Trxn_Am_Cdt >= 250000 or g.Tot_Trxn_Am_Dbt >= 250000))
    or
    (Overall_Risk = 'MR' and
     SEASONED_CUST_FL = 0 and
       (g.Tot_Trxn_Am_Cdt >= 250000 or g.Tot_Trxn_Am_Dbt >= 250000))
    or
    ( Overall_Risk = 'RR'and
     SEASONED_CUST_FL = 0 and
       (g.Tot_Trxn_Am_Cdt >= 250000 or g.Tot_Trxn_Am_Dbt >= 250000)))
 ) ot ORDER BY ot.CUST_SEQ_ID
05/21/2026 12:24:36 DEBUG : Thread ID = 139648306579200:  Rule Matcher:   File = RuleMatcher.cc:  Line = 395:  Matched Row (Clustered) Against Primary Rule: 
  Match State Id: 0
  Focal Entity: cust139
  Variables: 
    $CUST_ID = cust139
    $SEASONED_CUST_FL = 
    $EFFCTV_RISK = 0
    $CUST_ACCT_COUNT = 3
    $ACTVY_RISK = 5
    $TOT_TRXN_AM = 516481.83
    $TOT_TRXN_CT = 10
    $TOT_TRXN_BASE_AM_CDT = 227037.23
    $TOT_TRXN_FUNC_AM_CDT = 0
    $TOT_TRXN_BASE_AM_DBT = 289444.6
    $TOT_TRXN_FUNC_AM_DBT = 0
    $TOT_TRXN_CT_CDT = 4
    $TOT_TRXN_CT_DBT = 6
    $HR_PRCTG = 0
    $LRF_PRCTG = 0
    $PASS_THRU_PRCTG = 0
    $OVERALL_RISK = MR
    $CUSTOMER = cust139
    $Trusted_Trans_Amt = 0
    $Trusted_Trans_Prctg = 0
    $Prmry_Cust_Fl = Y
    $Prmry_Cust_Id = cust139
    $Alt_Currency_Code = 
 
05/21/2026 12:24:36 DEBUG : Thread ID = 139648306579200:  Rule Matcher:   File = RuleMatcher.cc:  Line = 415:  Checkpoint true, evaluating variables: 
 
05/21/2026 12:24:36 DEBUG : Thread ID = 139648306579200:  Rule Matcher:   File = RuleMatcher.cc:  Line = 395:  Matched Row (Clustered) Against Primary Rule: 
  Match State Id: 1
  Focal Entity: cust8617
  Variables: 
    $CUST_ID = cust8617
    $SEASONED_CUST_FL = 
    $EFFCTV_RISK = 0
    $CUST_ACCT_COUNT = 4
    $ACTVY_RISK = 5
    $TOT_TRXN_AM = 719669.35
    $TOT_TRXN_CT = 10
    $TOT_TRXN_BASE_AM_CDT = 371121.84
    $TOT_TRXN_FUNC_AM_CDT = 0
    $TOT_TRXN_BASE_AM_DBT = 348547.51
    $TOT_TRXN_FUNC_AM_DBT = 0
    $TOT_TRXN_CT_CDT = 5
    $TOT_TRXN_CT_DBT = 5
    $HR_PRCTG = 0
    $LRF_PRCTG = 0
    $PASS_THRU_PRCTG = 0
    $OVERALL_RISK = MR
    $CUSTOMER = cust8617
    $Trusted_Trans_Amt = 0
    $Trusted_Trans_Prctg = 0
    $Prmry_Cust_Fl = Y
    $Prmry_Cust_Id = cust8617
    $Alt_Currency_Code = 
 
05/21/2026 12:24:36 DEBUG : Thread ID = 139648306579200:  Rule Matcher:   File = RuleMatcher.cc:  Line = 415:  Checkpoint true, evaluating variables: 
 
05/21/2026 12:24:36 DEBUG : Thread ID = 139648306579200:  Rule Matcher:   File = RuleMatcher.cc:  Line = 395:  Matched Row (Clustered) Against Primary Rule: 
  Match State Id: 2
  Focal Entity: cust8849
  Variables: 
    $CUST_ID = cust8849
    $SEASONED_CUST_FL = 
    $EFFCTV_RISK = 0
    $CUST_ACCT_COUNT = 4
    $ACTVY_RISK = 5
    $TOT_TRXN_AM = 687409.58
    $TOT_TRXN_CT = 11
    $TOT_TRXN_BASE_AM_CDT = 362648.51
    $TOT_TRXN_FUNC_AM_CDT = 0
    $TOT_TRXN_BASE_AM_DBT = 324761.07
    $TOT_TRXN_FUNC_AM_DBT = 0
    $TOT_TRXN_CT_CDT = 6
    $TOT_TRXN_CT_DBT = 5
    $HR_PRCTG = 0
    $LRF_PRCTG = 0
    $PASS_THRU_PRCTG = 0
    $OVERALL_RISK = MR
    $CUSTOMER = cust8849
    $Trusted_Trans_Amt = 0
    $Trusted_Trans_Prctg = 0
    $Prmry_Cust_Fl = Y
    $Prmry_Cust_Id = cust8849
    $Alt_Currency_Code = 
 
05/21/2026 12:24:36 DEBUG : Thread ID = 139648306579200:  Rule Matcher:   File = RuleMatcher.cc:  Line = 415:  Checkpoint true, evaluating variables: 
 
05/21/2026 12:24:36 DEBUG : Thread ID = 139648306579200:  Rule Matcher:   File = RuleMatcher.cc:  Line = 395:  Matched Row (Clustered) Against Primary Rule: 
  Match State Id: 3
  Focal Entity: cust9
  Variables: 
    $CUST_ID = cust9
    $SEASONED_CUST_FL = 
    $EFFCTV_RISK = 0
    $CUST_ACCT_COUNT = 3
    $ACTVY_RISK = 5
    $TOT_TRXN_AM = 623966.19
    $TOT_TRXN_CT = 9
    $TOT_TRXN_BASE_AM_CDT = 417686.17
    $TOT_TRXN_FUNC_AM_CDT = 0
    $TOT_TRXN_BASE_AM_DBT = 206280.02
    $TOT_TRXN_FUNC_AM_DBT = 0
    $TOT_TRXN_CT_CDT = 6
    $TOT_TRXN_CT_DBT = 3
    $HR_PRCTG = 0
    $LRF_PRCTG = 0
    $PASS_THRU_PRCTG = 0
    $OVERALL_RISK = MR
    $CUSTOMER = cust9
    $Trusted_Trans_Amt = 0
    $Trusted_Trans_Prctg = 0
    $Prmry_Cust_Fl = Y
    $Prmry_Cust_Id = cust9
    $Alt_Currency_Code = 
 
05/21/2026 12:24:36 DEBUG : Thread ID = 139648306579200:  Rule Matcher:   File = RuleMatcher.cc:  Line = 415:  Checkpoint true, evaluating variables: 
 
05/21/2026 12:24:36 DEBUG : Thread ID = 139648306579200:  Rule Matcher:   File = RuleMatcher.cc:  Line = 395:  Matched Row (Clustered) Against Primary Rule: 
  Match State Id: 4
  Focal Entity: cust9309
  Variables: 
    $CUST_ID = cust9309
    $SEASONED_CUST_FL = 
    $EFFCTV_RISK = 0
    $CUST_ACCT_COUNT = 3
    $ACTVY_RISK = 5
    $TOT_TRXN_AM = 585828.82
    $TOT_TRXN_CT = 10
    $TOT_TRXN_BASE_AM_CDT = 208070.38
    $TOT_TRXN_FUNC_AM_CDT = 0
    $TOT_TRXN_BASE_AM_DBT = 377758.44
    $TOT_TRXN_FUNC_AM_DBT = 0
    $TOT_TRXN_CT_CDT = 3
    $TOT_TRXN_CT_DBT = 7
    $HR_PRCTG = 0
    $LRF_PRCTG = 0
    $PASS_THRU_PRCTG = 0
    $OVERALL_RISK = MR
    $CUSTOMER = cust9309
    $Trusted_Trans_Amt = 0
    $Trusted_Trans_Prctg = 0
    $Prmry_Cust_Fl = Y
    $Prmry_Cust_Id = cust9309
    $Alt_Currency_Code = 
 
05/21/2026 12:24:36 DEBUG : Thread ID = 139648306579200:  Rule Matcher:   File = RuleMatcher.cc:  Line = 415:  Checkpoint true, evaluating variables: 
 
05/21/2026 12:24:36 INFO : Thread ID = 139648306579200:  Rule Matcher:   File = RuleMatcher.cc:  Line = 447:  Beginning Processing Sub Rule: 
  Dataset: 114016601 
05/21/2026 12:24:36 DEBUG : Thread ID = 139648306579200:  Rule Matcher:   File = RuleMatcher.cc:  Line = 871:  SELECT DISTINCT TABLE_NAME FROM user_tables
05/21/2026 12:24:39 DEBUG : Thread ID = 139648306579200:  Rule Matcher:   File = RuleMatcher.cc:  Line = 883:  TRUNCATE TABLE TT_DLY_116000099_4_1
05/21/2026 12:24:39 INFO : Thread ID = 139648306579200:  Rule Matcher:   File = RuleMatcher.cc:  Line = 998:  Creating temporary focal entity id table TT_DLY_116000099_4_1 with 5 rows. 
05/21/2026 12:24:39 DEBUG : Thread ID = 139648306579200:  Rule Matcher:   File = RuleMatcher.cc:  Line = 1008:  INSERT INTO TT_DLY_116000099_4_1 VALUES(:VALUE)
05/21/2026 12:24:39 DEBUG : Thread ID = 139648306579200:  Rule Matcher:   File = RuleMatcher.cc:  Line = 1053:  INSERT INTO TT_DLY_116000099_4_1 VALUES(:VALUE)
05/21/2026 12:24:39 DEBUG : Thread ID = 139648306579200:  Rule Matcher:   File = RuleMatcher.cc:  Line = 1053:  INSERT INTO TT_DLY_116000099_4_1 VALUES(:VALUE)
05/21/2026 12:24:39 DEBUG : Thread ID = 139648306579200:  Rule Matcher:   File = RuleMatcher.cc:  Line = 1053:  INSERT INTO TT_DLY_116000099_4_1 VALUES(:VALUE)
05/21/2026 12:24:39 DEBUG : Thread ID = 139648306579200:  Rule Matcher:   File = RuleMatcher.cc:  Line = 1053:  INSERT INTO TT_DLY_116000099_4_1 VALUES(:VALUE)
05/21/2026 12:24:39 DEBUG : Thread ID = 139648306579200:  Rule Matcher:   File = RuleMatcher.cc:  Line = 1053:  INSERT INTO TT_DLY_116000099_4_1 VALUES(:VALUE)
05/21/2026 12:24:39 DEBUG : Thread ID = 139648306579200:  Rule Matcher:   File = RuleMatcher.cc:  Line = 1887:  BEGIN fccmatomic.P_ANALYZE_ALG(:I1 , :O1, :O2); END;
05/21/2026 12:24:40 DEBUG : Thread ID = 139648306579200:  Rule Matcher:   File = dscursor.cc:  Line = 1161:  Found a reference to a dataset.  Calling getDatasetSql to resolve thresholds.  Id = 114016601 
05/21/2026 12:24:40 DEBUG : Thread ID = 139648306579200:  Rule Matcher:   File = dscursor.cc:  Line = 1175:  After expansion, sql = SELECT ot.FO_TRXN_SEQ_ID, ot.CUST_ID FROM (-- PR-47385 added 'CXL_PAIR_TRXN_INTRL_ID' filter on all front office transactions
-- agrawalr on 15th july '2010: Added Trusted pair functionality as per PR 44565
-- agrawalr on 15th Mar, 2010: PR 42468: Adding Cust table and 3 filters
-- 09/15/2009   PR 39625   
-- In the SELECT clause (where  @Primary_Cust_Fl = 'N')
-- Added CUST table
-- Replaced ACCT.PRMRY_CUST_INTRL_ID 
-- BY: CUST.CUST_INTRL_ID
-- Added filters : 
-- "CUST.CUST_EFCTV_RISK_NB <> -2"  
-- and "(@All_Jurisdictions_Fl = 'Y' or CUST.JRSDCN_CD in (@Incl_Jurisdictions_Lst))"
-- 06/02/2005  CR 24685   Joint Account and Beneficial Owners
-- 06/02/2005  CR 24683   Excluding Activities Between Related Parties
-- Only one part of UNION ALL will be executed 
-- threshold @Primary_Cust_Fl define which of them  
-- @Primary_Cust_Fl is parameter that indicates what account are included for customer focus to monitor :
-- Y - cover only accounts for which a customer plays a primary role
-- N - cover account over which a customer has a discretion
SELECT  
          tr.FO_TRXN_SEQ_ID,
          ac.PRMRY_CUST_INTRL_ID CUST_ID
FROM  fccmatomic.WIRE_TRXN tr,
      fccmatomic.ACCT ac,
  	  fccmatomic.CUST c   -- PR 42468: Adding Cust Table
WHERE
--21153210
( 
(tr.BENEF_ACCT_ID = ac.ACCT_INTRL_ID AND tr.INTRL_BENEF_ACCT_FL = 'Y')
OR
(tr.SCND_BENEF_ACCT_ID = ac.ACCT_INTRL_ID AND tr.INTRL_SCND_BENEF_ACCT_FL = 'Y'
 AND       
 (tr.INTRL_BENEF_ACCT_FL <> 'Y' 
 OR  
 ac.PRMRY_CUST_INTRL_ID <> COALESCE((select a.PRMRY_CUST_INTRL_ID from fccmatomic.ACCT a where a.ACCT_INTRL_ID = tr.BENEF_ACCT_ID),'-') 
 )
)
)
-- PR 42468 Starts: Adding filters:
AND c.cust_intrl_id = ac.prmry_cust_intrl_id
AND c.CUST_EFCTV_RISK_NB <> -2 
AND (@All_Jurisdictions_Fl = 'Y' or c.JRSDCN_CD in (@Incl_Jurisdictions_Lst))
-- PR 42468 Ends
-- Cover only specific accounts 
AND ac.MANTAS_ACCT_BUS_TYPE_CD in (@Mantas_Bus_Acct_Type_Lst)
-- Cover either all transaction or only form the Incl_Trans_Src_Lst 
AND (@All_Trans_Src_Fl='Y' OR tr.SRC_SYS_CD IN (@Incl_Trans_Src_Lst))
--	Include Retail Customer Accounts Only   
and ac.MANTAS_ACCT_HOLDR_TYPE_CD in (@Incld_Acct_Hldr_Typ_Cd)
AND tr.MANTAS_TRXN_PRDCT_CD in (@Incl_Wire_Trxn_Prdct_Type_Lst)
and tr.MANTAS_TRXN_PURP_CD = 'GENERAL'
--AND ac.PRMRY_CUST_INTRL_ID is not null  --commented as per PR39625
and DECODE(@Curr_Type,'F',tr.TRXN_FUNC_AM,tr.TRXN_BASE_AM) >=@Min_Individual_Trans_Amt
-- ------------------------------------------------------------------------------------------------------
-- include transaction for look back period only 
--21153210
and tr.TRXN_EXCTN_DT IN (SELECT KC.CLNDR_DT FROM fccmatomic.KDD_CAL KC WHERE KC.CLNDR_NM='SYSCAL' AND KC.CLNDR_DAY_AGE between 0 and @Look_Back_Period - 1)
and tr.DATA_DUMP_DT IN (SELECT KC.CLNDR_DT FROM fccmatomic.KDD_CAL KC WHERE KC.CLNDR_NM='SYSCAL' AND KC.CLNDR_DAY_AGE between 0 and @Look_Back_Period - 1)
--Parameter that indicates what account are included for customer focus to monitor :
--Y - cover only accounts for which a customer plays a primary role
--N - cover account over which a customer has a discretion
and @Primary_Cust_Fl = 'Y'
-- allow user to include or exclude related parties
and (@Include_Related_Parties_Fl = 'Y' or   (tr.UNRLTD_PARTY_FL = 'Y' or tr.UNRLTD_PARTY_FL IS NULL))
-- allow user to include (Y) or exclude (N)  Bank-to-Bank transactions between related parties
and (@Include_B2B_Trnfr_Fl = 'Y' or NOT(tr.BANK_TO_BANK_TRNFR_FL = 'Y' and tr.PASS_THRU_FL = 'N'))
and (@Include_Trusted_Trans_FL = 'Y' or COALESCE(tr.TRSTD_TRXN_FL,'N') ='N')
--PR-47385
and tr.CXL_PAIR_TRXN_INTRL_ID is null

--------------------------------------
UNION ALL
--------------------------------------
SELECT 
          tr.FO_TRXN_SEQ_ID,
          c.CUST_INTRL_ID CUST_ID -- PR 39625
FROM    fccmatomic.WIRE_TRXN tr,
           fccmatomic.ACCT ac,
           fccmatomic.CUST_ACCT ca,
		       fccmatomic.CUST c,
           fccmatomic.CUST_ACCT_ROLE car
WHERE    
--21153210
( 
(tr.BENEF_ACCT_ID = ac.ACCT_INTRL_ID AND tr.INTRL_BENEF_ACCT_FL = 'Y')
OR
(tr.SCND_BENEF_ACCT_ID = ac.ACCT_INTRL_ID AND tr.INTRL_SCND_BENEF_ACCT_FL = 'Y'
 AND       
 (tr.INTRL_BENEF_ACCT_FL <> 'Y' 
 OR  
--Bug#24961863  
 ca.cust_intrl_id not in COALESCE((select cta.cust_intrl_id 
                                                             from fccmatomic.CUST_ACCT cta,
                                                                  fccmatomic.ACCT act,
                                                                  fccmatomic.CUST_ACCT_ROLE car2
                                                             where act.acct_intrl_id = cta.acct_intrl_id
                                                                  and cta.cust_acct_role_cd = car2.cust_acct_role_cd
                                                                  and (car2.trdng_auth_fl = 'Y' or car2.wdrwl_auth_fl = 'Y' or car2.poa_fl = 'Y')
                                                                  and act.ACCT_INTRL_ID = tr.BENEF_ACCT_ID),'NULL') 
 )
)
)
and ac.acct_intrl_id = ca.acct_intrl_id
and ca.CUST_INTRL_ID = c.CUST_INTRL_ID
and ca.cust_acct_role_cd = car.cust_acct_role_cd
-- Cover only specific accounts 
AND ac.MANTAS_ACCT_BUS_TYPE_CD in (@Mantas_Bus_Acct_Type_Lst)
-- Cover customers either from all jurisdiction or from Incl_Jurisdictions_Lst only
-- PR 39625
AND (@All_Jurisdictions_Fl = 'Y' or c.JRSDCN_CD in (@Incl_Jurisdictions_Lst))
AND c.CUST_EFCTV_RISK_NB <> -2
-- Cover either all transaction or only form the Incl_Trans_Src_Lst 
AND (@All_Trans_Src_Fl='Y' OR tr.SRC_SYS_CD IN (@Incl_Trans_Src_Lst))
--	Include Retail Customer Accounts Only   
and ac.MANTAS_ACCT_HOLDR_TYPE_CD in (@Incld_Acct_Hldr_Typ_Cd)
AND tr.MANTAS_TRXN_PRDCT_CD in (@Incl_Wire_Trxn_Prdct_Type_Lst)
and tr.MANTAS_TRXN_PURP_CD = 'GENERAL'
--AND ac.PRMRY_CUST_INTRL_ID is not null  --commented as per PR39625
and DECODE(@Curr_Type,'F',tr.TRXN_FUNC_AM,tr.TRXN_BASE_AM) >=@Min_Individual_Trans_Amt
-- ------------------------------------------------------------------------------------------------------
-- include transaction for look back period only 
--21153210
and tr.TRXN_EXCTN_DT IN (SELECT KC.CLNDR_DT FROM fccmatomic.KDD_CAL KC WHERE KC.CLNDR_NM='SYSCAL' AND KC.CLNDR_DAY_AGE between 0 and @Look_Back_Period - 1)
and tr.DATA_DUMP_DT IN (SELECT KC.CLNDR_DT FROM fccmatomic.KDD_CAL KC WHERE KC.CLNDR_NM='SYSCAL' AND KC.CLNDR_DAY_AGE between 0 and @Look_Back_Period - 1)
--Parameter that indicates what account are included for customer focus to monitor :
--Y - cover only accounts for which a customer plays a primary role
--N - cover account over which a customer has a discretion
and @Primary_Cust_Fl = 'N'
-- Account Customer Role will be viewed as disretionary  
and (car.trdng_auth_fl = 'Y' or car.wdrwl_auth_fl = 'Y' or car.poa_fl = 'Y')
-- allow user to include or exclude related parties
and (@Include_Related_Parties_Fl = 'Y' or   (tr.UNRLTD_PARTY_FL = 'Y' or tr.UNRLTD_PARTY_FL IS NULL))
-- allow user to include (Y) or exclude (N)  Bank-to-Bank transactions between related parties
and (@Include_B2B_Trnfr_Fl = 'Y' or NOT(tr.BANK_TO_BANK_TRNFR_FL = 'Y' and tr.PASS_THRU_FL = 'N'))
and (@Include_Trusted_Trans_FL = 'Y' or COALESCE(tr.TRSTD_TRXN_FL,'N') ='N')
--PR-47385
and tr.CXL_PAIR_TRXN_INTRL_ID is null
 ) ot, TT_DLY_116000099_4_1 RMT WHERE ot.CUST_ID = RMT.FOCAL_ENTITY_ID ORDER BY ot.FO_TRXN_SEQ_ID 
05/21/2026 12:24:40 DEBUG : Thread ID = 139648306579200:  Rule Matcher:   File = dscursor.cc:  Line = 748:  Preparing to select from dataset 114016601 
05/21/2026 12:24:40 DEBUG : Thread ID = 139648306579200:  Rule Matcher:   File = dscursor.cc:  Line = 754:  SELECT  ot.FO_TRXN_SEQ_ID, ot.CUST_ID FROM (-- PR-47385 added 'CXL_PAIR_TRXN_INTRL_ID' filter on all front office transactions
-- agrawalr on 15th july '2010: Added Trusted pair functionality as per PR 44565
-- agrawalr on 15th Mar, 2010: PR 42468: Adding Cust table and 3 filters
-- 09/15/2009   PR 39625   
-- In the SELECT clause (where  'Y' = 'N')
-- Added CUST table
-- Replaced ACCT.PRMRY_CUST_INTRL_ID 
-- BY: CUST.CUST_INTRL_ID
-- Added filters : 
-- "CUST.CUST_EFCTV_RISK_NB <> -2"  
-- and "('N' = 'Y' or CUST.JRSDCN_CD in ('AIIN'))"
-- 06/02/2005  CR 24685   Joint Account and Beneficial Owners
-- 06/02/2005  CR 24683   Excluding Activities Between Related Parties
-- Only one part of UNION ALL will be executed 
-- threshold 'Y' define which of them  
-- 'Y' is parameter that indicates what account are included for customer focus to monitor :
-- Y - cover only accounts for which a customer plays a primary role
-- N - cover account over which a customer has a discretion
SELECT  
          tr.FO_TRXN_SEQ_ID,
          ac.PRMRY_CUST_INTRL_ID CUST_ID
FROM  fccmatomic.WIRE_TRXN tr,
      fccmatomic.ACCT ac,
  	  fccmatomic.CUST c   -- PR 42468: Adding Cust Table
WHERE
--21153210
( 
(tr.BENEF_ACCT_ID = ac.ACCT_INTRL_ID AND tr.INTRL_BENEF_ACCT_FL = 'Y')
OR
(tr.SCND_BENEF_ACCT_ID = ac.ACCT_INTRL_ID AND tr.INTRL_SCND_BENEF_ACCT_FL = 'Y'
 AND       
 (tr.INTRL_BENEF_ACCT_FL <> 'Y' 
 OR  
 ac.PRMRY_CUST_INTRL_ID <> COALESCE((select a.PRMRY_CUST_INTRL_ID from fccmatomic.ACCT a where a.ACCT_INTRL_ID = tr.BENEF_ACCT_ID),'-') 
 )
)
)
-- PR 42468 Starts: Adding filters:
AND c.cust_intrl_id = ac.prmry_cust_intrl_id
AND c.CUST_EFCTV_RISK_NB <> -2 
AND ('N' = 'Y' or c.JRSDCN_CD in ('AIIN'))
-- PR 42468 Ends
-- Cover only specific accounts 
AND ac.MANTAS_ACCT_BUS_TYPE_CD in ('RBK', 'RBR')
-- Cover either all transaction or only form the Incl_Trans_Src_Lst 
AND ('Y'='Y' OR tr.SRC_SYS_CD IN ('Inactive'))
--	Include Retail Customer Accounts Only   
and ac.MANTAS_ACCT_HOLDR_TYPE_CD in ('CR')
AND tr.MANTAS_TRXN_PRDCT_CD in ('EFT-ACH', 'EFT-TREASURY', 'EFT-FEDWIRE', 'EFT-SWIFT', 'EFT-OTHER','EST')
and tr.MANTAS_TRXN_PURP_CD = 'GENERAL'
--AND ac.PRMRY_CUST_INTRL_ID is not null  --commented as per PR39625
and DECODE('B','F',tr.TRXN_FUNC_AM,tr.TRXN_BASE_AM) >=3000
-- ------------------------------------------------------------------------------------------------------
-- include transaction for look back period only 
--21153210
and tr.TRXN_EXCTN_DT IN (SELECT KC.CLNDR_DT FROM fccmatomic.KDD_CAL KC WHERE KC.CLNDR_NM='SYSCAL' AND KC.CLNDR_DAY_AGE between 0 and 14 - 1)
and tr.DATA_DUMP_DT IN (SELECT KC.CLNDR_DT FROM fccmatomic.KDD_CAL KC WHERE KC.CLNDR_NM='SYSCAL' AND KC.CLNDR_DAY_AGE between 0 and 14 - 1)
--Parameter that indicates what account are included for customer focus to monitor :
--Y - cover only accounts for which a customer plays a primary role
--N - cover account over which a customer has a discretion
and 'Y' = 'Y'
-- allow user to include or exclude related parties
and ('Y' = 'Y' or   (tr.UNRLTD_PARTY_FL = 'Y' or tr.UNRLTD_PARTY_FL IS NULL))
-- allow user to include (Y) or exclude (N)  Bank-to-Bank transactions between related parties
and ('Y' = 'Y' or NOT(tr.BANK_TO_BANK_TRNFR_FL = 'Y' and tr.PASS_THRU_FL = 'N'))
and ('Y' = 'Y' or COALESCE(tr.TRSTD_TRXN_FL,'N') ='N')
--PR-47385
and tr.CXL_PAIR_TRXN_INTRL_ID is null

--------------------------------------
UNION ALL
--------------------------------------
SELECT 
          tr.FO_TRXN_SEQ_ID,
          c.CUST_INTRL_ID CUST_ID -- PR 39625
FROM    fccmatomic.WIRE_TRXN tr,
           fccmatomic.ACCT ac,
           fccmatomic.CUST_ACCT ca,
		       fccmatomic.CUST c,
           fccmatomic.CUST_ACCT_ROLE car
WHERE    
--21153210
( 
(tr.BENEF_ACCT_ID = ac.ACCT_INTRL_ID AND tr.INTRL_BENEF_ACCT_FL = 'Y')
OR
(tr.SCND_BENEF_ACCT_ID = ac.ACCT_INTRL_ID AND tr.INTRL_SCND_BENEF_ACCT_FL = 'Y'
 AND       
 (tr.INTRL_BENEF_ACCT_FL <> 'Y' 
 OR  
--Bug#24961863  
 ca.cust_intrl_id not in COALESCE((select cta.cust_intrl_id 
                                                             from fccmatomic.CUST_ACCT cta,
                                                                  fccmatomic.ACCT act,
                                                                  fccmatomic.CUST_ACCT_ROLE car2
                                                             where act.acct_intrl_id = cta.acct_intrl_id
                                                                  and cta.cust_acct_role_cd = car2.cust_acct_role_cd
                                                                  and (car2.trdng_auth_fl = 'Y' or car2.wdrwl_auth_fl = 'Y' or car2.poa_fl = 'Y')
                                                                  and act.ACCT_INTRL_ID = tr.BENEF_ACCT_ID),'NULL') 
 )
)
)
and ac.acct_intrl_id = ca.acct_intrl_id
and ca.CUST_INTRL_ID = c.CUST_INTRL_ID
and ca.cust_acct_role_cd = car.cust_acct_role_cd
-- Cover only specific accounts 
AND ac.MANTAS_ACCT_BUS_TYPE_CD in ('RBK', 'RBR')
-- Cover customers either from all jurisdiction or from Incl_Jurisdictions_Lst only
-- PR 39625
AND ('N' = 'Y' or c.JRSDCN_CD in ('AIIN'))
AND c.CUST_EFCTV_RISK_NB <> -2
-- Cover either all transaction or only form the Incl_Trans_Src_Lst 
AND ('Y'='Y' OR tr.SRC_SYS_CD IN ('Inactive'))
--	Include Retail Customer Accounts Only   
and ac.MANTAS_ACCT_HOLDR_TYPE_CD in ('CR')
AND tr.MANTAS_TRXN_PRDCT_CD in ('EFT-ACH', 'EFT-TREASURY', 'EFT-FEDWIRE', 'EFT-SWIFT', 'EFT-OTHER','EST')
and tr.MANTAS_TRXN_PURP_CD = 'GENERAL'
--AND ac.PRMRY_CUST_INTRL_ID is not null  --commented as per PR39625
and DECODE('B','F',tr.TRXN_FUNC_AM,tr.TRXN_BASE_AM) >=3000
-- ------------------------------------------------------------------------------------------------------
-- include transaction for look back period only 
--21153210
and tr.TRXN_EXCTN_DT IN (SELECT KC.CLNDR_DT FROM fccmatomic.KDD_CAL KC WHERE KC.CLNDR_NM='SYSCAL' AND KC.CLNDR_DAY_AGE between 0 and 14 - 1)
and tr.DATA_DUMP_DT IN (SELECT KC.CLNDR_DT FROM fccmatomic.KDD_CAL KC WHERE KC.CLNDR_NM='SYSCAL' AND KC.CLNDR_DAY_AGE between 0 and 14 - 1)
--Parameter that indicates what account are included for customer focus to monitor :
--Y - cover only accounts for which a customer plays a primary role
--N - cover account over which a customer has a discretion
and 'Y' = 'N'
-- Account Customer Role will be viewed as disretionary  
and (car.trdng_auth_fl = 'Y' or car.wdrwl_auth_fl = 'Y' or car.poa_fl = 'Y')
-- allow user to include or exclude related parties
and ('Y' = 'Y' or   (tr.UNRLTD_PARTY_FL = 'Y' or tr.UNRLTD_PARTY_FL IS NULL))
-- allow user to include (Y) or exclude (N)  Bank-to-Bank transactions between related parties
and ('Y' = 'Y' or NOT(tr.BANK_TO_BANK_TRNFR_FL = 'Y' and tr.PASS_THRU_FL = 'N'))
and ('Y' = 'Y' or COALESCE(tr.TRSTD_TRXN_FL,'N') ='N')
--PR-47385
and tr.CXL_PAIR_TRXN_INTRL_ID is null
 ) ot, TT_DLY_116000099_4_1 RMT WHERE ot.CUST_ID = RMT.FOCAL_ENTITY_ID ORDER BY ot.FO_TRXN_SEQ_ID
05/21/2026 12:24:40 DEBUG : Thread ID = 139648306579200:  Rule Matcher:   File = RuleMatcher.cc:  Line = 465:  Processing Match State Id: 0
 
05/21/2026 12:24:40 DEBUG : Thread ID = 139648306579200:  Rule Matcher:   File = RuleMatcher.cc:  Line = 721:  Match results for SubRule:
  Dataset: 114016601
  Number of matched records: 3
  Variables: 
 
05/21/2026 12:24:40 DEBUG : Thread ID = 139648306579200:  Rule Matcher:   File = RuleMatcher.cc:  Line = 741:  Checkpoint true, evaluating variables: 
 
05/21/2026 12:24:40 DEBUG : Thread ID = 139648306579200:  Rule Matcher:   File = RuleMatcher.cc:  Line = 465:  Processing Match State Id: 1
 
05/21/2026 12:24:40 DEBUG : Thread ID = 139648306579200:  Rule Matcher:   File = RuleMatcher.cc:  Line = 721:  Match results for SubRule:
  Dataset: 114016601
  Number of matched records: 5
  Variables: 
 
05/21/2026 12:24:40 DEBUG : Thread ID = 139648306579200:  Rule Matcher:   File = RuleMatcher.cc:  Line = 741:  Checkpoint true, evaluating variables: 
 
05/21/2026 12:24:40 DEBUG : Thread ID = 139648306579200:  Rule Matcher:   File = RuleMatcher.cc:  Line = 465:  Processing Match State Id: 2
 
05/21/2026 12:24:40 DEBUG : Thread ID = 139648306579200:  Rule Matcher:   File = RuleMatcher.cc:  Line = 721:  Match results for SubRule:
  Dataset: 114016601
  Number of matched records: 5
  Variables: 
 
05/21/2026 12:24:40 DEBUG : Thread ID = 139648306579200:  Rule Matcher:   File = RuleMatcher.cc:  Line = 741:  Checkpoint true, evaluating variables: 
 
05/21/2026 12:24:40 DEBUG : Thread ID = 139648306579200:  Rule Matcher:   File = RuleMatcher.cc:  Line = 465:  Processing Match State Id: 3
 
05/21/2026 12:24:40 DEBUG : Thread ID = 139648306579200:  Rule Matcher:   File = RuleMatcher.cc:  Line = 721:  Match results for SubRule:
  Dataset: 114016601
  Number of matched records: 6
  Variables: 
 
05/21/2026 12:24:40 DEBUG : Thread ID = 139648306579200:  Rule Matcher:   File = RuleMatcher.cc:  Line = 741:  Checkpoint true, evaluating variables: 
 
05/21/2026 12:24:40 DEBUG : Thread ID = 139648306579200:  Rule Matcher:   File = RuleMatcher.cc:  Line = 465:  Processing Match State Id: 4
 
05/21/2026 12:24:40 DEBUG : Thread ID = 139648306579200:  Rule Matcher:   File = RuleMatcher.cc:  Line = 721:  Match results for SubRule:
  Dataset: 114016601
  Number of matched records: 3
  Variables: 
 
05/21/2026 12:24:40 DEBUG : Thread ID = 139648306579200:  Rule Matcher:   File = RuleMatcher.cc:  Line = 741:  Checkpoint true, evaluating variables: 
 
05/21/2026 12:24:40 INFO : Thread ID = 139648306579200:  Rule Matcher:   File = RuleMatcher.cc:  Line = 447:  Beginning Processing Sub Rule: 
  Dataset: 114016607 
05/21/2026 12:24:40 DEBUG : Thread ID = 139648306579200:  Rule Matcher:   File = dscursor.cc:  Line = 1161:  Found a reference to a dataset.  Calling getDatasetSql to resolve thresholds.  Id = 114016607 
05/21/2026 12:24:40 DEBUG : Thread ID = 139648306579200:  Rule Matcher:   File = dscursor.cc:  Line = 1175:  After expansion, sql = SELECT ot.FO_TRXN_SEQ_ID, ot.CUST_ID FROM (-- PR-47385 added 'CXL_PAIR_TRXN_INTRL_ID' filter on all front office transactions
-- agrawalr on 15th july '2010: Added Trusted pair functionality as per PR 44565
-- agrawalr on 15th Mar, 2010: PR 42468: Adding Cust table and 3 filters
-- 09/15/2009   PR 39625   
-- In the SELECT clause (where  @Primary_Cust_Fl = 'N')
-- Added CUST table
-- Replaced ACCT.PRMRY_CUST_INTRL_ID 
-- BY: CUST.CUST_INTRL_ID
-- Added filters : 
-- "CUST.CUST_EFCTV_RISK_NB <> -2"  
-- and "(@All_Jurisdictions_Fl = 'Y' or CUST.JRSDCN_CD in (@Incl_Jurisdictions_Lst))"
-- 06/02/2005  CR 24685   Joint Account and Beneficial Owners
-- 06/02/2005  CR 24683   Excluding Activities Between Related Parties
-- Only one part of UNION ALL will be executed 
-- threshold @Primary_Cust_Fl define which of them  
-- @Primary_Cust_Fl is parameter that indicates what account are included for customer focus to monitor :
-- Y - cover only accounts for which a customer plays a primary role
-- N - cover account over which a customer has a discretion
SELECT   
          tr.FO_TRXN_SEQ_ID,
          ac.PRMRY_CUST_INTRL_ID CUST_ID
FROM	fccmatomic.WIRE_TRXN tr,
		  fccmatomic.ACCT ac,
	    fccmatomic.CUST c   -- PR 42468: Adding Cust Table
WHERE     
--21153210
( 
(tr.ORIG_ACCT_ID = ac.ACCT_INTRL_ID AND tr.INTRL_ORIG_ACCT_FL = 'Y')
OR
(tr.SCND_ORIG_ACCT_ID = ac.ACCT_INTRL_ID AND tr.INTRL_SCND_ORIG_ACCT_FL = 'Y'
 AND       
 (tr.INTRL_ORIG_ACCT_FL <> 'Y' 
 OR  
 ac.PRMRY_CUST_INTRL_ID <> COALESCE((select a.PRMRY_CUST_INTRL_ID from fccmatomic.ACCT a where a.ACCT_INTRL_ID = tr.ORIG_ACCT_ID),'-') 
 )
)
)
-- PR 42468 Starts: Adding filters:
AND       c.cust_intrl_id = ac.prmry_cust_intrl_id
AND       c.CUST_EFCTV_RISK_NB <> -2 
AND       (@All_Jurisdictions_Fl = 'Y' or c.JRSDCN_CD in (@Incl_Jurisdictions_Lst))
-- PR 42468 Ends
-- Cover either all transaction or only form the Incl_Trans_Src_Lst 
AND       (@All_Trans_Src_Fl='Y' OR tr.SRC_SYS_CD IN (@Incl_Trans_Src_Lst))
-- Cover only specific accounts 
AND       ac.MANTAS_ACCT_BUS_TYPE_CD in (@Mantas_Bus_Acct_Type_Lst)
--	Include Retail Customer Accounts Only   
and       ac.MANTAS_ACCT_HOLDR_TYPE_CD in (@Incld_Acct_Hldr_Typ_Cd)
AND       tr.MANTAS_TRXN_PRDCT_CD in (@Incl_Wire_Trxn_Prdct_Type_Lst)
and       tr.MANTAS_TRXN_PURP_CD = 'GENERAL'
--AND       ac.PRMRY_CUST_INTRL_ID is not null  --commented as per PR39625
and       DECODE(@Curr_Type,'F',tr.TRXN_FUNC_AM,tr.TRXN_BASE_AM) >=@Min_Individual_Trans_Amt
-- ------------------------------------------------------------------------------------------------------
--21153210
and tr.TRXN_EXCTN_DT IN (SELECT KC.CLNDR_DT FROM fccmatomic.KDD_CAL KC WHERE KC.CLNDR_NM='SYSCAL' AND KC.CLNDR_DAY_AGE between 0 and @Look_Back_Period - 1)
and tr.DATA_DUMP_DT IN (SELECT KC.CLNDR_DT FROM fccmatomic.KDD_CAL KC WHERE KC.CLNDR_NM='SYSCAL' AND KC.CLNDR_DAY_AGE between 0 and @Look_Back_Period - 1)
--Parameter that indicates what account are included for customer focus to monitor :
--Y - cover only accounts for which a customer plays a primary role
--N - cover account over which a customer has a discretion
and @Primary_Cust_Fl = 'Y'
-- allow user to include or exclude related parties
and (@Include_Related_Parties_Fl = 'Y' or   (tr.UNRLTD_PARTY_FL = 'Y' or tr.UNRLTD_PARTY_FL IS NULL))
-- allow user to include (Y) or exclude (N)  Bank-to-Bank transactions between related parties
and (@Include_B2B_Trnfr_Fl = 'Y' or NOT(tr.BANK_TO_BANK_TRNFR_FL = 'Y' and tr.PASS_THRU_FL = 'N'))
and (@Include_Trusted_Trans_FL = 'Y' or COALESCE(tr.TRSTD_TRXN_FL,'N') ='N')
--PR-47385
and tr.CXL_PAIR_TRXN_INTRL_ID is null
--------------------------------------
UNION ALL
--------------------------------------
SELECT   
          tr.FO_TRXN_SEQ_ID,
          c.CUST_INTRL_ID CUST_ID -- PR 39625
FROM    fccmatomic.WIRE_TRXN tr,
           fccmatomic.ACCT ac,
           fccmatomic.CUST_ACCT ca,
		       fccmatomic.CUST c,
           fccmatomic.CUST_ACCT_ROLE car
WHERE  
--21153210
( 
(tr.ORIG_ACCT_ID = ac.ACCT_INTRL_ID AND tr.INTRL_ORIG_ACCT_FL = 'Y')
OR
(tr.SCND_ORIG_ACCT_ID = ac.ACCT_INTRL_ID AND tr.INTRL_SCND_ORIG_ACCT_FL = 'Y'
 AND       
 (tr.INTRL_ORIG_ACCT_FL <> 'Y' 
 OR  
 --Bug#24961863  
 c.cust_intrl_id not in COALESCE((select cta.cust_intrl_id
                                        from fccmatomic.CUST_ACCT cta,
                                             fccmatomic.ACCT act,
                                             fccmatomic.CUST_ACCT_ROLE car2
                                        where act.acct_intrl_id = cta.acct_intrl_id
                                          and cta.cust_acct_role_cd = car2.cust_acct_role_cd
                                          and (car2.trdng_auth_fl = 'Y' or car2.wdrwl_auth_fl = 'Y' or car2.poa_fl = 'Y')
                                          and act.ACCT_INTRL_ID = tr.ORIG_ACCT_ID),'NULL')  
 
 
 )
)
)
and ac.acct_intrl_id = ca.acct_intrl_id
and ca.CUST_INTRL_ID = c.CUST_INTRL_ID
and ca.cust_acct_role_cd = car.cust_acct_role_cd
-- Cover either all transaction or only form the Incl_Trans_Src_Lst 
AND       (@All_Trans_Src_Fl='Y' OR tr.SRC_SYS_CD IN (@Incl_Trans_Src_Lst))
-- Cover only specific accounts 
AND       ac.MANTAS_ACCT_BUS_TYPE_CD in (@Mantas_Bus_Acct_Type_Lst)
-- Cover customers either from all jurisdiction or from Incl_Jurisdictions_Lst only 
-- PR 39625
AND       (@All_Jurisdictions_Fl = 'Y' or c.JRSDCN_CD in (@Incl_Jurisdictions_Lst))
AND       c.CUST_EFCTV_RISK_NB <> -2
--	Include Retail Customer Accounts Only   
and       ac.MANTAS_ACCT_HOLDR_TYPE_CD in (@Incld_Acct_Hldr_Typ_Cd)
AND       tr.MANTAS_TRXN_PRDCT_CD in (@Incl_Wire_Trxn_Prdct_Type_Lst)
and       tr.MANTAS_TRXN_PURP_CD = 'GENERAL'
--AND       ac.PRMRY_CUST_INTRL_ID is not null  --commented as per PR39625
and       DECODE(@Curr_Type,'F',tr.TRXN_FUNC_AM,tr.TRXN_BASE_AM) >=@Min_Individual_Trans_Amt
-- ------------------------------------------------------------------------------------------------------
--21153210
and tr.TRXN_EXCTN_DT IN (SELECT KC.CLNDR_DT FROM fccmatomic.KDD_CAL KC WHERE KC.CLNDR_NM='SYSCAL' AND KC.CLNDR_DAY_AGE between 0 and @Look_Back_Period - 1)
and tr.DATA_DUMP_DT IN (SELECT KC.CLNDR_DT FROM fccmatomic.KDD_CAL KC WHERE KC.CLNDR_NM='SYSCAL' AND KC.CLNDR_DAY_AGE between 0 and @Look_Back_Period - 1)
--Parameter that indicates what account are included for customer focus to monitor :
--Y - cover only accounts for which a customer plays a primary role
--N - cover account over which a customer has a discretion
and @Primary_Cust_Fl = 'N'
-- Account Customer Role will be viewed as disretionary  
and (car.trdng_auth_fl = 'Y' or car.wdrwl_auth_fl = 'Y' or car.poa_fl = 'Y')
-- allow user to include or exclude related parties
and (@Include_Related_Parties_Fl = 'Y' or   (tr.UNRLTD_PARTY_FL = 'Y' or tr.UNRLTD_PARTY_FL IS NULL))
-- allow user to include (Y) or exclude (N)  Bank-to-Bank transactions between related parties
and (@Include_B2B_Trnfr_Fl = 'Y' or NOT(tr.BANK_TO_BANK_TRNFR_FL = 'Y' and tr.PASS_THRU_FL = 'N'))
and (@Include_Trusted_Trans_FL = 'Y' or COALESCE(tr.TRSTD_TRXN_FL,'N') ='N')
--PR-47385
and tr.CXL_PAIR_TRXN_INTRL_ID is null
 ) ot, TT_DLY_116000099_4_1 RMT WHERE ot.CUST_ID = RMT.FOCAL_ENTITY_ID ORDER BY ot.FO_TRXN_SEQ_ID 
05/21/2026 12:24:40 DEBUG : Thread ID = 139648306579200:  Rule Matcher:   File = dscursor.cc:  Line = 748:  Preparing to select from dataset 114016607 
05/21/2026 12:24:40 DEBUG : Thread ID = 139648306579200:  Rule Matcher:   File = dscursor.cc:  Line = 754:  SELECT  ot.FO_TRXN_SEQ_ID, ot.CUST_ID FROM (-- PR-47385 added 'CXL_PAIR_TRXN_INTRL_ID' filter on all front office transactions
-- agrawalr on 15th july '2010: Added Trusted pair functionality as per PR 44565
-- agrawalr on 15th Mar, 2010: PR 42468: Adding Cust table and 3 filters
-- 09/15/2009   PR 39625   
-- In the SELECT clause (where  'Y' = 'N')
-- Added CUST table
-- Replaced ACCT.PRMRY_CUST_INTRL_ID 
-- BY: CUST.CUST_INTRL_ID
-- Added filters : 
-- "CUST.CUST_EFCTV_RISK_NB <> -2"  
-- and "('N' = 'Y' or CUST.JRSDCN_CD in ('AIIN'))"
-- 06/02/2005  CR 24685   Joint Account and Beneficial Owners
-- 06/02/2005  CR 24683   Excluding Activities Between Related Parties
-- Only one part of UNION ALL will be executed 
-- threshold 'Y' define which of them  
-- 'Y' is parameter that indicates what account are included for customer focus to monitor :
-- Y - cover only accounts for which a customer plays a primary role
-- N - cover account over which a customer has a discretion
SELECT   
          tr.FO_TRXN_SEQ_ID,
          ac.PRMRY_CUST_INTRL_ID CUST_ID
FROM	fccmatomic.WIRE_TRXN tr,
		  fccmatomic.ACCT ac,
	    fccmatomic.CUST c   -- PR 42468: Adding Cust Table
WHERE     
--21153210
( 
(tr.ORIG_ACCT_ID = ac.ACCT_INTRL_ID AND tr.INTRL_ORIG_ACCT_FL = 'Y')
OR
(tr.SCND_ORIG_ACCT_ID = ac.ACCT_INTRL_ID AND tr.INTRL_SCND_ORIG_ACCT_FL = 'Y'
 AND       
 (tr.INTRL_ORIG_ACCT_FL <> 'Y' 
 OR  
 ac.PRMRY_CUST_INTRL_ID <> COALESCE((select a.PRMRY_CUST_INTRL_ID from fccmatomic.ACCT a where a.ACCT_INTRL_ID = tr.ORIG_ACCT_ID),'-') 
 )
)
)
-- PR 42468 Starts: Adding filters:
AND       c.cust_intrl_id = ac.prmry_cust_intrl_id
AND       c.CUST_EFCTV_RISK_NB <> -2 
AND       ('N' = 'Y' or c.JRSDCN_CD in ('AIIN'))
-- PR 42468 Ends
-- Cover either all transaction or only form the Incl_Trans_Src_Lst 
AND       ('Y'='Y' OR tr.SRC_SYS_CD IN ('Inactive'))
-- Cover only specific accounts 
AND       ac.MANTAS_ACCT_BUS_TYPE_CD in ('RBK', 'RBR')
--	Include Retail Customer Accounts Only   
and       ac.MANTAS_ACCT_HOLDR_TYPE_CD in ('CR')
AND       tr.MANTAS_TRXN_PRDCT_CD in ('EFT-ACH', 'EFT-TREASURY', 'EFT-FEDWIRE', 'EFT-SWIFT', 'EFT-OTHER','EST')
and       tr.MANTAS_TRXN_PURP_CD = 'GENERAL'
--AND       ac.PRMRY_CUST_INTRL_ID is not null  --commented as per PR39625
and       DECODE('B','F',tr.TRXN_FUNC_AM,tr.TRXN_BASE_AM) >=3000
-- ------------------------------------------------------------------------------------------------------
--21153210
and tr.TRXN_EXCTN_DT IN (SELECT KC.CLNDR_DT FROM fccmatomic.KDD_CAL KC WHERE KC.CLNDR_NM='SYSCAL' AND KC.CLNDR_DAY_AGE between 0 and 14 - 1)
and tr.DATA_DUMP_DT IN (SELECT KC.CLNDR_DT FROM fccmatomic.KDD_CAL KC WHERE KC.CLNDR_NM='SYSCAL' AND KC.CLNDR_DAY_AGE between 0 and 14 - 1)
--Parameter that indicates what account are included for customer focus to monitor :
--Y - cover only accounts for which a customer plays a primary role
--N - cover account over which a customer has a discretion
and 'Y' = 'Y'
-- allow user to include or exclude related parties
and ('Y' = 'Y' or   (tr.UNRLTD_PARTY_FL = 'Y' or tr.UNRLTD_PARTY_FL IS NULL))
-- allow user to include (Y) or exclude (N)  Bank-to-Bank transactions between related parties
and ('Y' = 'Y' or NOT(tr.BANK_TO_BANK_TRNFR_FL = 'Y' and tr.PASS_THRU_FL = 'N'))
and ('Y' = 'Y' or COALESCE(tr.TRSTD_TRXN_FL,'N') ='N')
--PR-47385
and tr.CXL_PAIR_TRXN_INTRL_ID is null
--------------------------------------
UNION ALL
--------------------------------------
SELECT   
          tr.FO_TRXN_SEQ_ID,
          c.CUST_INTRL_ID CUST_ID -- PR 39625
FROM    fccmatomic.WIRE_TRXN tr,
           fccmatomic.ACCT ac,
           fccmatomic.CUST_ACCT ca,
		       fccmatomic.CUST c,
           fccmatomic.CUST_ACCT_ROLE car
WHERE  
--21153210
( 
(tr.ORIG_ACCT_ID = ac.ACCT_INTRL_ID AND tr.INTRL_ORIG_ACCT_FL = 'Y')
OR
(tr.SCND_ORIG_ACCT_ID = ac.ACCT_INTRL_ID AND tr.INTRL_SCND_ORIG_ACCT_FL = 'Y'
 AND       
 (tr.INTRL_ORIG_ACCT_FL <> 'Y' 
 OR  
 --Bug#24961863  
 c.cust_intrl_id not in COALESCE((select cta.cust_intrl_id
                                        from fccmatomic.CUST_ACCT cta,
                                             fccmatomic.ACCT act,
                                             fccmatomic.CUST_ACCT_ROLE car2
                                        where act.acct_intrl_id = cta.acct_intrl_id
                                          and cta.cust_acct_role_cd = car2.cust_acct_role_cd
                                          and (car2.trdng_auth_fl = 'Y' or car2.wdrwl_auth_fl = 'Y' or car2.poa_fl = 'Y')
                                          and act.ACCT_INTRL_ID = tr.ORIG_ACCT_ID),'NULL')  
 
 
 )
)
)
and ac.acct_intrl_id = ca.acct_intrl_id
and ca.CUST_INTRL_ID = c.CUST_INTRL_ID
and ca.cust_acct_role_cd = car.cust_acct_role_cd
-- Cover either all transaction or only form the Incl_Trans_Src_Lst 
AND       ('Y'='Y' OR tr.SRC_SYS_CD IN ('Inactive'))
-- Cover only specific accounts 
AND       ac.MANTAS_ACCT_BUS_TYPE_CD in ('RBK', 'RBR')
-- Cover customers either from all jurisdiction or from Incl_Jurisdictions_Lst only 
-- PR 39625
AND       ('N' = 'Y' or c.JRSDCN_CD in ('AIIN'))
AND       c.CUST_EFCTV_RISK_NB <> -2
--	Include Retail Customer Accounts Only   
and       ac.MANTAS_ACCT_HOLDR_TYPE_CD in ('CR')
AND       tr.MANTAS_TRXN_PRDCT_CD in ('EFT-ACH', 'EFT-TREASURY', 'EFT-FEDWIRE', 'EFT-SWIFT', 'EFT-OTHER','EST')
and       tr.MANTAS_TRXN_PURP_CD = 'GENERAL'
--AND       ac.PRMRY_CUST_INTRL_ID is not null  --commented as per PR39625
and       DECODE('B','F',tr.TRXN_FUNC_AM,tr.TRXN_BASE_AM) >=3000
-- ------------------------------------------------------------------------------------------------------
--21153210
and tr.TRXN_EXCTN_DT IN (SELECT KC.CLNDR_DT FROM fccmatomic.KDD_CAL KC WHERE KC.CLNDR_NM='SYSCAL' AND KC.CLNDR_DAY_AGE between 0 and 14 - 1)
and tr.DATA_DUMP_DT IN (SELECT KC.CLNDR_DT FROM fccmatomic.KDD_CAL KC WHERE KC.CLNDR_NM='SYSCAL' AND KC.CLNDR_DAY_AGE between 0 and 14 - 1)
--Parameter that indicates what account are included for customer focus to monitor :
--Y - cover only accounts for which a customer plays a primary role
--N - cover account over which a customer has a discretion
and 'Y' = 'N'
-- Account Customer Role will be viewed as disretionary  
and (car.trdng_auth_fl = 'Y' or car.wdrwl_auth_fl = 'Y' or car.poa_fl = 'Y')
-- allow user to include or exclude related parties
and ('Y' = 'Y' or   (tr.UNRLTD_PARTY_FL = 'Y' or tr.UNRLTD_PARTY_FL IS NULL))
-- allow user to include (Y) or exclude (N)  Bank-to-Bank transactions between related parties
and ('Y' = 'Y' or NOT(tr.BANK_TO_BANK_TRNFR_FL = 'Y' and tr.PASS_THRU_FL = 'N'))
and ('Y' = 'Y' or COALESCE(tr.TRSTD_TRXN_FL,'N') ='N')
--PR-47385
and tr.CXL_PAIR_TRXN_INTRL_ID is null
 ) ot, TT_DLY_116000099_4_1 RMT WHERE ot.CUST_ID = RMT.FOCAL_ENTITY_ID ORDER BY ot.FO_TRXN_SEQ_ID
05/21/2026 12:24:41 DEBUG : Thread ID = 139648306579200:  Rule Matcher:   File = RuleMatcher.cc:  Line = 465:  Processing Match State Id: 0
 
05/21/2026 12:24:41 DEBUG : Thread ID = 139648306579200:  Rule Matcher:   File = RuleMatcher.cc:  Line = 721:  Match results for SubRule:
  Dataset: 114016607
  Number of matched records: 5
  Variables: 
 
05/21/2026 12:24:41 DEBUG : Thread ID = 139648306579200:  Rule Matcher:   File = RuleMatcher.cc:  Line = 741:  Checkpoint true, evaluating variables: 
 
05/21/2026 12:24:41 DEBUG : Thread ID = 139648306579200:  Rule Matcher:   File = RuleMatcher.cc:  Line = 465:  Processing Match State Id: 1
 
05/21/2026 12:24:41 DEBUG : Thread ID = 139648306579200:  Rule Matcher:   File = RuleMatcher.cc:  Line = 721:  Match results for SubRule:
  Dataset: 114016607
  Number of matched records: 5
  Variables: 
 
05/21/2026 12:24:41 DEBUG : Thread ID = 139648306579200:  Rule Matcher:   File = RuleMatcher.cc:  Line = 741:  Checkpoint true, evaluating variables: 
 
05/21/2026 12:24:41 DEBUG : Thread ID = 139648306579200:  Rule Matcher:   File = RuleMatcher.cc:  Line = 465:  Processing Match State Id: 2
 
05/21/2026 12:24:41 DEBUG : Thread ID = 139648306579200:  Rule Matcher:   File = RuleMatcher.cc:  Line = 721:  Match results for SubRule:
  Dataset: 114016607
  Number of matched records: 5
  Variables: 
 
05/21/2026 12:24:41 DEBUG : Thread ID = 139648306579200:  Rule Matcher:   File = RuleMatcher.cc:  Line = 741:  Checkpoint true, evaluating variables: 
 
05/21/2026 12:24:41 DEBUG : Thread ID = 139648306579200:  Rule Matcher:   File = RuleMatcher.cc:  Line = 465:  Processing Match State Id: 3
 
05/21/2026 12:24:41 DEBUG : Thread ID = 139648306579200:  Rule Matcher:   File = RuleMatcher.cc:  Line = 721:  Match results for SubRule:
  Dataset: 114016607
  Number of matched records: 3
  Variables: 
 
05/21/2026 12:24:41 DEBUG : Thread ID = 139648306579200:  Rule Matcher:   File = RuleMatcher.cc:  Line = 741:  Checkpoint true, evaluating variables: 
 
05/21/2026 12:24:41 DEBUG : Thread ID = 139648306579200:  Rule Matcher:   File = RuleMatcher.cc:  Line = 465:  Processing Match State Id: 4
 
05/21/2026 12:24:41 DEBUG : Thread ID = 139648306579200:  Rule Matcher:   File = RuleMatcher.cc:  Line = 721:  Match results for SubRule:
  Dataset: 114016607
  Number of matched records: 5
  Variables: 
 
05/21/2026 12:24:41 DEBUG : Thread ID = 139648306579200:  Rule Matcher:   File = RuleMatcher.cc:  Line = 741:  Checkpoint true, evaluating variables: 
 
05/21/2026 12:24:41 INFO : Thread ID = 139648306579200:  Rule Matcher:   File = RuleMatcher.cc:  Line = 447:  Beginning Processing Sub Rule: 
  Dataset: 114016614 
05/21/2026 12:24:41 DEBUG : Thread ID = 139648306579200:  Rule Matcher:   File = dscursor.cc:  Line = 1161:  Found a reference to a dataset.  Calling getDatasetSql to resolve thresholds.  Id = 114016614 
05/21/2026 12:24:41 DEBUG : Thread ID = 139648306579200:  Rule Matcher:   File = dscursor.cc:  Line = 1175:  After expansion, sql = SELECT ot.FO_TRXN_SEQ_ID, ot.CUST_ID FROM (-- PR-47385 added 'CXL_PAIR_TRXN_INTRL_ID' filter on all front office transactions
-- agrawalr on 15th july '2010: Added Trusted pair functionality as per PR 44565
-- agrawalr on 15th Mar, 2010: PR 42468: Adding Cust table and 3 filters
-- 09/15/2009   PR 39625   
-- In the SELECT clause (where  @Primary_Cust_Fl = 'N')
-- Added CUST table
-- Replaced ACCT.PRMRY_CUST_INTRL_ID 
-- BY: CUST.CUST_INTRL_ID
-- Added filters : 
-- "CUST.CUST_EFCTV_RISK_NB <> -2"  
-- and "(@All_Jurisdictions_Fl = 'Y' or CUST.JRSDCN_CD in (@Incl_Jurisdictions_Lst))"
-- 06/02/2005  CR 24685   Joint Account and Beneficial Owners
-- 06/02/2005  CR 24683   Excluding Activities Between Related Parties
-- Only one part of UNION ALL will be executed 
-- threshold @Primary_Cust_Fl define which of them  
-- @Primary_Cust_Fl is parameter that indicates what account are included for customer focus to monitor :
-- Y - cover only accounts for which a customer plays a primary role
-- N - cover account over which a customer has a discretion
SELECT 
           tr.FO_TRXN_SEQ_ID,
           ac.PRMRY_CUST_INTRL_ID CUST_ID
FROM    fccmatomic.MI_TRXN tr,
		    fccmatomic.ACCT ac,
		    fccmatomic.CUST c   -- PR 42468: Adding Cust Table
WHERE    
--21153210
( 
(tr.BENEF_ACCT_ID = ac.ACCT_INTRL_ID AND tr.INTRL_BENEF_ACCT_FL = 'Y')
OR
(tr.SCND_BENEF_ACCT_ID = ac.ACCT_INTRL_ID AND tr.INTRL_SCND_BENEF_ACCT_FL = 'Y'
 AND       
 (tr.INTRL_BENEF_ACCT_FL <> 'Y' 
 OR  
 ac.PRMRY_CUST_INTRL_ID <> COALESCE((select a.PRMRY_CUST_INTRL_ID from fccmatomic.ACCT a where a.ACCT_INTRL_ID = tr.BENEF_ACCT_ID),'-')
 )
)
) 
-- PR 42468 Starts: Adding filters:
AND       c.cust_intrl_id = ac.prmry_cust_intrl_id
AND       c.CUST_EFCTV_RISK_NB <> -2 
AND       (@All_Jurisdictions_Fl = 'Y' or c.JRSDCN_CD in (@Incl_Jurisdictions_Lst))
-- PR 42468 Ends
-- Cover either all transaction or only form the Incl_Trans_Src_Lst 
AND       (@All_Trans_Src_Fl='Y' OR tr.SRC_SYS_CD IN (@Incl_Trans_Src_Lst))
-- Cover only specific accounts 
AND       ac.MANTAS_ACCT_BUS_TYPE_CD in (@Mantas_Bus_Acct_Type_Lst)
--	Include Retail Customer Accounts Only   
and       ac.MANTAS_ACCT_HOLDR_TYPE_CD in (@Incld_Acct_Hldr_Typ_Cd)
--AND       ac.PRMRY_CUST_INTRL_ID is not null  --commented as per PR39625
and       DECODE(@Curr_Type,'F',tr.TRXN_FUNC_AM,tr.TRXN_BASE_AM) >=@Min_Individual_Trans_Amt
and       tr.MANTAS_TRXN_PURP_CD = 'GENERAL'
and       tr.MANTAS_TRXN_PRDCT_CD in (@Incl_MI_Trxn_Prdct_Type_Lst)
-- ------------------------------------------------------------------------------------------------------
--21153210
and tr.MANTAS_POST_DT IN (SELECT KC.CLNDR_DT FROM fccmatomic.KDD_CAL KC WHERE KC.CLNDR_NM='SYSCAL' AND KC.CLNDR_DAY_AGE between 0 and @Look_Back_Period - 1)
and tr.DATA_DUMP_DT IN (SELECT KC.CLNDR_DT FROM fccmatomic.KDD_CAL KC WHERE KC.CLNDR_NM='SYSCAL' AND KC.CLNDR_DAY_AGE between 0 and @Look_Back_Period - 1)
--Parameter that indicates what account are included for customer focus to monitor :
--Y - cover only accounts for which a customer plays a primary role
--N - cover account over which a customer has a discretion
and @Primary_Cust_Fl = 'Y'
-- allow user to include or exclude related parties
and (@Include_Related_Parties_Fl = 'Y' or   (tr.UNRLTD_PARTY_FL = 'Y' or tr.UNRLTD_PARTY_FL IS NULL))
-- allow user to include (Y) or exclude (N)  Bank-to-Bank transactions between related parties
and (@Include_B2B_Trnfr_Fl = 'Y' or NOT(tr.BANK_TO_BANK_TRNFR_FL = 'Y' and tr.PASS_THRU_FL = 'N'))
and (@Include_Trusted_Trans_FL = 'Y' or COALESCE(tr.TRSTD_TRXN_FL,'N') ='N')
--PR-47385
and tr.CXL_PAIR_TRXN_INTRL_ID is null
--------------------------------------
UNION ALL
--------------------------------------
SELECT 
           tr.FO_TRXN_SEQ_ID,
           c.CUST_INTRL_ID CUST_ID -- PR 39625
FROM      fccmatomic.MI_TRXN tr,
                 fccmatomic.ACCT ac, 
                 fccmatomic.CUST_ACCT ca, 
				         fccmatomic.CUST c, 
                 fccmatomic.CUST_ACCT_ROLE car 
WHERE     
--21153210
( 
(tr.BENEF_ACCT_ID = ac.ACCT_INTRL_ID AND tr.INTRL_BENEF_ACCT_FL = 'Y')
OR
(tr.SCND_BENEF_ACCT_ID = ac.ACCT_INTRL_ID AND tr.INTRL_SCND_BENEF_ACCT_FL = 'Y'
 AND       
 (tr.INTRL_BENEF_ACCT_FL <> 'Y' 
 OR  
--Bug#24961863  
 c.cust_intrl_id not in COALESCE((select cta.cust_intrl_id
                                                             from fccmatomic.CUST_ACCT cta,
                                                                  fccmatomic.ACCT act,
                                                                  fccmatomic.CUST_ACCT_ROLE car2
                                                             where act.acct_intrl_id = cta.acct_intrl_id
                                                                  and cta.cust_acct_role_cd = car2.cust_acct_role_cd
                                                                  and (car2.trdng_auth_fl = 'Y' or car2.wdrwl_auth_fl = 'Y' or car2.poa_fl = 'Y')
                                                                  and act.ACCT_INTRL_ID = tr.BENEF_ACCT_ID),'NULL')
 )
)
)
and ac.acct_intrl_id = ca.acct_intrl_id
and ca.CUST_INTRL_ID = c.CUST_INTRL_ID
and ca.cust_acct_role_cd = car.cust_acct_role_cd
-- Cover either all transaction or only form the Incl_Trans_Src_Lst 
AND       (@All_Trans_Src_Fl='Y' OR tr.SRC_SYS_CD IN (@Incl_Trans_Src_Lst))
-- Cover only specific accounts 
AND       ac.MANTAS_ACCT_BUS_TYPE_CD in (@Mantas_Bus_Acct_Type_Lst)
--	Include Retail Customer Accounts Only   
and       ac.MANTAS_ACCT_HOLDR_TYPE_CD in (@Incld_Acct_Hldr_Typ_Cd)
-- Cover customers either from all jurisdiction or from Incl_Jurisdictions_Lst only
-- PR 39625
AND (@All_Jurisdictions_Fl = 'Y' or c.JRSDCN_CD in (@Incl_Jurisdictions_Lst))
AND c.CUST_EFCTV_RISK_NB <> -2
--AND       ac.PRMRY_CUST_INTRL_ID is not null  --commented as per PR39625
and       DECODE(@Curr_Type,'F',tr.TRXN_FUNC_AM,tr.TRXN_BASE_AM) >=@Min_Individual_Trans_Amt
and       tr.MANTAS_TRXN_PURP_CD = 'GENERAL'
and       tr.MANTAS_TRXN_PRDCT_CD in (@Incl_MI_Trxn_Prdct_Type_Lst)
-- ------------------------------------------------------------------------------------------------------
--21153210
and tr.MANTAS_POST_DT IN (SELECT KC.CLNDR_DT FROM fccmatomic.KDD_CAL KC WHERE KC.CLNDR_NM='SYSCAL' AND KC.CLNDR_DAY_AGE between 0 and @Look_Back_Period - 1)
and tr.DATA_DUMP_DT IN (SELECT KC.CLNDR_DT FROM fccmatomic.KDD_CAL KC WHERE KC.CLNDR_NM='SYSCAL' AND KC.CLNDR_DAY_AGE between 0 and @Look_Back_Period - 1)
--Parameter that indicates what account are included for customer focus to monitor :
--Y - cover only accounts for which a customer plays a primary role
--N - cover account over which a customer has a discretion
and @Primary_Cust_Fl = 'N'
-- Account Customer Role will be viewed as disretionary  
and (car.trdng_auth_fl = 'Y' or car.wdrwl_auth_fl = 'Y' or car.poa_fl = 'Y')
-- allow user to include or exclude related parties
and (@Include_Related_Parties_Fl = 'Y' or   (tr.UNRLTD_PARTY_FL = 'Y' or tr.UNRLTD_PARTY_FL IS NULL))
-- allow user to include (Y) or exclude (N)  Bank-to-Bank transactions between related parties
and (@Include_B2B_Trnfr_Fl = 'Y' or NOT(tr.BANK_TO_BANK_TRNFR_FL = 'Y' and tr.PASS_THRU_FL = 'N'))
and (@Include_Trusted_Trans_FL = 'Y' or COALESCE(tr.TRSTD_TRXN_FL,'N') ='N')
--PR-47385
and tr.CXL_PAIR_TRXN_INTRL_ID is null
 ) ot, TT_DLY_116000099_4_1 RMT WHERE ot.CUST_ID = RMT.FOCAL_ENTITY_ID ORDER BY ot.FO_TRXN_SEQ_ID 
05/21/2026 12:24:41 DEBUG : Thread ID = 139648306579200:  Rule Matcher:   File = dscursor.cc:  Line = 748:  Preparing to select from dataset 114016614 
05/21/2026 12:24:41 DEBUG : Thread ID = 139648306579200:  Rule Matcher:   File = dscursor.cc:  Line = 754:  SELECT  ot.FO_TRXN_SEQ_ID, ot.CUST_ID FROM (-- PR-47385 added 'CXL_PAIR_TRXN_INTRL_ID' filter on all front office transactions
-- agrawalr on 15th july '2010: Added Trusted pair functionality as per PR 44565
-- agrawalr on 15th Mar, 2010: PR 42468: Adding Cust table and 3 filters
-- 09/15/2009   PR 39625   
-- In the SELECT clause (where  'Y' = 'N')
-- Added CUST table
-- Replaced ACCT.PRMRY_CUST_INTRL_ID 
-- BY: CUST.CUST_INTRL_ID
-- Added filters : 
-- "CUST.CUST_EFCTV_RISK_NB <> -2"  
-- and "('N' = 'Y' or CUST.JRSDCN_CD in ('AIIN'))"
-- 06/02/2005  CR 24685   Joint Account and Beneficial Owners
-- 06/02/2005  CR 24683   Excluding Activities Between Related Parties
-- Only one part of UNION ALL will be executed 
-- threshold 'Y' define which of them  
-- 'Y' is parameter that indicates what account are included for customer focus to monitor :
-- Y - cover only accounts for which a customer plays a primary role
-- N - cover account over which a customer has a discretion
SELECT 
           tr.FO_TRXN_SEQ_ID,
           ac.PRMRY_CUST_INTRL_ID CUST_ID
FROM    fccmatomic.MI_TRXN tr,
		    fccmatomic.ACCT ac,
		    fccmatomic.CUST c   -- PR 42468: Adding Cust Table
WHERE    
--21153210
( 
(tr.BENEF_ACCT_ID = ac.ACCT_INTRL_ID AND tr.INTRL_BENEF_ACCT_FL = 'Y')
OR
(tr.SCND_BENEF_ACCT_ID = ac.ACCT_INTRL_ID AND tr.INTRL_SCND_BENEF_ACCT_FL = 'Y'
 AND       
 (tr.INTRL_BENEF_ACCT_FL <> 'Y' 
 OR  
 ac.PRMRY_CUST_INTRL_ID <> COALESCE((select a.PRMRY_CUST_INTRL_ID from fccmatomic.ACCT a where a.ACCT_INTRL_ID = tr.BENEF_ACCT_ID),'-')
 )
)
) 
-- PR 42468 Starts: Adding filters:
AND       c.cust_intrl_id = ac.prmry_cust_intrl_id
AND       c.CUST_EFCTV_RISK_NB <> -2 
AND       ('N' = 'Y' or c.JRSDCN_CD in ('AIIN'))
-- PR 42468 Ends
-- Cover either all transaction or only form the Incl_Trans_Src_Lst 
AND       ('Y'='Y' OR tr.SRC_SYS_CD IN ('Inactive'))
-- Cover only specific accounts 
AND       ac.MANTAS_ACCT_BUS_TYPE_CD in ('RBK', 'RBR')
--	Include Retail Customer Accounts Only   
and       ac.MANTAS_ACCT_HOLDR_TYPE_CD in ('CR')
--AND       ac.PRMRY_CUST_INTRL_ID is not null  --commented as per PR39625
and       DECODE('B','F',tr.TRXN_FUNC_AM,tr.TRXN_BASE_AM) >=3000
and       tr.MANTAS_TRXN_PURP_CD = 'GENERAL'
and       tr.MANTAS_TRXN_PRDCT_CD in ('CASH-EQ-CASHIER-CHECK', 'CASH-EQ-CERT-CHECK', 'CASH-EQ-MONEY-ORDER', 'CASH-EQ-TRAVELERS-CHECK', 'CASH-EQ-OTHER', 'CASH-LETTER', 'CHECK', 'PAPER-OTHER', 'CHECK-ACH')
-- ------------------------------------------------------------------------------------------------------
--21153210
and tr.MANTAS_POST_DT IN (SELECT KC.CLNDR_DT FROM fccmatomic.KDD_CAL KC WHERE KC.CLNDR_NM='SYSCAL' AND KC.CLNDR_DAY_AGE between 0 and 14 - 1)
and tr.DATA_DUMP_DT IN (SELECT KC.CLNDR_DT FROM fccmatomic.KDD_CAL KC WHERE KC.CLNDR_NM='SYSCAL' AND KC.CLNDR_DAY_AGE between 0 and 14 - 1)
--Parameter that indicates what account are included for customer focus to monitor :
--Y - cover only accounts for which a customer plays a primary role
--N - cover account over which a customer has a discretion
and 'Y' = 'Y'
-- allow user to include or exclude related parties
and ('Y' = 'Y' or   (tr.UNRLTD_PARTY_FL = 'Y' or tr.UNRLTD_PARTY_FL IS NULL))
-- allow user to include (Y) or exclude (N)  Bank-to-Bank transactions between related parties
and ('Y' = 'Y' or NOT(tr.BANK_TO_BANK_TRNFR_FL = 'Y' and tr.PASS_THRU_FL = 'N'))
and ('Y' = 'Y' or COALESCE(tr.TRSTD_TRXN_FL,'N') ='N')
--PR-47385
and tr.CXL_PAIR_TRXN_INTRL_ID is null
--------------------------------------
UNION ALL
--------------------------------------
SELECT 
           tr.FO_TRXN_SEQ_ID,
           c.CUST_INTRL_ID CUST_ID -- PR 39625
FROM      fccmatomic.MI_TRXN tr,
                 fccmatomic.ACCT ac, 
                 fccmatomic.CUST_ACCT ca, 
				         fccmatomic.CUST c, 
                 fccmatomic.CUST_ACCT_ROLE car 
WHERE     
--21153210
( 
(tr.BENEF_ACCT_ID = ac.ACCT_INTRL_ID AND tr.INTRL_BENEF_ACCT_FL = 'Y')
OR
(tr.SCND_BENEF_ACCT_ID = ac.ACCT_INTRL_ID AND tr.INTRL_SCND_BENEF_ACCT_FL = 'Y'
 AND       
 (tr.INTRL_BENEF_ACCT_FL <> 'Y' 
 OR  
--Bug#24961863  
 c.cust_intrl_id not in COALESCE((select cta.cust_intrl_id
                                                             from fccmatomic.CUST_ACCT cta,
                                                                  fccmatomic.ACCT act,
                                                                  fccmatomic.CUST_ACCT_ROLE car2
                                                             where act.acct_intrl_id = cta.acct_intrl_id
                                                                  and cta.cust_acct_role_cd = car2.cust_acct_role_cd
                                                                  and (car2.trdng_auth_fl = 'Y' or car2.wdrwl_auth_fl = 'Y' or car2.poa_fl = 'Y')
                                                                  and act.ACCT_INTRL_ID = tr.BENEF_ACCT_ID),'NULL')
 )
)
)
and ac.acct_intrl_id = ca.acct_intrl_id
and ca.CUST_INTRL_ID = c.CUST_INTRL_ID
and ca.cust_acct_role_cd = car.cust_acct_role_cd
-- Cover either all transaction or only form the Incl_Trans_Src_Lst 
AND       ('Y'='Y' OR tr.SRC_SYS_CD IN ('Inactive'))
-- Cover only specific accounts 
AND       ac.MANTAS_ACCT_BUS_TYPE_CD in ('RBK', 'RBR')
--	Include Retail Customer Accounts Only   
and       ac.MANTAS_ACCT_HOLDR_TYPE_CD in ('CR')
-- Cover customers either from all jurisdiction or from Incl_Jurisdictions_Lst only
-- PR 39625
AND ('N' = 'Y' or c.JRSDCN_CD in ('AIIN'))
AND c.CUST_EFCTV_RISK_NB <> -2
--AND       ac.PRMRY_CUST_INTRL_ID is not null  --commented as per PR39625
and       DECODE('B','F',tr.TRXN_FUNC_AM,tr.TRXN_BASE_AM) >=3000
and       tr.MANTAS_TRXN_PURP_CD = 'GENERAL'
and       tr.MANTAS_TRXN_PRDCT_CD in ('CASH-EQ-CASHIER-CHECK', 'CASH-EQ-CERT-CHECK', 'CASH-EQ-MONEY-ORDER', 'CASH-EQ-TRAVELERS-CHECK', 'CASH-EQ-OTHER', 'CASH-LETTER', 'CHECK', 'PAPER-OTHER', 'CHECK-ACH')
-- ------------------------------------------------------------------------------------------------------
--21153210
and tr.MANTAS_POST_DT IN (SELECT KC.CLNDR_DT FROM fccmatomic.KDD_CAL KC WHERE KC.CLNDR_NM='SYSCAL' AND KC.CLNDR_DAY_AGE between 0 and 14 - 1)
and tr.DATA_DUMP_DT IN (SELECT KC.CLNDR_DT FROM fccmatomic.KDD_CAL KC WHERE KC.CLNDR_NM='SYSCAL' AND KC.CLNDR_DAY_AGE between 0 and 14 - 1)
--Parameter that indicates what account are included for customer focus to monitor :
--Y - cover only accounts for which a customer plays a primary role
--N - cover account over which a customer has a discretion
and 'Y' = 'N'
-- Account Customer Role will be viewed as disretionary  
and (car.trdng_auth_fl = 'Y' or car.wdrwl_auth_fl = 'Y' or car.poa_fl = 'Y')
-- allow user to include or exclude related parties
and ('Y' = 'Y' or   (tr.UNRLTD_PARTY_FL = 'Y' or tr.UNRLTD_PARTY_FL IS NULL))
-- allow user to include (Y) or exclude (N)  Bank-to-Bank transactions between related parties
and ('Y' = 'Y' or NOT(tr.BANK_TO_BANK_TRNFR_FL = 'Y' and tr.PASS_THRU_FL = 'N'))
and ('Y' = 'Y' or COALESCE(tr.TRSTD_TRXN_FL,'N') ='N')
--PR-47385
and tr.CXL_PAIR_TRXN_INTRL_ID is null
 ) ot, TT_DLY_116000099_4_1 RMT WHERE ot.CUST_ID = RMT.FOCAL_ENTITY_ID ORDER BY ot.FO_TRXN_SEQ_ID
05/21/2026 12:24:42 DEBUG : Thread ID = 139648306579200:  Rule Matcher:   File = RuleMatcher.cc:  Line = 465:  Processing Match State Id: 0
 
05/21/2026 12:24:42 DEBUG : Thread ID = 139648306579200:  Rule Matcher:   File = RuleMatcher.cc:  Line = 721:  Match results for SubRule:
  Dataset: 114016614
  Number of matched records: 1
  Variables: 
 
05/21/2026 12:24:42 DEBUG : Thread ID = 139648306579200:  Rule Matcher:   File = RuleMatcher.cc:  Line = 741:  Checkpoint true, evaluating variables: 
 
05/21/2026 12:24:42 DEBUG : Thread ID = 139648306579200:  Rule Matcher:   File = RuleMatcher.cc:  Line = 465:  Processing Match State Id: 1
 
05/21/2026 12:24:42 DEBUG : Thread ID = 139648306579200:  Rule Matcher:   File = RuleMatcher.cc:  Line = 721:  Match results for SubRule:
  Dataset: 114016614
  Number of matched records: 0
  Variables: 
 
05/21/2026 12:24:42 DEBUG : Thread ID = 139648306579200:  Rule Matcher:   File = RuleMatcher.cc:  Line = 741:  Checkpoint true, evaluating variables: 
 
05/21/2026 12:24:42 DEBUG : Thread ID = 139648306579200:  Rule Matcher:   File = RuleMatcher.cc:  Line = 465:  Processing Match State Id: 2
 
05/21/2026 12:24:42 DEBUG : Thread ID = 139648306579200:  Rule Matcher:   File = RuleMatcher.cc:  Line = 721:  Match results for SubRule:
  Dataset: 114016614
  Number of matched records: 1
  Variables: 
 
05/21/2026 12:24:42 DEBUG : Thread ID = 139648306579200:  Rule Matcher:   File = RuleMatcher.cc:  Line = 741:  Checkpoint true, evaluating variables: 
 
05/21/2026 12:24:42 DEBUG : Thread ID = 139648306579200:  Rule Matcher:   File = RuleMatcher.cc:  Line = 465:  Processing Match State Id: 3
 
05/21/2026 12:24:42 DEBUG : Thread ID = 139648306579200:  Rule Matcher:   File = RuleMatcher.cc:  Line = 721:  Match results for SubRule:
  Dataset: 114016614
  Number of matched records: 0
  Variables: 
 
05/21/2026 12:24:42 DEBUG : Thread ID = 139648306579200:  Rule Matcher:   File = RuleMatcher.cc:  Line = 741:  Checkpoint true, evaluating variables: 
 
05/21/2026 12:24:42 DEBUG : Thread ID = 139648306579200:  Rule Matcher:   File = RuleMatcher.cc:  Line = 465:  Processing Match State Id: 4
 
05/21/2026 12:24:42 DEBUG : Thread ID = 139648306579200:  Rule Matcher:   File = RuleMatcher.cc:  Line = 721:  Match results for SubRule:
  Dataset: 114016614
  Number of matched records: 0
  Variables: 
 
05/21/2026 12:24:42 DEBUG : Thread ID = 139648306579200:  Rule Matcher:   File = RuleMatcher.cc:  Line = 741:  Checkpoint true, evaluating variables: 
 
05/21/2026 12:24:42 INFO : Thread ID = 139648306579200:  Rule Matcher:   File = RuleMatcher.cc:  Line = 447:  Beginning Processing Sub Rule: 
  Dataset: 114016621 
05/21/2026 12:24:42 DEBUG : Thread ID = 139648306579200:  Rule Matcher:   File = dscursor.cc:  Line = 1161:  Found a reference to a dataset.  Calling getDatasetSql to resolve thresholds.  Id = 114016621 
05/21/2026 12:24:42 DEBUG : Thread ID = 139648306579200:  Rule Matcher:   File = dscursor.cc:  Line = 1175:  After expansion, sql = SELECT ot.FO_TRXN_SEQ_ID, ot.CUST_ID FROM (-- PR-47385 added 'CXL_PAIR_TRXN_INTRL_ID' filter on all front office transactions
-- agrawalr on 15th july '2010: Added Trusted pair functionality as per PR 44565
-- agrawalr on 15th Mar, 2010: PR 42468: Adding Cust table and 3 filters
-- 09/15/2009   PR 39625   
-- In the SELECT clause (where  @Primary_Cust_Fl = 'N')
-- Added CUST table
-- Replaced ACCT.PRMRY_CUST_INTRL_ID 
-- BY: CUST.CUST_INTRL_ID
-- Added filters : 
-- "CUST.CUST_EFCTV_RISK_NB <> -2"  
-- and "(@All_Jurisdictions_Fl = 'Y' or CUST.JRSDCN_CD in (@Incl_Jurisdictions_Lst))"
-- 06/02/2005  CR 24685   Joint Account and Beneficial Owners
-- 06/02/2005  CR 24683   Excluding Activities Between Related Parties
-- Only one part of UNION ALL will be executed 
-- threshold @Primary_Cust_Fl define which of them  
-- @Primary_Cust_Fl is parameter that indicates what account are included for customer focus to monitor :
-- Y - cover only accounts for which a customer plays a primary role
-- N - cover account over which a customer has a discretion
SELECT 
          tr.FO_TRXN_SEQ_ID,
          ac.PRMRY_CUST_INTRL_ID CUST_ID
FROM   	fccmatomic.MI_TRXN tr,
		    fccmatomic.ACCT ac,
	      fccmatomic.CUST c   -- PR 42468: Adding Cust Table
WHERE     
          tr.REM_ACCT_ID = ac.ACCT_INTRL_ID
-- PR 42468 Starts: Adding filters:
AND       c.cust_intrl_id = ac.prmry_cust_intrl_id
AND       c.CUST_EFCTV_RISK_NB <> -2 
AND       (@All_Jurisdictions_Fl = 'Y' or c.JRSDCN_CD in (@Incl_Jurisdictions_Lst))
-- PR 42468 Ends
AND       tr.INTRL_REM_ACCT_FL = 'Y'
-- Cover either all transaction or only form the Incl_Trans_Src_Lst 
AND       (@All_Trans_Src_Fl='Y' OR tr.SRC_SYS_CD IN (@Incl_Trans_Src_Lst))
-- Cover only specific accounts 
AND       ac.MANTAS_ACCT_BUS_TYPE_CD in (@Mantas_Bus_Acct_Type_Lst)
--	Include Retail Customer Accounts Only   
and       ac.MANTAS_ACCT_HOLDR_TYPE_CD in (@Incld_Acct_Hldr_Typ_Cd)
and       DECODE(@Curr_Type,'F',tr.TRXN_FUNC_AM,tr.TRXN_BASE_AM) >=@Min_Individual_Trans_Amt
and       tr.MANTAS_TRXN_PURP_CD = 'GENERAL'
and       tr.MANTAS_TRXN_PRDCT_CD in (@Incl_MI_Trxn_Prdct_Type_Lst)
-- ------------------------------------------------------------------------------------------------------
--21153210
and tr.MANTAS_ISSUE_DATE IN (SELECT KC.CLNDR_DT FROM fccmatomic.KDD_CAL KC WHERE KC.CLNDR_NM='SYSCAL' AND KC.CLNDR_DAY_AGE between 0 and @Look_Back_Period - 1)
and tr.DATA_DUMP_DT IN (SELECT KC.CLNDR_DT FROM fccmatomic.KDD_CAL KC WHERE KC.CLNDR_NM='SYSCAL' AND KC.CLNDR_DAY_AGE between 0 and @Look_Back_Period - 1)
--Parameter that indicates what account are included for customer focus to monitor :
--Y - cover only accounts for which a customer plays a primary role
--N - cover account over which a customer has a discretion
and @Primary_Cust_Fl = 'Y'
-- allow user to include or exclude related parties
and (@Include_Related_Parties_Fl = 'Y' or   (tr.UNRLTD_PARTY_FL = 'Y' or tr.UNRLTD_PARTY_FL IS NULL))
-- allow user to include (Y) or exclude (N)  Bank-to-Bank transactions between related parties
and (@Include_B2B_Trnfr_Fl = 'Y' or NOT(tr.BANK_TO_BANK_TRNFR_FL = 'Y' and tr.PASS_THRU_FL = 'N'))
and (@Include_Trusted_Trans_FL = 'Y' or COALESCE(tr.TRSTD_TRXN_FL,'N') ='N')
--PR-47385
and tr.CXL_PAIR_TRXN_INTRL_ID is null
--------------------------------------
UNION ALL
--------------------------------------
SELECT 
          tr.FO_TRXN_SEQ_ID,
          c.CUST_INTRL_ID CUST_ID -- PR 39625
FROM      fccmatomic.MI_TRXN tr,
                 fccmatomic.ACCT ac,
                 fccmatomic.CUST_ACCT ca,
				         fccmatomic.CUST c,
                 fccmatomic.CUST_ACCT_ROLE car
WHERE
tr.REM_ACCT_ID = ac.acct_intrl_id 
and ac.acct_intrl_id = ca.acct_intrl_id
and ca.CUST_INTRL_ID = c.CUST_INTRL_ID
and ca.cust_acct_role_cd = car.cust_acct_role_cd
and        tr.INTRL_REM_ACCT_FL = 'Y'
-- Cover either all transaction or only form the Incl_Trans_Src_Lst 
AND       (@All_Trans_Src_Fl='Y' OR tr.SRC_SYS_CD IN (@Incl_Trans_Src_Lst))
-- Cover only specific accounts 
AND       ac.MANTAS_ACCT_BUS_TYPE_CD in (@Mantas_Bus_Acct_Type_Lst)
-- Cover customers either from all jurisdiction or from Incl_Jurisdictions_Lst only
-- PR 39625
AND (@All_Jurisdictions_Fl = 'Y' or c.JRSDCN_CD in (@Incl_Jurisdictions_Lst))
AND c.CUST_EFCTV_RISK_NB <> -2 
--	Include Retail Customer Accounts Only   
and       ac.MANTAS_ACCT_HOLDR_TYPE_CD in (@Incld_Acct_Hldr_Typ_Cd)
and       DECODE(@Curr_Type,'F',tr.TRXN_FUNC_AM,tr.TRXN_BASE_AM) >=@Min_Individual_Trans_Amt
and       tr.MANTAS_TRXN_PURP_CD = 'GENERAL'
and       tr.MANTAS_TRXN_PRDCT_CD in (@Incl_MI_Trxn_Prdct_Type_Lst)
-- ------------------------------------------------------------------------------------------------------
--21153210
and tr.MANTAS_ISSUE_DATE IN (SELECT KC.CLNDR_DT FROM fccmatomic.KDD_CAL KC WHERE KC.CLNDR_NM='SYSCAL' AND KC.CLNDR_DAY_AGE between 0 and @Look_Back_Period - 1)
and tr.DATA_DUMP_DT IN (SELECT KC.CLNDR_DT FROM fccmatomic.KDD_CAL KC WHERE KC.CLNDR_NM='SYSCAL' AND KC.CLNDR_DAY_AGE between 0 and @Look_Back_Period - 1)
--Parameter that indicates what account are included for customer focus to monitor :
--Y - cover only accounts for which a customer plays a primary role
--N - cover account over which a customer has a discretion
and @Primary_Cust_Fl = 'N'
-- Account Customer Role will be viewed as disretionary  
and (car.trdng_auth_fl = 'Y' or car.wdrwl_auth_fl = 'Y' or car.poa_fl = 'Y')
-- allow user to include or exclude related parties
and (@Include_Related_Parties_Fl = 'Y' or   (tr.UNRLTD_PARTY_FL = 'Y' or tr.UNRLTD_PARTY_FL IS NULL))
-- allow user to include (Y) or exclude (N)  Bank-to-Bank transactions between related parties
and (@Include_B2B_Trnfr_Fl = 'Y' or NOT(tr.BANK_TO_BANK_TRNFR_FL = 'Y' and tr.PASS_THRU_FL = 'N'))
and (@Include_Trusted_Trans_FL = 'Y' or COALESCE(tr.TRSTD_TRXN_FL,'N') ='N')
--PR-47385
and tr.CXL_PAIR_TRXN_INTRL_ID is null
 ) ot, TT_DLY_116000099_4_1 RMT WHERE ot.CUST_ID = RMT.FOCAL_ENTITY_ID ORDER BY ot.FO_TRXN_SEQ_ID 
05/21/2026 12:24:42 DEBUG : Thread ID = 139648306579200:  Rule Matcher:   File = dscursor.cc:  Line = 748:  Preparing to select from dataset 114016621 
05/21/2026 12:24:42 DEBUG : Thread ID = 139648306579200:  Rule Matcher:   File = dscursor.cc:  Line = 754:  SELECT  ot.FO_TRXN_SEQ_ID, ot.CUST_ID FROM (-- PR-47385 added 'CXL_PAIR_TRXN_INTRL_ID' filter on all front office transactions
-- agrawalr on 15th july '2010: Added Trusted pair functionality as per PR 44565
-- agrawalr on 15th Mar, 2010: PR 42468: Adding Cust table and 3 filters
-- 09/15/2009   PR 39625   
-- In the SELECT clause (where  'Y' = 'N')
-- Added CUST table
-- Replaced ACCT.PRMRY_CUST_INTRL_ID 
-- BY: CUST.CUST_INTRL_ID
-- Added filters : 
-- "CUST.CUST_EFCTV_RISK_NB <> -2"  
-- and "('N' = 'Y' or CUST.JRSDCN_CD in ('AIIN'))"
-- 06/02/2005  CR 24685   Joint Account and Beneficial Owners
-- 06/02/2005  CR 24683   Excluding Activities Between Related Parties
-- Only one part of UNION ALL will be executed 
-- threshold 'Y' define which of them  
-- 'Y' is parameter that indicates what account are included for customer focus to monitor :
-- Y - cover only accounts for which a customer plays a primary role
-- N - cover account over which a customer has a discretion
SELECT 
          tr.FO_TRXN_SEQ_ID,
          ac.PRMRY_CUST_INTRL_ID CUST_ID
FROM   	fccmatomic.MI_TRXN tr,
		    fccmatomic.ACCT ac,
	      fccmatomic.CUST c   -- PR 42468: Adding Cust Table
WHERE     
          tr.REM_ACCT_ID = ac.ACCT_INTRL_ID
-- PR 42468 Starts: Adding filters:
AND       c.cust_intrl_id = ac.prmry_cust_intrl_id
AND       c.CUST_EFCTV_RISK_NB <> -2 
AND       ('N' = 'Y' or c.JRSDCN_CD in ('AIIN'))
-- PR 42468 Ends
AND       tr.INTRL_REM_ACCT_FL = 'Y'
-- Cover either all transaction or only form the Incl_Trans_Src_Lst 
AND       ('Y'='Y' OR tr.SRC_SYS_CD IN ('Inactive'))
-- Cover only specific accounts 
AND       ac.MANTAS_ACCT_BUS_TYPE_CD in ('RBK', 'RBR')
--	Include Retail Customer Accounts Only   
and       ac.MANTAS_ACCT_HOLDR_TYPE_CD in ('CR')
and       DECODE('B','F',tr.TRXN_FUNC_AM,tr.TRXN_BASE_AM) >=3000
and       tr.MANTAS_TRXN_PURP_CD = 'GENERAL'
and       tr.MANTAS_TRXN_PRDCT_CD in ('CASH-EQ-CASHIER-CHECK', 'CASH-EQ-CERT-CHECK', 'CASH-EQ-MONEY-ORDER', 'CASH-EQ-TRAVELERS-CHECK', 'CASH-EQ-OTHER', 'CASH-LETTER', 'CHECK', 'PAPER-OTHER', 'CHECK-ACH')
-- ------------------------------------------------------------------------------------------------------
--21153210
and tr.MANTAS_ISSUE_DATE IN (SELECT KC.CLNDR_DT FROM fccmatomic.KDD_CAL KC WHERE KC.CLNDR_NM='SYSCAL' AND KC.CLNDR_DAY_AGE between 0 and 14 - 1)
and tr.DATA_DUMP_DT IN (SELECT KC.CLNDR_DT FROM fccmatomic.KDD_CAL KC WHERE KC.CLNDR_NM='SYSCAL' AND KC.CLNDR_DAY_AGE between 0 and 14 - 1)
--Parameter that indicates what account are included for customer focus to monitor :
--Y - cover only accounts for which a customer plays a primary role
--N - cover account over which a customer has a discretion
and 'Y' = 'Y'
-- allow user to include or exclude related parties
and ('Y' = 'Y' or   (tr.UNRLTD_PARTY_FL = 'Y' or tr.UNRLTD_PARTY_FL IS NULL))
-- allow user to include (Y) or exclude (N)  Bank-to-Bank transactions between related parties
and ('Y' = 'Y' or NOT(tr.BANK_TO_BANK_TRNFR_FL = 'Y' and tr.PASS_THRU_FL = 'N'))
and ('Y' = 'Y' or COALESCE(tr.TRSTD_TRXN_FL,'N') ='N')
--PR-47385
and tr.CXL_PAIR_TRXN_INTRL_ID is null
--------------------------------------
UNION ALL
--------------------------------------
SELECT 
          tr.FO_TRXN_SEQ_ID,
          c.CUST_INTRL_ID CUST_ID -- PR 39625
FROM      fccmatomic.MI_TRXN tr,
                 fccmatomic.ACCT ac,
                 fccmatomic.CUST_ACCT ca,
				         fccmatomic.CUST c,
                 fccmatomic.CUST_ACCT_ROLE car
WHERE
tr.REM_ACCT_ID = ac.acct_intrl_id 
and ac.acct_intrl_id = ca.acct_intrl_id
and ca.CUST_INTRL_ID = c.CUST_INTRL_ID
and ca.cust_acct_role_cd = car.cust_acct_role_cd
and        tr.INTRL_REM_ACCT_FL = 'Y'
-- Cover either all transaction or only form the Incl_Trans_Src_Lst 
AND       ('Y'='Y' OR tr.SRC_SYS_CD IN ('Inactive'))
-- Cover only specific accounts 
AND       ac.MANTAS_ACCT_BUS_TYPE_CD in ('RBK', 'RBR')
-- Cover customers either from all jurisdiction or from Incl_Jurisdictions_Lst only
-- PR 39625
AND ('N' = 'Y' or c.JRSDCN_CD in ('AIIN'))
AND c.CUST_EFCTV_RISK_NB <> -2 
--	Include Retail Customer Accounts Only   
and       ac.MANTAS_ACCT_HOLDR_TYPE_CD in ('CR')
and       DECODE('B','F',tr.TRXN_FUNC_AM,tr.TRXN_BASE_AM) >=3000
and       tr.MANTAS_TRXN_PURP_CD = 'GENERAL'
and       tr.MANTAS_TRXN_PRDCT_CD in ('CASH-EQ-CASHIER-CHECK', 'CASH-EQ-CERT-CHECK', 'CASH-EQ-MONEY-ORDER', 'CASH-EQ-TRAVELERS-CHECK', 'CASH-EQ-OTHER', 'CASH-LETTER', 'CHECK', 'PAPER-OTHER', 'CHECK-ACH')
-- ------------------------------------------------------------------------------------------------------
--21153210
and tr.MANTAS_ISSUE_DATE IN (SELECT KC.CLNDR_DT FROM fccmatomic.KDD_CAL KC WHERE KC.CLNDR_NM='SYSCAL' AND KC.CLNDR_DAY_AGE between 0 and 14 - 1)
and tr.DATA_DUMP_DT IN (SELECT KC.CLNDR_DT FROM fccmatomic.KDD_CAL KC WHERE KC.CLNDR_NM='SYSCAL' AND KC.CLNDR_DAY_AGE between 0 and 14 - 1)
--Parameter that indicates what account are included for customer focus to monitor :
--Y - cover only accounts for which a customer plays a primary role
--N - cover account over which a customer has a discretion
and 'Y' = 'N'
-- Account Customer Role will be viewed as disretionary  
and (car.trdng_auth_fl = 'Y' or car.wdrwl_auth_fl = 'Y' or car.poa_fl = 'Y')
-- allow user to include or exclude related parties
and ('Y' = 'Y' or   (tr.UNRLTD_PARTY_FL = 'Y' or tr.UNRLTD_PARTY_FL IS NULL))
-- allow user to include (Y) or exclude (N)  Bank-to-Bank transactions between related parties
and ('Y' = 'Y' or NOT(tr.BANK_TO_BANK_TRNFR_FL = 'Y' and tr.PASS_THRU_FL = 'N'))
and ('Y' = 'Y' or COALESCE(tr.TRSTD_TRXN_FL,'N') ='N')
--PR-47385
and tr.CXL_PAIR_TRXN_INTRL_ID is null
 ) ot, TT_DLY_116000099_4_1 RMT WHERE ot.CUST_ID = RMT.FOCAL_ENTITY_ID ORDER BY ot.FO_TRXN_SEQ_ID
05/21/2026 12:24:42 DEBUG : Thread ID = 139648306579200:  Rule Matcher:   File = RuleMatcher.cc:  Line = 465:  Processing Match State Id: 0
 
05/21/2026 12:24:42 DEBUG : Thread ID = 139648306579200:  Rule Matcher:   File = RuleMatcher.cc:  Line = 721:  Match results for SubRule:
  Dataset: 114016621
  Number of matched records: 0
  Variables: 
 
05/21/2026 12:24:42 DEBUG : Thread ID = 139648306579200:  Rule Matcher:   File = RuleMatcher.cc:  Line = 741:  Checkpoint true, evaluating variables: 
 
05/21/2026 12:24:42 DEBUG : Thread ID = 139648306579200:  Rule Matcher:   File = RuleMatcher.cc:  Line = 465:  Processing Match State Id: 1
 
05/21/2026 12:24:42 DEBUG : Thread ID = 139648306579200:  Rule Matcher:   File = RuleMatcher.cc:  Line = 721:  Match results for SubRule:
  Dataset: 114016621
  Number of matched records: 0
  Variables: 
 
05/21/2026 12:24:42 DEBUG : Thread ID = 139648306579200:  Rule Matcher:   File = RuleMatcher.cc:  Line = 741:  Checkpoint true, evaluating variables: 
 
05/21/2026 12:24:42 DEBUG : Thread ID = 139648306579200:  Rule Matcher:   File = RuleMatcher.cc:  Line = 465:  Processing Match State Id: 2
 
05/21/2026 12:24:42 DEBUG : Thread ID = 139648306579200:  Rule Matcher:   File = RuleMatcher.cc:  Line = 721:  Match results for SubRule:
  Dataset: 114016621
  Number of matched records: 0
  Variables: 
 
05/21/2026 12:24:42 DEBUG : Thread ID = 139648306579200:  Rule Matcher:   File = RuleMatcher.cc:  Line = 741:  Checkpoint true, evaluating variables: 
 
05/21/2026 12:24:42 DEBUG : Thread ID = 139648306579200:  Rule Matcher:   File = RuleMatcher.cc:  Line = 465:  Processing Match State Id: 3
 
05/21/2026 12:24:42 DEBUG : Thread ID = 139648306579200:  Rule Matcher:   File = RuleMatcher.cc:  Line = 721:  Match results for SubRule:
  Dataset: 114016621
  Number of matched records: 0
  Variables: 
 
05/21/2026 12:24:42 DEBUG : Thread ID = 139648306579200:  Rule Matcher:   File = RuleMatcher.cc:  Line = 741:  Checkpoint true, evaluating variables: 
 
05/21/2026 12:24:42 DEBUG : Thread ID = 139648306579200:  Rule Matcher:   File = RuleMatcher.cc:  Line = 465:  Processing Match State Id: 4
 
05/21/2026 12:24:42 DEBUG : Thread ID = 139648306579200:  Rule Matcher:   File = RuleMatcher.cc:  Line = 721:  Match results for SubRule:
  Dataset: 114016621
  Number of matched records: 0
  Variables: 
 
05/21/2026 12:24:42 DEBUG : Thread ID = 139648306579200:  Rule Matcher:   File = RuleMatcher.cc:  Line = 741:  Checkpoint true, evaluating variables: 
 
05/21/2026 12:24:42 INFO : Thread ID = 139648306579200:  Rule Matcher:   File = RuleMatcher.cc:  Line = 447:  Beginning Processing Sub Rule: 
  Dataset: 114016623 
05/21/2026 12:24:42 DEBUG : Thread ID = 139648306579200:  Rule Matcher:   File = dscursor.cc:  Line = 1161:  Found a reference to a dataset.  Calling getDatasetSql to resolve thresholds.  Id = 114016623 
05/21/2026 12:24:42 DEBUG : Thread ID = 139648306579200:  Rule Matcher:   File = dscursor.cc:  Line = 1175:  After expansion, sql = SELECT ot.FO_TRXN_SEQ_ID, ot.CUST_ID FROM (-- PR-47385 added 'CXL_PAIR_TRXN_INTRL_ID' filter on all front office transactions
-- agrawalr on 15th Mar, 2010: PR 42468: Adding Cust table and 3 filters
-- 09/15/2009   PR 39625   
-- In the SELECT clause (where  @Primary_Cust_Fl = 'N')
-- Added CUST table
-- Replaced ACCT.PRMRY_CUST_INTRL_ID 
-- BY: CUST.CUST_INTRL_ID
-- Added filters : 
-- "CUST.CUST_EFCTV_RISK_NB <> -2"  
-- and "(@All_Jurisdictions_Fl = 'Y' or CUST.JRSDCN_CD in (@Incl_Jurisdictions_Lst))"
-- Only one part of UNION ALL will be executed 
-- threshold @Primary_Cust_Fl define which of them  
-- @Primary_Cust_Fl is parameter that indicates what account are included for customer focus to monitor :
-- Y - cover only accounts for which a customer plays a primary role
-- N - cover account over which a customer has a discretion
SELECT 
          tr.FO_TRXN_SEQ_ID,
          ac.PRMRY_CUST_INTRL_ID CUST_ID
FROM    fccmatomic.CASH_TRXN tr,
		fccmatomic.ACCT ac,
		fccmatomic.CUST c   -- PR 42468: Adding Cust Table
WHERE     
          tr.DBT_CDT_CD = 'C'
AND       tr.ACCT_INTRL_ID = ac.ACCT_INTRL_ID
-- PR 42468 Starts: Adding filters:
AND       c.cust_intrl_id = ac.prmry_cust_intrl_id
AND       c.CUST_EFCTV_RISK_NB <> -2 
AND       (@All_Jurisdictions_Fl = 'Y' or c.JRSDCN_CD in (@Incl_Jurisdictions_Lst))
-- PR 42468 Ends
-- Cover either all transaction or only form the Incl_Trans_Src_Lst 
AND       (@All_Trans_Src_Fl='Y' OR tr.SRC_SYS_CD IN (@Incl_Trans_Src_Lst))
-- Cover only specific accounts
AND       ac.MANTAS_ACCT_BUS_TYPE_CD in (@Mantas_Bus_Acct_Type_Lst)
--	Include Retail Customer Accounts Only 
and       ac.MANTAS_ACCT_HOLDR_TYPE_CD in (@Incld_Acct_Hldr_Typ_Cd)
and       DECODE(@Curr_Type,'F',tr.TRXN_FUNC_AM,tr.TRXN_BASE_AM) >=@Min_Individual_Trans_Amt
and       tr.MANTAS_TRXN_PURP_CD = 'GENERAL'
and       tr.MANTAS_TRXN_PRDCT_CD in (@Incl_Cash_Trxn_Prdct_Type_Lst)
-- ------------------------------------------------------------------------------------------------------
--21153210
and       tr.TRXN_EXCTN_DT IN (SELECT KC.CLNDR_DT FROM fccmatomic.KDD_CAL KC WHERE KC.CLNDR_NM='SYSCAL' AND KC.CLNDR_DAY_AGE between 0 and @Look_Back_Period - 1)
and       tr.DATA_DUMP_DT IN (SELECT KC.CLNDR_DT FROM fccmatomic.KDD_CAL KC WHERE KC.CLNDR_NM='SYSCAL' AND KC.CLNDR_DAY_AGE between 0 and @Look_Back_Period - 1)
--Parameter that indicates what account are included for customer focus to monitor :
--Y - cover only accounts for which a customer plays a primary role
--N - cover account over which a customer has a discretion
and @Primary_Cust_Fl = 'Y'
--PR-47385
and tr.CXL_PAIR_TRXN_INTRL_ID is null
--------------------------------------
UNION ALL
--------------------------------------
SELECT 
          tr.FO_TRXN_SEQ_ID,
          c.CUST_INTRL_ID CUST_ID -- PR 39625
FROM      fccmatomic.CASH_TRXN tr,
               fccmatomic.ACCT ac, 
               fccmatomic.CUST_ACCT ca,
               fccmatomic.CUST c, 
               fccmatomic.CUST_ACCT_ROLE car 
WHERE
 tr.acct_intrl_id = ac.acct_intrl_id 
and ac.acct_intrl_id = ca.acct_intrl_id   
and ca.CUST_INTRL_ID = c.CUST_INTRL_ID  
and ca.cust_acct_role_cd = car.cust_acct_role_cd
and        tr.DBT_CDT_CD = 'C'
-- Cover either all transaction or only form the Incl_Trans_Src_Lst 
AND       (@All_Trans_Src_Fl='Y' OR tr.SRC_SYS_CD IN (@Incl_Trans_Src_Lst))
-- Cover only specific accounts
AND       ac.MANTAS_ACCT_BUS_TYPE_CD in (@Mantas_Bus_Acct_Type_Lst)
-- Cover customers either from all jurisdiction or from Incl_Jurisdictions_Lst only
-- PR 39625
AND (@All_Jurisdictions_Fl = 'Y' or c.JRSDCN_CD in (@Incl_Jurisdictions_Lst))
AND c.CUST_EFCTV_RISK_NB <> -2
--	Include Retail Customer Accounts Only 
and       ac.MANTAS_ACCT_HOLDR_TYPE_CD in (@Incld_Acct_Hldr_Typ_Cd)
and       DECODE(@Curr_Type,'F',tr.TRXN_FUNC_AM,tr.TRXN_BASE_AM) >=@Min_Individual_Trans_Amt
and       tr.MANTAS_TRXN_PURP_CD = 'GENERAL'
and       tr.MANTAS_TRXN_PRDCT_CD in (@Incl_Cash_Trxn_Prdct_Type_Lst)
-- ------------------------------------------------------------------------------------------------------
--21153210
and       tr.TRXN_EXCTN_DT IN (SELECT KC.CLNDR_DT FROM fccmatomic.KDD_CAL KC WHERE KC.CLNDR_NM='SYSCAL' AND KC.CLNDR_DAY_AGE between 0 and @Look_Back_Period - 1)
and       tr.DATA_DUMP_DT IN (SELECT KC.CLNDR_DT FROM fccmatomic.KDD_CAL KC WHERE KC.CLNDR_NM='SYSCAL' AND KC.CLNDR_DAY_AGE between 0 and @Look_Back_Period - 1)
--Parameter that indicates what account are included for customer focus to monitor :
--Y - cover only accounts for which a customer plays a primary role
--N - cover account over which a customer has a discretion
and @Primary_Cust_Fl = 'N'
-- Account Customer Role will be viewed as disretionary  
and (car.trdng_auth_fl = 'Y' or car.wdrwl_auth_fl = 'Y' or car.poa_fl = 'Y')
--PR-47385
and tr.CXL_PAIR_TRXN_INTRL_ID is null
 ) ot, TT_DLY_116000099_4_1 RMT WHERE ot.CUST_ID = RMT.FOCAL_ENTITY_ID ORDER BY ot.FO_TRXN_SEQ_ID 
05/21/2026 12:24:42 DEBUG : Thread ID = 139648306579200:  Rule Matcher:   File = dscursor.cc:  Line = 748:  Preparing to select from dataset 114016623 
05/21/2026 12:24:42 DEBUG : Thread ID = 139648306579200:  Rule Matcher:   File = dscursor.cc:  Line = 754:  SELECT  ot.FO_TRXN_SEQ_ID, ot.CUST_ID FROM (-- PR-47385 added 'CXL_PAIR_TRXN_INTRL_ID' filter on all front office transactions
-- agrawalr on 15th Mar, 2010: PR 42468: Adding Cust table and 3 filters
-- 09/15/2009   PR 39625   
-- In the SELECT clause (where  'Y' = 'N')
-- Added CUST table
-- Replaced ACCT.PRMRY_CUST_INTRL_ID 
-- BY: CUST.CUST_INTRL_ID
-- Added filters : 
-- "CUST.CUST_EFCTV_RISK_NB <> -2"  
-- and "('N' = 'Y' or CUST.JRSDCN_CD in ('AIIN'))"
-- Only one part of UNION ALL will be executed 
-- threshold 'Y' define which of them  
-- 'Y' is parameter that indicates what account are included for customer focus to monitor :
-- Y - cover only accounts for which a customer plays a primary role
-- N - cover account over which a customer has a discretion
SELECT 
          tr.FO_TRXN_SEQ_ID,
          ac.PRMRY_CUST_INTRL_ID CUST_ID
FROM    fccmatomic.CASH_TRXN tr,
		fccmatomic.ACCT ac,
		fccmatomic.CUST c   -- PR 42468: Adding Cust Table
WHERE     
          tr.DBT_CDT_CD = 'C'
AND       tr.ACCT_INTRL_ID = ac.ACCT_INTRL_ID
-- PR 42468 Starts: Adding filters:
AND       c.cust_intrl_id = ac.prmry_cust_intrl_id
AND       c.CUST_EFCTV_RISK_NB <> -2 
AND       ('N' = 'Y' or c.JRSDCN_CD in ('AIIN'))
-- PR 42468 Ends
-- Cover either all transaction or only form the Incl_Trans_Src_Lst 
AND       ('Y'='Y' OR tr.SRC_SYS_CD IN ('Inactive'))
-- Cover only specific accounts
AND       ac.MANTAS_ACCT_BUS_TYPE_CD in ('RBK', 'RBR')
--	Include Retail Customer Accounts Only 
and       ac.MANTAS_ACCT_HOLDR_TYPE_CD in ('CR')
and       DECODE('B','F',tr.TRXN_FUNC_AM,tr.TRXN_BASE_AM) >=3000
and       tr.MANTAS_TRXN_PURP_CD = 'GENERAL'
and       tr.MANTAS_TRXN_PRDCT_CD in ('DEBIT-CARD', 'SVC', 'CREDIT-CARD', 'CURRENCY', 'PHYS')
-- ------------------------------------------------------------------------------------------------------
--21153210
and       tr.TRXN_EXCTN_DT IN (SELECT KC.CLNDR_DT FROM fccmatomic.KDD_CAL KC WHERE KC.CLNDR_NM='SYSCAL' AND KC.CLNDR_DAY_AGE between 0 and 14 - 1)
and       tr.DATA_DUMP_DT IN (SELECT KC.CLNDR_DT FROM fccmatomic.KDD_CAL KC WHERE KC.CLNDR_NM='SYSCAL' AND KC.CLNDR_DAY_AGE between 0 and 14 - 1)
--Parameter that indicates what account are included for customer focus to monitor :
--Y - cover only accounts for which a customer plays a primary role
--N - cover account over which a customer has a discretion
and 'Y' = 'Y'
--PR-47385
and tr.CXL_PAIR_TRXN_INTRL_ID is null
--------------------------------------
UNION ALL
--------------------------------------
SELECT 
          tr.FO_TRXN_SEQ_ID,
          c.CUST_INTRL_ID CUST_ID -- PR 39625
FROM      fccmatomic.CASH_TRXN tr,
               fccmatomic.ACCT ac, 
               fccmatomic.CUST_ACCT ca,
               fccmatomic.CUST c, 
               fccmatomic.CUST_ACCT_ROLE car 
WHERE
 tr.acct_intrl_id = ac.acct_intrl_id 
and ac.acct_intrl_id = ca.acct_intrl_id   
and ca.CUST_INTRL_ID = c.CUST_INTRL_ID  
and ca.cust_acct_role_cd = car.cust_acct_role_cd
and        tr.DBT_CDT_CD = 'C'
-- Cover either all transaction or only form the Incl_Trans_Src_Lst 
AND       ('Y'='Y' OR tr.SRC_SYS_CD IN ('Inactive'))
-- Cover only specific accounts
AND       ac.MANTAS_ACCT_BUS_TYPE_CD in ('RBK', 'RBR')
-- Cover customers either from all jurisdiction or from Incl_Jurisdictions_Lst only
-- PR 39625
AND ('N' = 'Y' or c.JRSDCN_CD in ('AIIN'))
AND c.CUST_EFCTV_RISK_NB <> -2
--	Include Retail Customer Accounts Only 
and       ac.MANTAS_ACCT_HOLDR_TYPE_CD in ('CR')
and       DECODE('B','F',tr.TRXN_FUNC_AM,tr.TRXN_BASE_AM) >=3000
and       tr.MANTAS_TRXN_PURP_CD = 'GENERAL'
and       tr.MANTAS_TRXN_PRDCT_CD in ('DEBIT-CARD', 'SVC', 'CREDIT-CARD', 'CURRENCY', 'PHYS')
-- ------------------------------------------------------------------------------------------------------
--21153210
and       tr.TRXN_EXCTN_DT IN (SELECT KC.CLNDR_DT FROM fccmatomic.KDD_CAL KC WHERE KC.CLNDR_NM='SYSCAL' AND KC.CLNDR_DAY_AGE between 0 and 14 - 1)
and       tr.DATA_DUMP_DT IN (SELECT KC.CLNDR_DT FROM fccmatomic.KDD_CAL KC WHERE KC.CLNDR_NM='SYSCAL' AND KC.CLNDR_DAY_AGE between 0 and 14 - 1)
--Parameter that indicates what account are included for customer focus to monitor :
--Y - cover only accounts for which a customer plays a primary role
--N - cover account over which a customer has a discretion
and 'Y' = 'N'
-- Account Customer Role will be viewed as disretionary  
and (car.trdng_auth_fl = 'Y' or car.wdrwl_auth_fl = 'Y' or car.poa_fl = 'Y')
--PR-47385
and tr.CXL_PAIR_TRXN_INTRL_ID is null
 ) ot, TT_DLY_116000099_4_1 RMT WHERE ot.CUST_ID = RMT.FOCAL_ENTITY_ID ORDER BY ot.FO_TRXN_SEQ_ID
05/21/2026 12:24:43 DEBUG : Thread ID = 139648306579200:  Rule Matcher:   File = RuleMatcher.cc:  Line = 465:  Processing Match State Id: 0
 
05/21/2026 12:24:43 DEBUG : Thread ID = 139648306579200:  Rule Matcher:   File = RuleMatcher.cc:  Line = 721:  Match results for SubRule:
  Dataset: 114016623
  Number of matched records: 0
  Variables: 
 
05/21/2026 12:24:43 DEBUG : Thread ID = 139648306579200:  Rule Matcher:   File = RuleMatcher.cc:  Line = 741:  Checkpoint true, evaluating variables: 
 
05/21/2026 12:24:43 DEBUG : Thread ID = 139648306579200:  Rule Matcher:   File = RuleMatcher.cc:  Line = 465:  Processing Match State Id: 1
 
05/21/2026 12:24:43 DEBUG : Thread ID = 139648306579200:  Rule Matcher:   File = RuleMatcher.cc:  Line = 721:  Match results for SubRule:
  Dataset: 114016623
  Number of matched records: 0
  Variables: 
 
05/21/2026 12:24:43 DEBUG : Thread ID = 139648306579200:  Rule Matcher:   File = RuleMatcher.cc:  Line = 741:  Checkpoint true, evaluating variables: 
 
05/21/2026 12:24:43 DEBUG : Thread ID = 139648306579200:  Rule Matcher:   File = RuleMatcher.cc:  Line = 465:  Processing Match State Id: 2
 
05/21/2026 12:24:43 DEBUG : Thread ID = 139648306579200:  Rule Matcher:   File = RuleMatcher.cc:  Line = 721:  Match results for SubRule:
  Dataset: 114016623
  Number of matched records: 0
  Variables: 
 
05/21/2026 12:24:43 DEBUG : Thread ID = 139648306579200:  Rule Matcher:   File = RuleMatcher.cc:  Line = 741:  Checkpoint true, evaluating variables: 
 
05/21/2026 12:24:43 DEBUG : Thread ID = 139648306579200:  Rule Matcher:   File = RuleMatcher.cc:  Line = 465:  Processing Match State Id: 3
 
05/21/2026 12:24:43 DEBUG : Thread ID = 139648306579200:  Rule Matcher:   File = RuleMatcher.cc:  Line = 721:  Match results for SubRule:
  Dataset: 114016623
  Number of matched records: 0
  Variables: 
 
05/21/2026 12:24:43 DEBUG : Thread ID = 139648306579200:  Rule Matcher:   File = RuleMatcher.cc:  Line = 741:  Checkpoint true, evaluating variables: 
 
05/21/2026 12:24:43 DEBUG : Thread ID = 139648306579200:  Rule Matcher:   File = RuleMatcher.cc:  Line = 465:  Processing Match State Id: 4
 
05/21/2026 12:24:43 DEBUG : Thread ID = 139648306579200:  Rule Matcher:   File = RuleMatcher.cc:  Line = 721:  Match results for SubRule:
  Dataset: 114016623
  Number of matched records: 0
  Variables: 
 
05/21/2026 12:24:43 DEBUG : Thread ID = 139648306579200:  Rule Matcher:   File = RuleMatcher.cc:  Line = 741:  Checkpoint true, evaluating variables: 
 
05/21/2026 12:24:43 INFO : Thread ID = 139648306579200:  Rule Matcher:   File = RuleMatcher.cc:  Line = 447:  Beginning Processing Sub Rule: 
  Dataset: 114016625 
05/21/2026 12:24:43 DEBUG : Thread ID = 139648306579200:  Rule Matcher:   File = dscursor.cc:  Line = 1161:  Found a reference to a dataset.  Calling getDatasetSql to resolve thresholds.  Id = 114016625 
05/21/2026 12:24:43 DEBUG : Thread ID = 139648306579200:  Rule Matcher:   File = dscursor.cc:  Line = 1175:  After expansion, sql = SELECT ot.FO_TRXN_SEQ_ID, ot.CUST_ID FROM (-- PR-47385 added 'CXL_PAIR_TRXN_INTRL_ID' filter on all front office transactions
-- agrawalr on 15th Mar, 2010: PR 42468: Adding Cust table and 3 filters
-- 09/15/2009   PR 39625   
-- In the SELECT clause (where  @Primary_Cust_Fl = 'N')
-- Added CUST table
-- Replaced ACCT.PRMRY_CUST_INTRL_ID 
-- BY: CUST.CUST_INTRL_ID
-- Added filters : 
-- "CUST.CUST_EFCTV_RISK_NB <> -2"  
-- and "(@All_Jurisdictions_Fl = 'Y' or CUST.JRSDCN_CD in (@Incl_Jurisdictions_Lst))"
-- Only one part of UNION ALL will be executed 
-- threshold @Primary_Cust_Fl define which of them  
-- @Primary_Cust_Fl is parameter that indicates what account are included for customer focus to monitor :
-- Y - cover only accounts for which a customer plays a primary role
-- N - cover account over which a customer has a discretion
SELECT 
          tr.FO_TRXN_SEQ_ID,
          ac.PRMRY_CUST_INTRL_ID CUST_ID
FROM    fccmatomic.CASH_TRXN tr,
		    fccmatomic.ACCT ac,
		    fccmatomic.CUST c   -- PR 42468: Adding Cust Table
WHERE     
          tr.DBT_CDT_CD = 'D'
AND       tr.ACCT_INTRL_ID = ac.ACCT_INTRL_ID
-- PR 42468 Starts: Adding filters:
AND       c.cust_intrl_id = ac.prmry_cust_intrl_id
AND       c.CUST_EFCTV_RISK_NB <> -2 
AND       (@All_Jurisdictions_Fl = 'Y' or c.JRSDCN_CD in (@Incl_Jurisdictions_Lst))
-- PR 42468 Ends
-- Cover either all transaction or only form the Incl_Trans_Src_Lst
AND       (@All_Trans_Src_Fl='Y' OR tr.SRC_SYS_CD IN (@Incl_Trans_Src_Lst))
-- Cover only specific accounts 
AND       ac.MANTAS_ACCT_BUS_TYPE_CD in (@Mantas_Bus_Acct_Type_Lst)
--	Include Retail Customer Accounts Only  
and       ac.MANTAS_ACCT_HOLDR_TYPE_CD in (@Incld_Acct_Hldr_Typ_Cd)
and       DECODE(@Curr_Type,'F',tr.TRXN_FUNC_AM,tr.TRXN_BASE_AM) >=@Min_Individual_Trans_Amt
and       tr.MANTAS_TRXN_PURP_CD = 'GENERAL'
and       tr.MANTAS_TRXN_PRDCT_CD in (@Incl_Cash_Trxn_Prdct_Type_Lst)
-- ------------------------------------------------------------------------------------------------------
--21153210
and       tr.TRXN_EXCTN_DT IN (SELECT KC.CLNDR_DT FROM fccmatomic.KDD_CAL KC WHERE KC.CLNDR_NM='SYSCAL' AND KC.CLNDR_DAY_AGE between 0 and @Look_Back_Period - 1)
and       tr.DATA_DUMP_DT IN (SELECT KC.CLNDR_DT FROM fccmatomic.KDD_CAL KC WHERE KC.CLNDR_NM='SYSCAL' AND KC.CLNDR_DAY_AGE between 0 and @Look_Back_Period - 1)
--Parameter that indicates what account are included for customer focus to monitor :
--Y - cover only accounts for which a customer plays a primary role
--N - cover account over which a customer has a discretion
and @Primary_Cust_Fl = 'Y'
--PR-47385
and tr.CXL_PAIR_TRXN_INTRL_ID is null
--------------------------------------
UNION ALL
--------------------------------------
SELECT 
          tr.FO_TRXN_SEQ_ID,
          c.CUST_INTRL_ID CUST_ID -- PR 39625
FROM      fccmatomic.CASH_TRXN tr,
               fccmatomic.ACCT ac, 
               fccmatomic.CUST_ACCT ca,
               fccmatomic.CUST c, 
               fccmatomic.CUST_ACCT_ROLE car 
WHERE
 tr.acct_intrl_id = ac.acct_intrl_id 
and ac.acct_intrl_id = ca.acct_intrl_id   
and ca.CUST_INTRL_ID = c.CUST_INTRL_ID  
and ca.cust_acct_role_cd = car.cust_acct_role_cd
and        tr.DBT_CDT_CD = 'D'
-- Cover either all transaction or only form the Incl_Trans_Src_Lst
AND       (@All_Trans_Src_Fl='Y' OR tr.SRC_SYS_CD IN (@Incl_Trans_Src_Lst))
-- Cover only specific accounts 
AND       ac.MANTAS_ACCT_BUS_TYPE_CD in (@Mantas_Bus_Acct_Type_Lst)
-- Cover customers either from all jurisdiction or from Incl_Jurisdictions_Lst only
-- PR 39625
AND (@All_Jurisdictions_Fl = 'Y' or c.JRSDCN_CD in (@Incl_Jurisdictions_Lst))
AND c.CUST_EFCTV_RISK_NB <> -2
--	Include Retail Customer Accounts Only  
and       ac.MANTAS_ACCT_HOLDR_TYPE_CD in (@Incld_Acct_Hldr_Typ_Cd)
and       DECODE(@Curr_Type,'F',tr.TRXN_FUNC_AM,tr.TRXN_BASE_AM) >=@Min_Individual_Trans_Amt
and       tr.MANTAS_TRXN_PURP_CD = 'GENERAL'
and       tr.MANTAS_TRXN_PRDCT_CD in (@Incl_Cash_Trxn_Prdct_Type_Lst)
-- ------------------------------------------------------------------------------------------------------
--21153210
and       tr.TRXN_EXCTN_DT IN (SELECT KC.CLNDR_DT FROM fccmatomic.KDD_CAL KC WHERE KC.CLNDR_NM='SYSCAL' AND KC.CLNDR_DAY_AGE between 0 and @Look_Back_Period - 1)
and       tr.DATA_DUMP_DT IN (SELECT KC.CLNDR_DT FROM fccmatomic.KDD_CAL KC WHERE KC.CLNDR_NM='SYSCAL' AND KC.CLNDR_DAY_AGE between 0 and @Look_Back_Period - 1)
--Parameter that indicates what account are included for customer focus to monitor :
--Y - cover only accounts for which a customer plays a primary role
--N - cover account over which a customer has a discretion
and @Primary_Cust_Fl = 'N'
-- Account Customer Role will be viewed as disretionary  
and (car.trdng_auth_fl = 'Y' or car.wdrwl_auth_fl = 'Y' or car.poa_fl = 'Y')
--PR-47385
and tr.CXL_PAIR_TRXN_INTRL_ID is null
 ) ot, TT_DLY_116000099_4_1 RMT WHERE ot.CUST_ID = RMT.FOCAL_ENTITY_ID ORDER BY ot.FO_TRXN_SEQ_ID 
05/21/2026 12:24:43 DEBUG : Thread ID = 139648306579200:  Rule Matcher:   File = dscursor.cc:  Line = 748:  Preparing to select from dataset 114016625 
05/21/2026 12:24:43 DEBUG : Thread ID = 139648306579200:  Rule Matcher:   File = dscursor.cc:  Line = 754:  SELECT  ot.FO_TRXN_SEQ_ID, ot.CUST_ID FROM (-- PR-47385 added 'CXL_PAIR_TRXN_INTRL_ID' filter on all front office transactions
-- agrawalr on 15th Mar, 2010: PR 42468: Adding Cust table and 3 filters
-- 09/15/2009   PR 39625   
-- In the SELECT clause (where  'Y' = 'N')
-- Added CUST table
-- Replaced ACCT.PRMRY_CUST_INTRL_ID 
-- BY: CUST.CUST_INTRL_ID
-- Added filters : 
-- "CUST.CUST_EFCTV_RISK_NB <> -2"  
-- and "('N' = 'Y' or CUST.JRSDCN_CD in ('AIIN'))"
-- Only one part of UNION ALL will be executed 
-- threshold 'Y' define which of them  
-- 'Y' is parameter that indicates what account are included for customer focus to monitor :
-- Y - cover only accounts for which a customer plays a primary role
-- N - cover account over which a customer has a discretion
SELECT 
          tr.FO_TRXN_SEQ_ID,
          ac.PRMRY_CUST_INTRL_ID CUST_ID
FROM    fccmatomic.CASH_TRXN tr,
		    fccmatomic.ACCT ac,
		    fccmatomic.CUST c   -- PR 42468: Adding Cust Table
WHERE     
          tr.DBT_CDT_CD = 'D'
AND       tr.ACCT_INTRL_ID = ac.ACCT_INTRL_ID
-- PR 42468 Starts: Adding filters:
AND       c.cust_intrl_id = ac.prmry_cust_intrl_id
AND       c.CUST_EFCTV_RISK_NB <> -2 
AND       ('N' = 'Y' or c.JRSDCN_CD in ('AIIN'))
-- PR 42468 Ends
-- Cover either all transaction or only form the Incl_Trans_Src_Lst
AND       ('Y'='Y' OR tr.SRC_SYS_CD IN ('Inactive'))
-- Cover only specific accounts 
AND       ac.MANTAS_ACCT_BUS_TYPE_CD in ('RBK', 'RBR')
--	Include Retail Customer Accounts Only  
and       ac.MANTAS_ACCT_HOLDR_TYPE_CD in ('CR')
and       DECODE('B','F',tr.TRXN_FUNC_AM,tr.TRXN_BASE_AM) >=3000
and       tr.MANTAS_TRXN_PURP_CD = 'GENERAL'
and       tr.MANTAS_TRXN_PRDCT_CD in ('DEBIT-CARD', 'SVC', 'CREDIT-CARD', 'CURRENCY', 'PHYS')
-- ------------------------------------------------------------------------------------------------------
--21153210
and       tr.TRXN_EXCTN_DT IN (SELECT KC.CLNDR_DT FROM fccmatomic.KDD_CAL KC WHERE KC.CLNDR_NM='SYSCAL' AND KC.CLNDR_DAY_AGE between 0 and 14 - 1)
and       tr.DATA_DUMP_DT IN (SELECT KC.CLNDR_DT FROM fccmatomic.KDD_CAL KC WHERE KC.CLNDR_NM='SYSCAL' AND KC.CLNDR_DAY_AGE between 0 and 14 - 1)
--Parameter that indicates what account are included for customer focus to monitor :
--Y - cover only accounts for which a customer plays a primary role
--N - cover account over which a customer has a discretion
and 'Y' = 'Y'
--PR-47385
and tr.CXL_PAIR_TRXN_INTRL_ID is null
--------------------------------------
UNION ALL
--------------------------------------
SELECT 
          tr.FO_TRXN_SEQ_ID,
          c.CUST_INTRL_ID CUST_ID -- PR 39625
FROM      fccmatomic.CASH_TRXN tr,
               fccmatomic.ACCT ac, 
               fccmatomic.CUST_ACCT ca,
               fccmatomic.CUST c, 
               fccmatomic.CUST_ACCT_ROLE car 
WHERE
 tr.acct_intrl_id = ac.acct_intrl_id 
and ac.acct_intrl_id = ca.acct_intrl_id   
and ca.CUST_INTRL_ID = c.CUST_INTRL_ID  
and ca.cust_acct_role_cd = car.cust_acct_role_cd
and        tr.DBT_CDT_CD = 'D'
-- Cover either all transaction or only form the Incl_Trans_Src_Lst
AND       ('Y'='Y' OR tr.SRC_SYS_CD IN ('Inactive'))
-- Cover only specific accounts 
AND       ac.MANTAS_ACCT_BUS_TYPE_CD in ('RBK', 'RBR')
-- Cover customers either from all jurisdiction or from Incl_Jurisdictions_Lst only
-- PR 39625
AND ('N' = 'Y' or c.JRSDCN_CD in ('AIIN'))
AND c.CUST_EFCTV_RISK_NB <> -2
--	Include Retail Customer Accounts Only  
and       ac.MANTAS_ACCT_HOLDR_TYPE_CD in ('CR')
and       DECODE('B','F',tr.TRXN_FUNC_AM,tr.TRXN_BASE_AM) >=3000
and       tr.MANTAS_TRXN_PURP_CD = 'GENERAL'
and       tr.MANTAS_TRXN_PRDCT_CD in ('DEBIT-CARD', 'SVC', 'CREDIT-CARD', 'CURRENCY', 'PHYS')
-- ------------------------------------------------------------------------------------------------------
--21153210
and       tr.TRXN_EXCTN_DT IN (SELECT KC.CLNDR_DT FROM fccmatomic.KDD_CAL KC WHERE KC.CLNDR_NM='SYSCAL' AND KC.CLNDR_DAY_AGE between 0 and 14 - 1)
and       tr.DATA_DUMP_DT IN (SELECT KC.CLNDR_DT FROM fccmatomic.KDD_CAL KC WHERE KC.CLNDR_NM='SYSCAL' AND KC.CLNDR_DAY_AGE between 0 and 14 - 1)
--Parameter that indicates what account are included for customer focus to monitor :
--Y - cover only accounts for which a customer plays a primary role
--N - cover account over which a customer has a discretion
and 'Y' = 'N'
-- Account Customer Role will be viewed as disretionary  
and (car.trdng_auth_fl = 'Y' or car.wdrwl_auth_fl = 'Y' or car.poa_fl = 'Y')
--PR-47385
and tr.CXL_PAIR_TRXN_INTRL_ID is null
 ) ot, TT_DLY_116000099_4_1 RMT WHERE ot.CUST_ID = RMT.FOCAL_ENTITY_ID ORDER BY ot.FO_TRXN_SEQ_ID
05/21/2026 12:24:43 DEBUG : Thread ID = 139648306579200:  Rule Matcher:   File = RuleMatcher.cc:  Line = 465:  Processing Match State Id: 0
 
05/21/2026 12:24:43 DEBUG : Thread ID = 139648306579200:  Rule Matcher:   File = RuleMatcher.cc:  Line = 721:  Match results for SubRule:
  Dataset: 114016625
  Number of matched records: 1
  Variables: 
 
05/21/2026 12:24:43 DEBUG : Thread ID = 139648306579200:  Rule Matcher:   File = RuleMatcher.cc:  Line = 741:  Checkpoint true, evaluating variables: 
 
05/21/2026 12:24:43 DEBUG : Thread ID = 139648306579200:  Rule Matcher:   File = RuleMatcher.cc:  Line = 465:  Processing Match State Id: 1
 
05/21/2026 12:24:43 DEBUG : Thread ID = 139648306579200:  Rule Matcher:   File = RuleMatcher.cc:  Line = 721:  Match results for SubRule:
  Dataset: 114016625
  Number of matched records: 0
  Variables: 
 
05/21/2026 12:24:43 DEBUG : Thread ID = 139648306579200:  Rule Matcher:   File = RuleMatcher.cc:  Line = 741:  Checkpoint true, evaluating variables: 
 
05/21/2026 12:24:43 DEBUG : Thread ID = 139648306579200:  Rule Matcher:   File = RuleMatcher.cc:  Line = 465:  Processing Match State Id: 2
 
05/21/2026 12:24:43 DEBUG : Thread ID = 139648306579200:  Rule Matcher:   File = RuleMatcher.cc:  Line = 721:  Match results for SubRule:
  Dataset: 114016625
  Number of matched records: 0
  Variables: 
 
05/21/2026 12:24:43 DEBUG : Thread ID = 139648306579200:  Rule Matcher:   File = RuleMatcher.cc:  Line = 741:  Checkpoint true, evaluating variables: 
 
05/21/2026 12:24:43 DEBUG : Thread ID = 139648306579200:  Rule Matcher:   File = RuleMatcher.cc:  Line = 465:  Processing Match State Id: 3
 
05/21/2026 12:24:43 DEBUG : Thread ID = 139648306579200:  Rule Matcher:   File = RuleMatcher.cc:  Line = 721:  Match results for SubRule:
  Dataset: 114016625
  Number of matched records: 0
  Variables: 
 
05/21/2026 12:24:43 DEBUG : Thread ID = 139648306579200:  Rule Matcher:   File = RuleMatcher.cc:  Line = 741:  Checkpoint true, evaluating variables: 
 
05/21/2026 12:24:43 DEBUG : Thread ID = 139648306579200:  Rule Matcher:   File = RuleMatcher.cc:  Line = 465:  Processing Match State Id: 4
 
05/21/2026 12:24:43 DEBUG : Thread ID = 139648306579200:  Rule Matcher:   File = RuleMatcher.cc:  Line = 721:  Match results for SubRule:
  Dataset: 114016625
  Number of matched records: 2
  Variables: 
 
05/21/2026 12:24:43 DEBUG : Thread ID = 139648306579200:  Rule Matcher:   File = RuleMatcher.cc:  Line = 741:  Checkpoint true, evaluating variables: 
 
05/21/2026 12:24:43 INFO : Thread ID = 139648306579200:  Rule Matcher:   File = RuleMatcher.cc:  Line = 447:  Beginning Processing Sub Rule: 
  Dataset: 114016627 
05/21/2026 12:24:43 DEBUG : Thread ID = 139648306579200:  Rule Matcher:   File = dscursor.cc:  Line = 1161:  Found a reference to a dataset.  Calling getDatasetSql to resolve thresholds.  Id = 114016627 
05/21/2026 12:24:43 DEBUG : Thread ID = 139648306579200:  Rule Matcher:   File = dscursor.cc:  Line = 1175:  After expansion, sql = SELECT ot.BO_TRXN_SEQ_ID, ot.CUST_ID FROM (-- agrawalr on 15th july '2010: Added Trusted pair functionality as per PR 44565
-- agrawalr on 15th Mar, 2010: PR 42468: Adding Cust table and 3 filters
-- 09/15/2009   PR 39625   
-- In the SELECT clause (where  @Primary_Cust_Fl = 'N')
-- Added CUST table
-- Replaced ACCT.PRMRY_CUST_INTRL_ID 
-- BY: CUST.CUST_INTRL_ID
-- Added filters : 
-- "CUST.CUST_EFCTV_RISK_NB <> -2"  
-- and "(@All_Jurisdictions_Fl = 'Y' or CUST.JRSDCN_CD in (@Incl_Jurisdictions_Lst))"
-- Changed the realisation of filter "Exclude Back Office Journal Transactions"
-- FROM:     COALESCE(tr.CXL_FL,'NULL') <> 'Y'
-- TO:        tr.CXL_PAIR_TRXN_INTRL_ID is null
-- Only one part of UNION ALL will be executed 
-- threshold @Primary_Cust_Fl define which of them  
-- @Primary_Cust_Fl is parameter that indicates what account are included for customer focus to monitor :
-- Y - cover only accounts for which a customer plays a primary role
-- N - cover account over which a customer has a discretion
SELECT 
          tr.BO_TRXN_SEQ_ID,
          ac.PRMRY_CUST_INTRL_ID CUST_ID
FROM	fccmatomic.BACK_OFFICE_TRXN tr,
		  fccmatomic.ACCT ac,
	    fccmatomic.CUST c   -- PR 42468: Adding Cust Table
WHERE     
          ac.ACCT_INTRL_ID = tr.ACCT_INTRL_ID
-- PR 42468 Starts: Adding filters:
AND       c.cust_intrl_id = ac.prmry_cust_intrl_id
AND       c.CUST_EFCTV_RISK_NB <> -2 
AND       (@All_Jurisdictions_Fl = 'Y' or c.JRSDCN_CD in (@Incl_Jurisdictions_Lst))
-- PR 42468 Ends
AND       tr.DBT_CDT_CD = 'C'
-- Cover either all transaction or only form the Incl_Trans_Src_Lst
AND       (@All_Trans_Src_Fl='Y' OR tr.SRC_SYS_CD IN (@Incl_Trans_Src_Lst))
AND       tr.MANTAS_TRXN_PRDCT_CD in (@Incl_BO_Trxn_Prdct_Type_Lst)
and       tr.MANTAS_TRXN_PURP_CD = 'GENERAL'
AND       tr.CXL_PAIR_TRXN_INTRL_ID is null
-- Cover only specific accounts 
AND       ac.MANTAS_ACCT_BUS_TYPE_CD in (@Mantas_Bus_Acct_Type_Lst)
--	Include Retail Customer Accounts Only
and       ac.MANTAS_ACCT_HOLDR_TYPE_CD in (@Incld_Acct_Hldr_Typ_Cd)
and       DECODE(@Curr_Type,'F',tr.TRXN_FUNC_AM,tr.TRXN_BASE_AM) >=@Min_Individual_Trans_Amt
-- ------------------------------------------------------------------------------------------------------
--21153210
and       tr.EXCTN_DT IN (SELECT KC.CLNDR_DT FROM fccmatomic.KDD_CAL KC WHERE KC.CLNDR_NM='SYSCAL' AND KC.CLNDR_DAY_AGE between 0 and @Look_Back_Period - 1)
and       tr.DATA_DUMP_DT IN (SELECT KC.CLNDR_DT FROM fccmatomic.KDD_CAL KC WHERE KC.CLNDR_NM='SYSCAL' AND KC.CLNDR_DAY_AGE between 0 and @Look_Back_Period - 1)
--Parameter that indicates what account are included for customer focus to monitor :
--Y - cover only accounts for which a customer plays a primary role
--N - cover account over which a customer has a discretion
and @Primary_Cust_Fl = 'Y'
-- allow user to include or exclude related parties
and (@Include_Related_Parties_Fl = 'Y' or (tr.UNRLTD_PARTY_CD IS NOT NULL))
and (@Include_Trusted_Trans_FL = 'Y' or COALESCE(tr.TRSTD_TRXN_FL,'N') ='N')
--------------------------------------
UNION ALL
--------------------------------------
SELECT 
          tr.BO_TRXN_SEQ_ID,
          c.CUST_INTRL_ID CUST_ID -- PR 39625
          
FROM      fccmatomic.BACK_OFFICE_TRXN tr,
               fccmatomic.ACCT ac, 
               fccmatomic.CUST_ACCT ca, 
               fccmatomic.CUST c,  
               fccmatomic.CUST_ACCT_ROLE car
WHERE
tr.acct_intrl_id = ac.acct_intrl_id 
and ac.acct_intrl_id = ca.acct_intrl_id  
and ca.CUST_INTRL_ID = c.CUST_INTRL_ID   
and ca.cust_acct_role_cd = car.cust_acct_role_cd
and       tr.DBT_CDT_CD = 'C'
-- Cover either all transaction or only form the Incl_Trans_Src_Lst
AND       (@All_Trans_Src_Fl='Y' OR tr.SRC_SYS_CD IN (@Incl_Trans_Src_Lst))
AND       tr.MANTAS_TRXN_PRDCT_CD in (@Incl_BO_Trxn_Prdct_Type_Lst)
and       tr.MANTAS_TRXN_PURP_CD = 'GENERAL'
AND       tr.CXL_PAIR_TRXN_INTRL_ID is null
-- Cover only specific accounts 
AND       ac.MANTAS_ACCT_BUS_TYPE_CD in (@Mantas_Bus_Acct_Type_Lst)
-- Cover customers either from all jurisdiction or from Incl_Jurisdictions_Lst only
-- PR 39625
AND (@All_Jurisdictions_Fl = 'Y' or c.JRSDCN_CD in (@Incl_Jurisdictions_Lst))
AND c.CUST_EFCTV_RISK_NB <> -2
--	Include Retail Customer Accounts Only
and       ac.MANTAS_ACCT_HOLDR_TYPE_CD in (@Incld_Acct_Hldr_Typ_Cd)
and       DECODE(@Curr_Type,'F',tr.TRXN_FUNC_AM,tr.TRXN_BASE_AM) >=@Min_Individual_Trans_Amt
-- ------------------------------------------------------------------------------------------------------
--21153210
and       tr.EXCTN_DT IN (SELECT KC.CLNDR_DT FROM fccmatomic.KDD_CAL KC WHERE KC.CLNDR_NM='SYSCAL' AND KC.CLNDR_DAY_AGE between 0 and @Look_Back_Period - 1)
and       tr.DATA_DUMP_DT IN (SELECT KC.CLNDR_DT FROM fccmatomic.KDD_CAL KC WHERE KC.CLNDR_NM='SYSCAL' AND KC.CLNDR_DAY_AGE between 0 and @Look_Back_Period - 1)
--Parameter that indicates what account are included for customer focus to monitor :
--Y - cover only accounts for which a customer plays a primary role
--N - cover account over which a customer has a discretion
and @Primary_Cust_Fl = 'N'
-- Account Customer Role will be viewed as disretionary  
and (car.trdng_auth_fl = 'Y' or car.wdrwl_auth_fl = 'Y' or car.poa_fl = 'Y')
-- allow user to include or exclude related parties
and (@Include_Related_Parties_Fl = 'Y' or (tr.UNRLTD_PARTY_CD IS NOT NULL))
and (@Include_Trusted_Trans_FL = 'Y' or COALESCE(tr.TRSTD_TRXN_FL,'N') ='N')
 ) ot, TT_DLY_116000099_4_1 RMT WHERE ot.CUST_ID = RMT.FOCAL_ENTITY_ID ORDER BY ot.BO_TRXN_SEQ_ID 
05/21/2026 12:24:43 DEBUG : Thread ID = 139648306579200:  Rule Matcher:   File = dscursor.cc:  Line = 748:  Preparing to select from dataset 114016627 
05/21/2026 12:24:43 DEBUG : Thread ID = 139648306579200:  Rule Matcher:   File = dscursor.cc:  Line = 754:  SELECT  ot.BO_TRXN_SEQ_ID, ot.CUST_ID FROM (-- agrawalr on 15th july '2010: Added Trusted pair functionality as per PR 44565
-- agrawalr on 15th Mar, 2010: PR 42468: Adding Cust table and 3 filters
-- 09/15/2009   PR 39625   
-- In the SELECT clause (where  'Y' = 'N')
-- Added CUST table
-- Replaced ACCT.PRMRY_CUST_INTRL_ID 
-- BY: CUST.CUST_INTRL_ID
-- Added filters : 
-- "CUST.CUST_EFCTV_RISK_NB <> -2"  
-- and "('N' = 'Y' or CUST.JRSDCN_CD in ('AIIN'))"
-- Changed the realisation of filter "Exclude Back Office Journal Transactions"
-- FROM:     COALESCE(tr.CXL_FL,'NULL') <> 'Y'
-- TO:        tr.CXL_PAIR_TRXN_INTRL_ID is null
-- Only one part of UNION ALL will be executed 
-- threshold 'Y' define which of them  
-- 'Y' is parameter that indicates what account are included for customer focus to monitor :
-- Y - cover only accounts for which a customer plays a primary role
-- N - cover account over which a customer has a discretion
SELECT 
          tr.BO_TRXN_SEQ_ID,
          ac.PRMRY_CUST_INTRL_ID CUST_ID
FROM	fccmatomic.BACK_OFFICE_TRXN tr,
		  fccmatomic.ACCT ac,
	    fccmatomic.CUST c   -- PR 42468: Adding Cust Table
WHERE     
          ac.ACCT_INTRL_ID = tr.ACCT_INTRL_ID
-- PR 42468 Starts: Adding filters:
AND       c.cust_intrl_id = ac.prmry_cust_intrl_id
AND       c.CUST_EFCTV_RISK_NB <> -2 
AND       ('N' = 'Y' or c.JRSDCN_CD in ('AIIN'))
-- PR 42468 Ends
AND       tr.DBT_CDT_CD = 'C'
-- Cover either all transaction or only form the Incl_Trans_Src_Lst
AND       ('Y'='Y' OR tr.SRC_SYS_CD IN ('Inactive'))
AND       tr.MANTAS_TRXN_PRDCT_CD in ('JOURNAL')
and       tr.MANTAS_TRXN_PURP_CD = 'GENERAL'
AND       tr.CXL_PAIR_TRXN_INTRL_ID is null
-- Cover only specific accounts 
AND       ac.MANTAS_ACCT_BUS_TYPE_CD in ('RBK', 'RBR')
--	Include Retail Customer Accounts Only
and       ac.MANTAS_ACCT_HOLDR_TYPE_CD in ('CR')
and       DECODE('B','F',tr.TRXN_FUNC_AM,tr.TRXN_BASE_AM) >=3000
-- ------------------------------------------------------------------------------------------------------
--21153210
and       tr.EXCTN_DT IN (SELECT KC.CLNDR_DT FROM fccmatomic.KDD_CAL KC WHERE KC.CLNDR_NM='SYSCAL' AND KC.CLNDR_DAY_AGE between 0 and 14 - 1)
and       tr.DATA_DUMP_DT IN (SELECT KC.CLNDR_DT FROM fccmatomic.KDD_CAL KC WHERE KC.CLNDR_NM='SYSCAL' AND KC.CLNDR_DAY_AGE between 0 and 14 - 1)
--Parameter that indicates what account are included for customer focus to monitor :
--Y - cover only accounts for which a customer plays a primary role
--N - cover account over which a customer has a discretion
and 'Y' = 'Y'
-- allow user to include or exclude related parties
and ('Y' = 'Y' or (tr.UNRLTD_PARTY_CD IS NOT NULL))
and ('Y' = 'Y' or COALESCE(tr.TRSTD_TRXN_FL,'N') ='N')
--------------------------------------
UNION ALL
--------------------------------------
SELECT 
          tr.BO_TRXN_SEQ_ID,
          c.CUST_INTRL_ID CUST_ID -- PR 39625
          
FROM      fccmatomic.BACK_OFFICE_TRXN tr,
               fccmatomic.ACCT ac, 
               fccmatomic.CUST_ACCT ca, 
               fccmatomic.CUST c,  
               fccmatomic.CUST_ACCT_ROLE car
WHERE
tr.acct_intrl_id = ac.acct_intrl_id 
and ac.acct_intrl_id = ca.acct_intrl_id  
and ca.CUST_INTRL_ID = c.CUST_INTRL_ID   
and ca.cust_acct_role_cd = car.cust_acct_role_cd
and       tr.DBT_CDT_CD = 'C'
-- Cover either all transaction or only form the Incl_Trans_Src_Lst
AND       ('Y'='Y' OR tr.SRC_SYS_CD IN ('Inactive'))
AND       tr.MANTAS_TRXN_PRDCT_CD in ('JOURNAL')
and       tr.MANTAS_TRXN_PURP_CD = 'GENERAL'
AND       tr.CXL_PAIR_TRXN_INTRL_ID is null
-- Cover only specific accounts 
AND       ac.MANTAS_ACCT_BUS_TYPE_CD in ('RBK', 'RBR')
-- Cover customers either from all jurisdiction or from Incl_Jurisdictions_Lst only
-- PR 39625
AND ('N' = 'Y' or c.JRSDCN_CD in ('AIIN'))
AND c.CUST_EFCTV_RISK_NB <> -2
--	Include Retail Customer Accounts Only
and       ac.MANTAS_ACCT_HOLDR_TYPE_CD in ('CR')
and       DECODE('B','F',tr.TRXN_FUNC_AM,tr.TRXN_BASE_AM) >=3000
-- ------------------------------------------------------------------------------------------------------
--21153210
and       tr.EXCTN_DT IN (SELECT KC.CLNDR_DT FROM fccmatomic.KDD_CAL KC WHERE KC.CLNDR_NM='SYSCAL' AND KC.CLNDR_DAY_AGE between 0 and 14 - 1)
and       tr.DATA_DUMP_DT IN (SELECT KC.CLNDR_DT FROM fccmatomic.KDD_CAL KC WHERE KC.CLNDR_NM='SYSCAL' AND KC.CLNDR_DAY_AGE between 0 and 14 - 1)
--Parameter that indicates what account are included for customer focus to monitor :
--Y - cover only accounts for which a customer plays a primary role
--N - cover account over which a customer has a discretion
and 'Y' = 'N'
-- Account Customer Role will be viewed as disretionary  
and (car.trdng_auth_fl = 'Y' or car.wdrwl_auth_fl = 'Y' or car.poa_fl = 'Y')
-- allow user to include or exclude related parties
and ('Y' = 'Y' or (tr.UNRLTD_PARTY_CD IS NOT NULL))
and ('Y' = 'Y' or COALESCE(tr.TRSTD_TRXN_FL,'N') ='N')
 ) ot, TT_DLY_116000099_4_1 RMT WHERE ot.CUST_ID = RMT.FOCAL_ENTITY_ID ORDER BY ot.BO_TRXN_SEQ_ID
05/21/2026 12:24:43 DEBUG : Thread ID = 139648306579200:  Rule Matcher:   File = RuleMatcher.cc:  Line = 465:  Processing Match State Id: 0
 
05/21/2026 12:24:43 DEBUG : Thread ID = 139648306579200:  Rule Matcher:   File = RuleMatcher.cc:  Line = 721:  Match results for SubRule:
  Dataset: 114016627
  Number of matched records: 0
  Variables: 
 
05/21/2026 12:24:43 DEBUG : Thread ID = 139648306579200:  Rule Matcher:   File = RuleMatcher.cc:  Line = 741:  Checkpoint true, evaluating variables: 
 
05/21/2026 12:24:43 DEBUG : Thread ID = 139648306579200:  Rule Matcher:   File = RuleMatcher.cc:  Line = 465:  Processing Match State Id: 1
 
05/21/2026 12:24:43 DEBUG : Thread ID = 139648306579200:  Rule Matcher:   File = RuleMatcher.cc:  Line = 721:  Match results for SubRule:
  Dataset: 114016627
  Number of matched records: 0
  Variables: 
 
05/21/2026 12:24:43 DEBUG : Thread ID = 139648306579200:  Rule Matcher:   File = RuleMatcher.cc:  Line = 741:  Checkpoint true, evaluating variables: 
 
05/21/2026 12:24:43 DEBUG : Thread ID = 139648306579200:  Rule Matcher:   File = RuleMatcher.cc:  Line = 465:  Processing Match State Id: 2
 
05/21/2026 12:24:43 DEBUG : Thread ID = 139648306579200:  Rule Matcher:   File = RuleMatcher.cc:  Line = 721:  Match results for SubRule:
  Dataset: 114016627
  Number of matched records: 0
  Variables: 
 
05/21/2026 12:24:43 DEBUG : Thread ID = 139648306579200:  Rule Matcher:   File = RuleMatcher.cc:  Line = 741:  Checkpoint true, evaluating variables: 
 
05/21/2026 12:24:43 DEBUG : Thread ID = 139648306579200:  Rule Matcher:   File = RuleMatcher.cc:  Line = 465:  Processing Match State Id: 3
 
05/21/2026 12:24:43 DEBUG : Thread ID = 139648306579200:  Rule Matcher:   File = RuleMatcher.cc:  Line = 721:  Match results for SubRule:
  Dataset: 114016627
  Number of matched records: 0
  Variables: 
 
05/21/2026 12:24:43 DEBUG : Thread ID = 139648306579200:  Rule Matcher:   File = RuleMatcher.cc:  Line = 741:  Checkpoint true, evaluating variables: 
 
05/21/2026 12:24:43 DEBUG : Thread ID = 139648306579200:  Rule Matcher:   File = RuleMatcher.cc:  Line = 465:  Processing Match State Id: 4
 
05/21/2026 12:24:43 DEBUG : Thread ID = 139648306579200:  Rule Matcher:   File = RuleMatcher.cc:  Line = 721:  Match results for SubRule:
  Dataset: 114016627
  Number of matched records: 0
  Variables: 
 
05/21/2026 12:24:43 DEBUG : Thread ID = 139648306579200:  Rule Matcher:   File = RuleMatcher.cc:  Line = 741:  Checkpoint true, evaluating variables: 
 
05/21/2026 12:24:43 INFO : Thread ID = 139648306579200:  Rule Matcher:   File = RuleMatcher.cc:  Line = 447:  Beginning Processing Sub Rule: 
  Dataset: 114016629 
05/21/2026 12:24:43 DEBUG : Thread ID = 139648306579200:  Rule Matcher:   File = dscursor.cc:  Line = 1161:  Found a reference to a dataset.  Calling getDatasetSql to resolve thresholds.  Id = 114016629 
05/21/2026 12:24:43 DEBUG : Thread ID = 139648306579200:  Rule Matcher:   File = dscursor.cc:  Line = 1175:  After expansion, sql = SELECT ot.BO_TRXN_SEQ_ID, ot.CUST_ID FROM (-- agrawalr on 15th july '2010: Added Trusted pair functionality as per PR 44565
-- agrawalr on 15th Mar, 2010: PR 42468: Adding Cust table and 3 filters
-- 09/15/2009   PR 39625   
-- In the SELECT clause (where  @Primary_Cust_Fl = 'N')
-- Added CUST table
-- Replaced ACCT.PRMRY_CUST_INTRL_ID 
-- BY: CUST.CUST_INTRL_ID
-- Added filters : 
-- "CUST.CUST_EFCTV_RISK_NB <> -2"  
-- and "(@All_Jurisdictions_Fl = 'Y' or CUST.JRSDCN_CD in (@Incl_Jurisdictions_Lst))"
-- Changed the realisation of filter "Exclude Back Office Journal Transactions"
-- FROM:     COALESCE(tr.CXL_FL,'NULL') <> 'Y'
-- TO:        tr.CXL_PAIR_TRXN_INTRL_ID is null
-- Only one part of UNION ALL will be executed 
-- threshold @Primary_Cust_Fl define which of them  
-- @Primary_Cust_Fl is parameter that indicates what account are included for customer focus to monitor :
-- Y - cover only accounts for which a customer plays a primary role
-- N - cover account over which a customer has a discretion
SELECT  
          tr.BO_TRXN_SEQ_ID,
          ac.PRMRY_CUST_INTRL_ID CUST_ID
FROM    fccmatomic.BACK_OFFICE_TRXN tr,
		    fccmatomic.ACCT ac,
		    fccmatomic.CUST c   -- PR 42468: Adding Cust Table
WHERE     
          ac.ACCT_INTRL_ID = tr.ACCT_INTRL_ID
AND       tr.DBT_CDT_CD = 'D'
-- PR 42468 Starts: Adding filters:
AND       c.cust_intrl_id = ac.prmry_cust_intrl_id
AND       c.CUST_EFCTV_RISK_NB <> -2 
AND       (@All_Jurisdictions_Fl = 'Y' or c.JRSDCN_CD in (@Incl_Jurisdictions_Lst))
-- PR 42468 Ends
-- Cover either all transaction or only form the Incl_Trans_Src_Lst 
AND       (@All_Trans_Src_Fl='Y' OR tr.SRC_SYS_CD IN (@Incl_Trans_Src_Lst))
-- Cover only specific accounts
AND       ac.MANTAS_ACCT_BUS_TYPE_CD in (@Mantas_Bus_Acct_Type_Lst)
--	Include Retail Customer Accounts Only   
and       ac.MANTAS_ACCT_HOLDR_TYPE_CD in (@Incld_Acct_Hldr_Typ_Cd)
AND       tr.MANTAS_TRXN_PRDCT_CD in (@Incl_BO_Trxn_Prdct_Type_Lst)
and       tr.MANTAS_TRXN_PURP_CD = 'GENERAL'
AND       tr.CXL_PAIR_TRXN_INTRL_ID is null
and       DECODE(@Curr_Type,'F',tr.TRXN_FUNC_AM,tr.TRXN_BASE_AM) >=@Min_Individual_Trans_Amt
-- ------------------------------------------------------------------------------------------------------
--21153210
and       tr.EXCTN_DT IN (SELECT KC.CLNDR_DT FROM fccmatomic.KDD_CAL KC WHERE KC.CLNDR_NM='SYSCAL' AND KC.CLNDR_DAY_AGE between 0 and @Look_Back_Period - 1)
and       tr.DATA_DUMP_DT IN (SELECT KC.CLNDR_DT FROM fccmatomic.KDD_CAL KC WHERE KC.CLNDR_NM='SYSCAL' AND KC.CLNDR_DAY_AGE between 0 and @Look_Back_Period - 1)
--Parameter that indicates what account are included for customer focus to monitor :
--Y - cover only accounts for which a customer plays a primary role
--N - cover account over which a customer has a discretion
and @Primary_Cust_Fl = 'Y'
-- allow user to include or exclude related parties
and (@Include_Related_Parties_Fl = 'Y' or (tr.UNRLTD_PARTY_CD IS NOT NULL))
and (@Include_Trusted_Trans_FL = 'Y' or COALESCE(tr.TRSTD_TRXN_FL,'N') ='N')
--------------------------------------
UNION ALL
--------------------------------------
SELECT  
          tr.BO_TRXN_SEQ_ID,
          c.CUST_INTRL_ID CUST_ID -- PR 39625
FROM      fccmatomic.BACK_OFFICE_TRXN tr,
               fccmatomic.ACCT ac, 
               fccmatomic.CUST_ACCT ca, 
               fccmatomic.CUST c,  
               fccmatomic.CUST_ACCT_ROLE car
WHERE
tr.acct_intrl_id = ac.acct_intrl_id 
and ac.acct_intrl_id = ca.acct_intrl_id  
and ca.CUST_INTRL_ID = c.CUST_INTRL_ID   
and ca.cust_acct_role_cd = car.cust_acct_role_cd
and       tr.DBT_CDT_CD = 'D'
-- Cover either all transaction or only form the Incl_Trans_Src_Lst 
AND       (@All_Trans_Src_Fl='Y' OR tr.SRC_SYS_CD IN (@Incl_Trans_Src_Lst))
-- Cover only specific accounts
AND       ac.MANTAS_ACCT_BUS_TYPE_CD in (@Mantas_Bus_Acct_Type_Lst)
-- Cover customers either from all jurisdiction or from Incl_Jurisdictions_Lst only
-- PR 39625
AND (@All_Jurisdictions_Fl = 'Y' or c.JRSDCN_CD in (@Incl_Jurisdictions_Lst))
AND c.CUST_EFCTV_RISK_NB <> -2
--	Include Retail Customer Accounts Only   
and       ac.MANTAS_ACCT_HOLDR_TYPE_CD in (@Incld_Acct_Hldr_Typ_Cd)
AND       tr.MANTAS_TRXN_PRDCT_CD in (@Incl_BO_Trxn_Prdct_Type_Lst)
and       tr.MANTAS_TRXN_PURP_CD = 'GENERAL'
AND       tr.CXL_PAIR_TRXN_INTRL_ID is null
and       DECODE(@Curr_Type,'F',tr.TRXN_FUNC_AM,tr.TRXN_BASE_AM) >=@Min_Individual_Trans_Amt
-- ------------------------------------------------------------------------------------------------------
--21153210
and       tr.EXCTN_DT IN (SELECT KC.CLNDR_DT FROM fccmatomic.KDD_CAL KC WHERE KC.CLNDR_NM='SYSCAL' AND KC.CLNDR_DAY_AGE between 0 and @Look_Back_Period - 1)
and       tr.DATA_DUMP_DT IN (SELECT KC.CLNDR_DT FROM fccmatomic.KDD_CAL KC WHERE KC.CLNDR_NM='SYSCAL' AND KC.CLNDR_DAY_AGE between 0 and @Look_Back_Period - 1)
--Parameter that indicates what account are included for customer focus to monitor :
--Y - cover only accounts for which a customer plays a primary role
--N - cover account over which a customer has a discretion
and @Primary_Cust_Fl = 'N'
-- Account Customer Role will be viewed as disretionary  
and (car.trdng_auth_fl = 'Y' or car.wdrwl_auth_fl = 'Y' or car.poa_fl = 'Y')
-- allow user to include or exclude related parties
and (@Include_Related_Parties_Fl = 'Y' or (tr.UNRLTD_PARTY_CD IS NOT NULL))
and (@Include_Trusted_Trans_FL = 'Y' or COALESCE(tr.TRSTD_TRXN_FL,'N') ='N')
 ) ot, TT_DLY_116000099_4_1 RMT WHERE ot.CUST_ID = RMT.FOCAL_ENTITY_ID ORDER BY ot.BO_TRXN_SEQ_ID 
05/21/2026 12:24:43 DEBUG : Thread ID = 139648306579200:  Rule Matcher:   File = dscursor.cc:  Line = 748:  Preparing to select from dataset 114016629 
05/21/2026 12:24:43 DEBUG : Thread ID = 139648306579200:  Rule Matcher:   File = dscursor.cc:  Line = 754:  SELECT  ot.BO_TRXN_SEQ_ID, ot.CUST_ID FROM (-- agrawalr on 15th july '2010: Added Trusted pair functionality as per PR 44565
-- agrawalr on 15th Mar, 2010: PR 42468: Adding Cust table and 3 filters
-- 09/15/2009   PR 39625   
-- In the SELECT clause (where  'Y' = 'N')
-- Added CUST table
-- Replaced ACCT.PRMRY_CUST_INTRL_ID 
-- BY: CUST.CUST_INTRL_ID
-- Added filters : 
-- "CUST.CUST_EFCTV_RISK_NB <> -2"  
-- and "('N' = 'Y' or CUST.JRSDCN_CD in ('AIIN'))"
-- Changed the realisation of filter "Exclude Back Office Journal Transactions"
-- FROM:     COALESCE(tr.CXL_FL,'NULL') <> 'Y'
-- TO:        tr.CXL_PAIR_TRXN_INTRL_ID is null
-- Only one part of UNION ALL will be executed 
-- threshold 'Y' define which of them  
-- 'Y' is parameter that indicates what account are included for customer focus to monitor :
-- Y - cover only accounts for which a customer plays a primary role
-- N - cover account over which a customer has a discretion
SELECT  
          tr.BO_TRXN_SEQ_ID,
          ac.PRMRY_CUST_INTRL_ID CUST_ID
FROM    fccmatomic.BACK_OFFICE_TRXN tr,
		    fccmatomic.ACCT ac,
		    fccmatomic.CUST c   -- PR 42468: Adding Cust Table
WHERE     
          ac.ACCT_INTRL_ID = tr.ACCT_INTRL_ID
AND       tr.DBT_CDT_CD = 'D'
-- PR 42468 Starts: Adding filters:
AND       c.cust_intrl_id = ac.prmry_cust_intrl_id
AND       c.CUST_EFCTV_RISK_NB <> -2 
AND       ('N' = 'Y' or c.JRSDCN_CD in ('AIIN'))
-- PR 42468 Ends
-- Cover either all transaction or only form the Incl_Trans_Src_Lst 
AND       ('Y'='Y' OR tr.SRC_SYS_CD IN ('Inactive'))
-- Cover only specific accounts
AND       ac.MANTAS_ACCT_BUS_TYPE_CD in ('RBK', 'RBR')
--	Include Retail Customer Accounts Only   
and       ac.MANTAS_ACCT_HOLDR_TYPE_CD in ('CR')
AND       tr.MANTAS_TRXN_PRDCT_CD in ('JOURNAL')
and       tr.MANTAS_TRXN_PURP_CD = 'GENERAL'
AND       tr.CXL_PAIR_TRXN_INTRL_ID is null
and       DECODE('B','F',tr.TRXN_FUNC_AM,tr.TRXN_BASE_AM) >=3000
-- ------------------------------------------------------------------------------------------------------
--21153210
and       tr.EXCTN_DT IN (SELECT KC.CLNDR_DT FROM fccmatomic.KDD_CAL KC WHERE KC.CLNDR_NM='SYSCAL' AND KC.CLNDR_DAY_AGE between 0 and 14 - 1)
and       tr.DATA_DUMP_DT IN (SELECT KC.CLNDR_DT FROM fccmatomic.KDD_CAL KC WHERE KC.CLNDR_NM='SYSCAL' AND KC.CLNDR_DAY_AGE between 0 and 14 - 1)
--Parameter that indicates what account are included for customer focus to monitor :
--Y - cover only accounts for which a customer plays a primary role
--N - cover account over which a customer has a discretion
and 'Y' = 'Y'
-- allow user to include or exclude related parties
and ('Y' = 'Y' or (tr.UNRLTD_PARTY_CD IS NOT NULL))
and ('Y' = 'Y' or COALESCE(tr.TRSTD_TRXN_FL,'N') ='N')
--------------------------------------
UNION ALL
--------------------------------------
SELECT  
          tr.BO_TRXN_SEQ_ID,
          c.CUST_INTRL_ID CUST_ID -- PR 39625
FROM      fccmatomic.BACK_OFFICE_TRXN tr,
               fccmatomic.ACCT ac, 
               fccmatomic.CUST_ACCT ca, 
               fccmatomic.CUST c,  
               fccmatomic.CUST_ACCT_ROLE car
WHERE
tr.acct_intrl_id = ac.acct_intrl_id 
and ac.acct_intrl_id = ca.acct_intrl_id  
and ca.CUST_INTRL_ID = c.CUST_INTRL_ID   
and ca.cust_acct_role_cd = car.cust_acct_role_cd
and       tr.DBT_CDT_CD = 'D'
-- Cover either all transaction or only form the Incl_Trans_Src_Lst 
AND       ('Y'='Y' OR tr.SRC_SYS_CD IN ('Inactive'))
-- Cover only specific accounts
AND       ac.MANTAS_ACCT_BUS_TYPE_CD in ('RBK', 'RBR')
-- Cover customers either from all jurisdiction or from Incl_Jurisdictions_Lst only
-- PR 39625
AND ('N' = 'Y' or c.JRSDCN_CD in ('AIIN'))
AND c.CUST_EFCTV_RISK_NB <> -2
--	Include Retail Customer Accounts Only   
and       ac.MANTAS_ACCT_HOLDR_TYPE_CD in ('CR')
AND       tr.MANTAS_TRXN_PRDCT_CD in ('JOURNAL')
and       tr.MANTAS_TRXN_PURP_CD = 'GENERAL'
AND       tr.CXL_PAIR_TRXN_INTRL_ID is null
and       DECODE('B','F',tr.TRXN_FUNC_AM,tr.TRXN_BASE_AM) >=3000
-- ------------------------------------------------------------------------------------------------------
--21153210
and       tr.EXCTN_DT IN (SELECT KC.CLNDR_DT FROM fccmatomic.KDD_CAL KC WHERE KC.CLNDR_NM='SYSCAL' AND KC.CLNDR_DAY_AGE between 0 and 14 - 1)
and       tr.DATA_DUMP_DT IN (SELECT KC.CLNDR_DT FROM fccmatomic.KDD_CAL KC WHERE KC.CLNDR_NM='SYSCAL' AND KC.CLNDR_DAY_AGE between 0 and 14 - 1)
--Parameter that indicates what account are included for customer focus to monitor :
--Y - cover only accounts for which a customer plays a primary role
--N - cover account over which a customer has a discretion
and 'Y' = 'N'
-- Account Customer Role will be viewed as disretionary  
and (car.trdng_auth_fl = 'Y' or car.wdrwl_auth_fl = 'Y' or car.poa_fl = 'Y')
-- allow user to include or exclude related parties
and ('Y' = 'Y' or (tr.UNRLTD_PARTY_CD IS NOT NULL))
and ('Y' = 'Y' or COALESCE(tr.TRSTD_TRXN_FL,'N') ='N')
 ) ot, TT_DLY_116000099_4_1 RMT WHERE ot.CUST_ID = RMT.FOCAL_ENTITY_ID ORDER BY ot.BO_TRXN_SEQ_ID
05/21/2026 12:24:44 DEBUG : Thread ID = 139648306579200:  Rule Matcher:   File = RuleMatcher.cc:  Line = 465:  Processing Match State Id: 0
 
05/21/2026 12:24:44 DEBUG : Thread ID = 139648306579200:  Rule Matcher:   File = RuleMatcher.cc:  Line = 721:  Match results for SubRule:
  Dataset: 114016629
  Number of matched records: 0
  Variables: 
 
05/21/2026 12:24:44 DEBUG : Thread ID = 139648306579200:  Rule Matcher:   File = RuleMatcher.cc:  Line = 741:  Checkpoint true, evaluating variables: 
 
05/21/2026 12:24:44 DEBUG : Thread ID = 139648306579200:  Rule Matcher:   File = RuleMatcher.cc:  Line = 465:  Processing Match State Id: 1
 
05/21/2026 12:24:44 DEBUG : Thread ID = 139648306579200:  Rule Matcher:   File = RuleMatcher.cc:  Line = 721:  Match results for SubRule:
  Dataset: 114016629
  Number of matched records: 0
  Variables: 
 
05/21/2026 12:24:44 DEBUG : Thread ID = 139648306579200:  Rule Matcher:   File = RuleMatcher.cc:  Line = 741:  Checkpoint true, evaluating variables: 
 
05/21/2026 12:24:44 DEBUG : Thread ID = 139648306579200:  Rule Matcher:   File = RuleMatcher.cc:  Line = 465:  Processing Match State Id: 2
 
05/21/2026 12:24:44 DEBUG : Thread ID = 139648306579200:  Rule Matcher:   File = RuleMatcher.cc:  Line = 721:  Match results for SubRule:
  Dataset: 114016629
  Number of matched records: 0
  Variables: 
 
05/21/2026 12:24:44 DEBUG : Thread ID = 139648306579200:  Rule Matcher:   File = RuleMatcher.cc:  Line = 741:  Checkpoint true, evaluating variables: 
 
05/21/2026 12:24:44 DEBUG : Thread ID = 139648306579200:  Rule Matcher:   File = RuleMatcher.cc:  Line = 465:  Processing Match State Id: 3
 
05/21/2026 12:24:44 DEBUG : Thread ID = 139648306579200:  Rule Matcher:   File = RuleMatcher.cc:  Line = 721:  Match results for SubRule:
  Dataset: 114016629
  Number of matched records: 0
  Variables: 
 
05/21/2026 12:24:44 DEBUG : Thread ID = 139648306579200:  Rule Matcher:   File = RuleMatcher.cc:  Line = 741:  Checkpoint true, evaluating variables: 
 
05/21/2026 12:24:44 DEBUG : Thread ID = 139648306579200:  Rule Matcher:   File = RuleMatcher.cc:  Line = 465:  Processing Match State Id: 4
 
05/21/2026 12:24:44 DEBUG : Thread ID = 139648306579200:  Rule Matcher:   File = RuleMatcher.cc:  Line = 721:  Match results for SubRule:
  Dataset: 114016629
  Number of matched records: 0
  Variables: 
 
05/21/2026 12:24:44 DEBUG : Thread ID = 139648306579200:  Rule Matcher:   File = RuleMatcher.cc:  Line = 741:  Checkpoint true, evaluating variables: 
 
05/21/2026 12:24:44 INFO : Thread ID = 139648306579200:  Rule Matcher:   File = RuleMatcher.cc:  Line = 447:  Beginning Processing Sub Rule: 
  Dataset: 118748635 
05/21/2026 12:24:44 DEBUG : Thread ID = 139648306579200:  Rule Matcher:   File = dscursor.cc:  Line = 1161:  Found a reference to a dataset.  Calling getDatasetSql to resolve thresholds.  Id = 118748635 
05/21/2026 12:24:44 DEBUG : Thread ID = 139648306579200:  Rule Matcher:   File = dscursor.cc:  Line = 1175:  After expansion, sql = SELECT ot.ACCT_INTRL_ID, ot.ACCT_SEQ_ID, ot.CUST_INTRL_ID FROM (--Bug#33838789 Performance update, verification of the same CU in legs
--Bug#31536090 Performance update, splitting BENE/SCND BENE/ ORIG/SCND ORIG to separate UNION ALL parts
--OFSAABD-17684
with clndr_vw as ( --Bug#31536090 
select
(select cal.clndr_dt from fccmatomic.KDD_CAL cal where cal.CLNDR_NM = 'SYSCAL' and cal.CLNDR_DAY_AGE = @Look_Back_Period - 1) as Min_Dt,
(select cal.clndr_dt from fccmatomic.KDD_CAL cal where cal.CLNDR_NM = 'SYSCAL' and cal.CLNDR_DAY_AGE = 0) as Max_Dt,
(select add_days(cal.CLNDR_DT, -@Frequency_Period) from fccmatomic.KDD_CAL cal where cal.CLNDR_NM = 'SYSCAL' and cal.CLNDR_DAY_AGE = 0) as  Freq_Dt,
(select add_days(cal.CLNDR_DT, -@Max_Days_Opened) from fccmatomic.KDD_CAL cal where cal.CLNDR_NM = 'SYSCAL' and cal.CLNDR_DAY_AGE = 0) as Max_Days_Opened_Dt
FROM dual
),

Wire_Trxn_Vw as
(SELECT  
          tr.BENEF_ACCT_ID,
          tr.SCND_BENEF_ACCT_ID,
          tr.ORIG_ACCT_ID,
          tr.SCND_ORIG_ACCT_ID,
          tr.data_dump_dt,
          DECODE(@Curr_Type,'F',tr.TRXN_FUNC_AM,tr.TRXN_BASE_AM) as Trxn_Am,
          tr.BENEF_ACTVY_RISK_NB,
          tr.SCND_BENEF_ACTVY_RISK_NB,
          tr.ORIG_ACTVY_RISK_NB,
          tr.SCND_ORIG_ACTVY_RISK_NB,
          tr.INTRL_BENEF_ACCT_FL,
          tr.INTRL_SCND_BENEF_ACCT_FL,
          tr.INTRL_ORIG_ACCT_FL,          
          tr.INTRL_SCND_ORIG_ACCT_FL,
          (CASE WHEN tr.PASS_THRU_FL='Y' THEN DECODE(@Curr_Type,'F',tr.TRXN_FUNC_AM,tr.TRXN_BASE_AM) ELSE 0 END) PASS_THRU_AMT,        
          (CASE WHEN DECODE(@Curr_Type,'F',tr.TRXN_FUNC_AM,tr.TRXN_BASE_AM) - TRUNC(DECODE(@Curr_Type,'F',tr.TRXN_FUNC_AM,tr.TRXN_BASE_AM), -@Lrf_Digits) = 0 THEN DECODE(@Curr_Type,'F',tr.TRXN_FUNC_AM,tr.TRXN_BASE_AM) 
                 WHEN tr.RCV_TRXN_ACTVY_AM - TRUNC(tr.RCV_TRXN_ACTVY_AM, -@Lrf_Digits) = 0 THEN DECODE(@Curr_Type,'F',tr.TRXN_FUNC_AM,tr.TRXN_BASE_AM)
                 WHEN tr.SEND_TRXN_ACTVY_AM - TRUNC(tr.SEND_TRXN_ACTVY_AM, -@Lrf_Digits) = 0 THEN DECODE(@Curr_Type,'F',tr.TRXN_FUNC_AM,tr.TRXN_BASE_AM)
                 ELSE 0 END) LRF_AMT,
	      	case when tr.TRSTD_TRXN_FL = 'Y' then DECODE(@Curr_Type,'F',tr.TRXN_FUNC_AM,tr.TRXN_BASE_AM) else 0 end as Trusted_Trans_Amt,
          tr.FUNC_CRNCY_CD 				 
FROM      fccmatomic.WIRE_TRXN tr
WHERE
   (@All_Trans_Src_Fl='Y' OR tr.SRC_SYS_CD IN (@Incl_Trans_Src_Lst))
and DECODE(@Curr_Type,'F',tr.TRXN_FUNC_AM,tr.TRXN_BASE_AM) >=@Min_Individual_Trans_Amt
AND tr.MANTAS_TRXN_PRDCT_CD in (@Incl_Wire_Trxn_Prdct_Type_Lst)
and tr.MANTAS_TRXN_PURP_CD = 'GENERAL'
--31536090 
and tr.TRXN_EXCTN_DT >= (select Min_Dt from clndr_vw) and tr.TRXN_EXCTN_DT <= (select Max_Dt from clndr_vw)
and tr.DATA_DUMP_DT >= (select Min_Dt from clndr_vw) and tr.DATA_DUMP_DT <= (select Max_Dt from clndr_vw)
and (@Include_Related_Parties_Fl = 'Y' or   (tr.UNRLTD_PARTY_FL = 'Y' or tr.UNRLTD_PARTY_FL IS NULL))
and (@Include_B2B_Trnfr_Fl = 'Y' or NOT(tr.BANK_TO_BANK_TRNFR_FL = 'Y' and tr.PASS_THRU_FL = 'N'))
and (@Include_Trusted_Trans_FL = 'Y' or COALESCE(tr.TRSTD_TRXN_FL,'N') ='N')
and tr.CXL_PAIR_TRXN_INTRL_ID is null
),

Mi_Trxn_Vw as
(SELECT
          tr.BENEF_ACCT_ID,
          tr.SCND_BENEF_ACCT_ID,
          tr.REM_ACCT_ID,
          tr.data_dump_dt,
          --21153210
          tr.MANTAS_POST_DT,
          tr.MANTAS_ISSUE_DATE,
          DECODE(@Curr_Type,'F',tr.TRXN_FUNC_AM,tr.TRXN_BASE_AM) as Trxn_Am,
          tr.BENEF_ACTVY_RISK_NB,
          tr.SCND_BENEF_ACTVY_RISK_NB,
          tr.REM_ACTVY_RISK_NB,
          tr.INTRL_BENEF_ACCT_FL,
          tr.INTRL_SCND_BENEF_ACCT_FL,
          tr.INTRL_REM_ACCT_FL,
          (CASE WHEN tr.PASS_THRU_FL='Y' THEN DECODE(@Curr_Type,'F',tr.TRXN_FUNC_AM,tr.TRXN_BASE_AM) ELSE 0 END) PASS_THRU_AMT,        
          (CASE WHEN DECODE(@Curr_Type,'F',tr.TRXN_FUNC_AM,tr.TRXN_BASE_AM) - TRUNC(DECODE(@Curr_Type,'F',tr.TRXN_FUNC_AM,tr.TRXN_BASE_AM), -@Lrf_Digits) = 0 THEN DECODE(@Curr_Type,'F',tr.TRXN_FUNC_AM,tr.TRXN_BASE_AM) 
                 WHEN tr.CLR_TRXN_ACTVY_AM - TRUNC(tr.CLR_TRXN_ACTVY_AM, -@Lrf_Digits) = 0 THEN DECODE(@Curr_Type,'F',tr.TRXN_FUNC_AM,tr.TRXN_BASE_AM)
                 WHEN tr.DEP_TRXN_ACTVY_AM - TRUNC(tr.DEP_TRXN_ACTVY_AM, -@Lrf_Digits) = 0 THEN DECODE(@Curr_Type,'F',tr.TRXN_FUNC_AM,tr.TRXN_BASE_AM)
                 WHEN tr.ISSUE_TRXN_ACTVY_AM - TRUNC(tr.ISSUE_TRXN_ACTVY_AM, -@Lrf_Digits) = 0 THEN DECODE(@Curr_Type,'F',tr.TRXN_FUNC_AM,tr.TRXN_BASE_AM)
                 ELSE 0 END) LRF_AMT,
				  case when tr.TRSTD_TRXN_FL = 'Y' then DECODE(@Curr_Type,'F',tr.TRXN_FUNC_AM,tr.TRXN_BASE_AM) else 0 end as Trusted_Trans_Amt,
          tr.FUNC_CRNCY_CD
FROM      fccmatomic.MI_TRXN tr

WHERE
   (@All_Trans_Src_Fl='Y' OR tr.SRC_SYS_CD IN (@Incl_Trans_Src_Lst))
and tr.MANTAS_TRXN_PURP_CD = 'GENERAL'
and tr.MANTAS_TRXN_PRDCT_CD in (@Incl_MI_Trxn_Prdct_Type_Lst)
and DECODE(@Curr_Type,'F',tr.TRXN_FUNC_AM,tr.TRXN_BASE_AM) >=@Min_Individual_Trans_Amt
--31536090 
--21153210
--and tr.MANTAS_POST_DT IN (SELECT KC.CLNDR_DT FROM fccmatomic.KDD_CAL KC WHERE KC.CLNDR_NM='SYSCAL' AND KC.CLNDR_DAY_AGE between 0 and @Look_Back_Period - 1)
and tr.DATA_DUMP_DT >= (select Min_Dt from clndr_vw) and tr.DATA_DUMP_DT <= (select Max_Dt from clndr_vw)
and (@Include_Related_Parties_Fl = 'Y' or   (tr.UNRLTD_PARTY_FL = 'Y' or tr.UNRLTD_PARTY_FL IS NULL))
and (@Include_B2B_Trnfr_Fl = 'Y' or NOT(tr.BANK_TO_BANK_TRNFR_FL = 'Y' and tr.PASS_THRU_FL = 'N'))
and (@Include_Trusted_Trans_FL = 'Y' or COALESCE(tr.TRSTD_TRXN_FL,'N') ='N')
and tr.CXL_PAIR_TRXN_INTRL_ID is null
),

--27476375 
Cust_Accounts as
(SELECT 
        c.CUST_SEQ_ID,
        ac.PRMRY_CUST_INTRL_ID CUST_ID,
        ac.ACCT_INTRL_ID,
        ac.ACCT_SEQ_ID, 
        c.CUST_EFCTV_RISK_NB
FROM        
 fccmatomic.ACCT ac,
 fccmatomic.CUST c 
WHERE     
    c.CUST_INTRL_ID = ac.PRMRY_CUST_INTRL_ID
AND ac.MANTAS_ACCT_HOLDR_TYPE_CD in (@Incld_Acct_Hldr_Typ_Cd)
AND c.CUST_EFCTV_RISK_NB <> -2 
AND ac.MANTAS_ACCT_BUS_TYPE_CD in (@Mantas_Bus_Acct_Type_Lst)
AND (@All_Jurisdictions_Fl = 'Y' or c.JRSDCN_CD in (@Incl_Jurisdictions_Lst))
AND @Primary_Cust_Fl = 'Y'

UNION ALL
SELECT 
        c.CUST_SEQ_ID,
        c.CUST_INTRL_ID CUST_ID,
        ac.ACCT_INTRL_ID,
        ac.ACCT_SEQ_ID,         
        c.CUST_EFCTV_RISK_NB
FROM        
  fccmatomic.ACCT ac,
  fccmatomic.CUST_ACCT ca, 
  fccmatomic.CUST c,
  fccmatomic.CUST_ACCT_ROLE car
WHERE     
    ac.ACCT_INTRL_ID = ca.ACCT_INTRL_ID
AND ca.CUST_INTRL_ID = c.CUST_INTRL_ID
AND ca.CUST_ACCT_ROLE_CD = car.CUST_ACCT_ROLE_CD
AND ac.MANTAS_ACCT_HOLDR_TYPE_CD in (@Incld_Acct_Hldr_Typ_Cd)
AND c.CUST_EFCTV_RISK_NB <> -2 
AND ac.MANTAS_ACCT_BUS_TYPE_CD in (@Mantas_Bus_Acct_Type_Lst)
AND (@All_Jurisdictions_Fl = 'Y' or c.JRSDCN_CD in (@Incl_Jurisdictions_Lst))
AND (car.TRDNG_AUTH_FL = 'Y' or car.WDRWL_AUTH_FL = 'Y' or car.POA_FL = 'Y')
AND @Primary_Cust_Fl = 'N'
)


SELECT  distinct
          s.CUST_ID as CUST_INTRL_ID,
          s.ACCT_SEQ_ID,
          s.ACCT_INTRL_ID

FROM (
-- WIRE Credit BENE 
SELECT    ca.CUST_ID,
          ca.ACCT_SEQ_ID,
          ca.ACCT_INTRL_ID
FROM      Wire_Trxn_Vw tr,
          Cust_Accounts ca
WHERE     
--21153210, 31536090 
(tr.BENEF_ACCT_ID = ca.ACCT_INTRL_ID AND tr.INTRL_BENEF_ACCT_FL = 'Y')

UNION ALL

-- WIRE Credit SCND_BENE 
SELECT    ca.CUST_ID,
          ca.ACCT_SEQ_ID,
          ca.ACCT_INTRL_ID			 
FROM      Wire_Trxn_Vw tr,
          Cust_Accounts ca
WHERE     
--21153210, 31536090,         
tr.SCND_BENEF_ACCT_ID = ca.ACCT_INTRL_ID AND tr.INTRL_SCND_BENEF_ACCT_FL = 'Y'
-- 33838789 
 -- verification that accounts in SCND_BENE and BENE are not impacted to the same Customer
and (case when tr.INTRL_BENEF_ACCT_FL <> 'Y'  then 1
          when ca.CUST_ID not in (select ca2.CUST_ID from Cust_Accounts ca2 where ca2.ACCT_INTRL_ID = COALESCE(tr.BENEF_ACCT_ID, 'NULL')) then 1
          else 0 end) = 1

UNION ALL

-- WIRE Debit ORIG 
SELECT    ca.CUST_ID,
          ca.ACCT_SEQ_ID,
          ca.ACCT_INTRL_ID			 
FROM      Wire_Trxn_Vw tr,
          Cust_Accounts ca
WHERE     
--21153210, 31536090 
tr.ORIG_ACCT_ID = ca.ACCT_INTRL_ID AND tr.INTRL_ORIG_ACCT_FL = 'Y'

UNION ALL

-- WIRE Debit SCND_ORIG 
SELECT    ca.CUST_ID,
          ca.ACCT_SEQ_ID,
          ca.ACCT_INTRL_ID			 
FROM      Wire_Trxn_Vw tr,
          Cust_Accounts ca
WHERE     
--21153210,31536090 
tr.SCND_ORIG_ACCT_ID = ca.ACCT_INTRL_ID AND tr.INTRL_SCND_ORIG_ACCT_FL = 'Y'
--33838789 verification that accounts in SCND_ORIG and ORIG are not impacted to the same Customer
and (case when tr.INTRL_ORIG_ACCT_FL <> 'Y'  then 1
          when ca.CUST_ID not in (select ca2.CUST_ID from Cust_Accounts ca2 where ca2.ACCT_INTRL_ID = COALESCE(tr.ORIG_ACCT_ID, 'NULL')) then 1
          else 0 end) = 1

UNION ALL
-- MI Credit BENE 
SELECT    ca.CUST_ID,
          ca.ACCT_SEQ_ID,
          ca.ACCT_INTRL_ID
FROM      Mi_Trxn_Vw tr,
          Cust_Accounts ca
WHERE     
--21153210, 31536090 
tr.BENEF_ACCT_ID = ca.ACCT_INTRL_ID AND tr.INTRL_BENEF_ACCT_FL = 'Y'
and tr.MANTAS_POST_DT >= (select Min_Dt from clndr_vw) and tr.MANTAS_POST_DT <= (select Max_Dt from clndr_vw)

UNION ALL

-- MI Credit SCND_BENE 
SELECT    ca.CUST_ID,
          ca.ACCT_SEQ_ID,
          ca.ACCT_INTRL_ID
FROM      Mi_Trxn_Vw tr,
          Cust_Accounts ca
WHERE     
--21153210, 31536090 
tr.SCND_BENEF_ACCT_ID = ca.ACCT_INTRL_ID AND tr.INTRL_SCND_BENEF_ACCT_FL = 'Y'
--33838789 verification that accounts in SCND_BENE and BENE are not impacted to the same Customer
and (case when tr.INTRL_BENEF_ACCT_FL <> 'Y'  then 1
           when ca.CUST_ID not in (select ca2.CUST_ID from Cust_Accounts ca2 where ca2.ACCT_INTRL_ID = COALESCE(tr.BENEF_ACCT_ID, 'NULL')) then 1
         else 0 end) = 1

and tr.MANTAS_POST_DT >= (select Min_Dt from clndr_vw) and tr.MANTAS_POST_DT <= (select Max_Dt from clndr_vw)


UNION ALL
-- MI Debit 
SELECT    ca.CUST_ID,
          ca.ACCT_SEQ_ID,
          ca.ACCT_INTRL_ID
FROM      Mi_Trxn_Vw tr,
          Cust_Accounts ca

WHERE     tr.REM_ACCT_ID = ca.ACCT_INTRL_ID
and tr.INTRL_REM_ACCT_FL = 'Y'
--21153210, 31536090 
and tr.MANTAS_ISSUE_DATE >= (select Min_Dt from clndr_vw) and tr.MANTAS_ISSUE_DATE <= (select Max_Dt from clndr_vw)

UNION ALL
-- Cash Credit/Debit  
SELECT    ca.CUST_ID,
          ca.ACCT_SEQ_ID,
          ca.ACCT_INTRL_ID
FROM      fccmatomic.CASH_TRXN tr,
          Cust_Accounts ca

WHERE     tr.ACCT_INTRL_ID = ca.ACCT_INTRL_ID
AND       (@All_Trans_Src_Fl='Y' OR tr.SRC_SYS_CD IN (@Incl_Trans_Src_Lst))
and       tr.MANTAS_TRXN_PURP_CD = 'GENERAL'
and       tr.MANTAS_TRXN_PRDCT_CD in (@Incl_Cash_Trxn_Prdct_Type_Lst)
and       DECODE(@Curr_Type,'F',tr.TRXN_FUNC_AM,tr.TRXN_BASE_AM) >=@Min_Individual_Trans_Amt
--31536090 
and tr.TRXN_EXCTN_DT >= (select Min_Dt from clndr_vw) and tr.TRXN_EXCTN_DT <= (select Max_Dt from clndr_vw)
and tr.DATA_DUMP_DT >= (select Min_Dt from clndr_vw) and tr.DATA_DUMP_DT <= (select Max_Dt from clndr_vw)
and tr.CXL_PAIR_TRXN_INTRL_ID is null

UNION ALL
-- Jrnl Credit/Debit 
SELECT    ca.CUST_ID,
          ca.ACCT_SEQ_ID,
          ca.ACCT_INTRL_ID			 
FROM      fccmatomic.BACK_OFFICE_TRXN tr,
          Cust_Accounts ca
          
WHERE     ca.ACCT_INTRL_ID = tr.ACCT_INTRL_ID
AND       (@All_Trans_Src_Fl='Y' OR tr.SRC_SYS_CD IN (@Incl_Trans_Src_Lst))
and       DECODE(@Curr_Type,'F',tr.TRXN_FUNC_AM,tr.TRXN_BASE_AM) >=@Min_Individual_Trans_Amt 
AND       tr.MANTAS_TRXN_PRDCT_CD in (@Incl_BO_Trxn_Prdct_Type_Lst)
and       tr.MANTAS_TRXN_PURP_CD = 'GENERAL'
AND       tr.CXL_PAIR_TRXN_INTRL_ID is null
--31536090 
and tr.EXCTN_DT >= (select Min_Dt from clndr_vw) and tr.EXCTN_DT <= (select Max_Dt from clndr_vw)
and tr.DATA_DUMP_DT >= (select Min_Dt from clndr_vw) and tr.DATA_DUMP_DT <= (select Max_Dt from clndr_vw)
and (@Include_Related_Parties_Fl = 'Y' or (tr.UNRLTD_PARTY_CD IS NOT NULL))
and (@Include_Trusted_Trans_FL = 'Y' or COALESCE(tr.TRSTD_TRXN_FL,'N') ='N')
) s
 ) ot, TT_DLY_116000099_4_1 RMT WHERE ot.CUST_INTRL_ID = RMT.FOCAL_ENTITY_ID ORDER BY ot.ACCT_SEQ_ID 
05/21/2026 12:24:44 DEBUG : Thread ID = 139648306579200:  Rule Matcher:   File = dscursor.cc:  Line = 748:  Preparing to select from dataset 118748635 
05/21/2026 12:24:44 DEBUG : Thread ID = 139648306579200:  Rule Matcher:   File = dscursor.cc:  Line = 754:  SELECT  ot.ACCT_INTRL_ID, ot.ACCT_SEQ_ID, ot.CUST_INTRL_ID FROM (--Bug#33838789 Performance update, verification of the same CU in legs
--Bug#31536090 Performance update, splitting BENE/SCND BENE/ ORIG/SCND ORIG to separate UNION ALL parts
--OFSAABD-17684
with clndr_vw as ( --Bug#31536090 
select
(select cal.clndr_dt from fccmatomic.KDD_CAL cal where cal.CLNDR_NM = 'SYSCAL' and cal.CLNDR_DAY_AGE = 14 - 1) as Min_Dt,
(select cal.clndr_dt from fccmatomic.KDD_CAL cal where cal.CLNDR_NM = 'SYSCAL' and cal.CLNDR_DAY_AGE = 0) as Max_Dt,
(select add_days(cal.CLNDR_DT, -7) from fccmatomic.KDD_CAL cal where cal.CLNDR_NM = 'SYSCAL' and cal.CLNDR_DAY_AGE = 0) as  Freq_Dt,
(select add_days(cal.CLNDR_DT, -90) from fccmatomic.KDD_CAL cal where cal.CLNDR_NM = 'SYSCAL' and cal.CLNDR_DAY_AGE = 0) as Max_Days_Opened_Dt
FROM dual
),

Wire_Trxn_Vw as
(SELECT  
          tr.BENEF_ACCT_ID,
          tr.SCND_BENEF_ACCT_ID,
          tr.ORIG_ACCT_ID,
          tr.SCND_ORIG_ACCT_ID,
          tr.data_dump_dt,
          DECODE('B','F',tr.TRXN_FUNC_AM,tr.TRXN_BASE_AM) as Trxn_Am,
          tr.BENEF_ACTVY_RISK_NB,
          tr.SCND_BENEF_ACTVY_RISK_NB,
          tr.ORIG_ACTVY_RISK_NB,
          tr.SCND_ORIG_ACTVY_RISK_NB,
          tr.INTRL_BENEF_ACCT_FL,
          tr.INTRL_SCND_BENEF_ACCT_FL,
          tr.INTRL_ORIG_ACCT_FL,          
          tr.INTRL_SCND_ORIG_ACCT_FL,
          (CASE WHEN tr.PASS_THRU_FL='Y' THEN DECODE('B','F',tr.TRXN_FUNC_AM,tr.TRXN_BASE_AM) ELSE 0 END) PASS_THRU_AMT,        
          (CASE WHEN DECODE('B','F',tr.TRXN_FUNC_AM,tr.TRXN_BASE_AM) - TRUNC(DECODE('B','F',tr.TRXN_FUNC_AM,tr.TRXN_BASE_AM), -4) = 0 THEN DECODE('B','F',tr.TRXN_FUNC_AM,tr.TRXN_BASE_AM) 
                 WHEN tr.RCV_TRXN_ACTVY_AM - TRUNC(tr.RCV_TRXN_ACTVY_AM, -4) = 0 THEN DECODE('B','F',tr.TRXN_FUNC_AM,tr.TRXN_BASE_AM)
                 WHEN tr.SEND_TRXN_ACTVY_AM - TRUNC(tr.SEND_TRXN_ACTVY_AM, -4) = 0 THEN DECODE('B','F',tr.TRXN_FUNC_AM,tr.TRXN_BASE_AM)
                 ELSE 0 END) LRF_AMT,
	      	case when tr.TRSTD_TRXN_FL = 'Y' then DECODE('B','F',tr.TRXN_FUNC_AM,tr.TRXN_BASE_AM) else 0 end as Trusted_Trans_Amt,
          tr.FUNC_CRNCY_CD 				 
FROM      fccmatomic.WIRE_TRXN tr
WHERE
   ('Y'='Y' OR tr.SRC_SYS_CD IN ('Inactive'))
and DECODE('B','F',tr.TRXN_FUNC_AM,tr.TRXN_BASE_AM) >=3000
AND tr.MANTAS_TRXN_PRDCT_CD in ('EFT-ACH', 'EFT-TREASURY', 'EFT-FEDWIRE', 'EFT-SWIFT', 'EFT-OTHER','EST')
and tr.MANTAS_TRXN_PURP_CD = 'GENERAL'
--31536090 
and tr.TRXN_EXCTN_DT >= (select Min_Dt from clndr_vw) and tr.TRXN_EXCTN_DT <= (select Max_Dt from clndr_vw)
and tr.DATA_DUMP_DT >= (select Min_Dt from clndr_vw) and tr.DATA_DUMP_DT <= (select Max_Dt from clndr_vw)
and ('Y' = 'Y' or   (tr.UNRLTD_PARTY_FL = 'Y' or tr.UNRLTD_PARTY_FL IS NULL))
and ('Y' = 'Y' or NOT(tr.BANK_TO_BANK_TRNFR_FL = 'Y' and tr.PASS_THRU_FL = 'N'))
and ('Y' = 'Y' or COALESCE(tr.TRSTD_TRXN_FL,'N') ='N')
and tr.CXL_PAIR_TRXN_INTRL_ID is null
),

Mi_Trxn_Vw as
(SELECT
          tr.BENEF_ACCT_ID,
          tr.SCND_BENEF_ACCT_ID,
          tr.REM_ACCT_ID,
          tr.data_dump_dt,
          --21153210
          tr.MANTAS_POST_DT,
          tr.MANTAS_ISSUE_DATE,
          DECODE('B','F',tr.TRXN_FUNC_AM,tr.TRXN_BASE_AM) as Trxn_Am,
          tr.BENEF_ACTVY_RISK_NB,
          tr.SCND_BENEF_ACTVY_RISK_NB,
          tr.REM_ACTVY_RISK_NB,
          tr.INTRL_BENEF_ACCT_FL,
          tr.INTRL_SCND_BENEF_ACCT_FL,
          tr.INTRL_REM_ACCT_FL,
          (CASE WHEN tr.PASS_THRU_FL='Y' THEN DECODE('B','F',tr.TRXN_FUNC_AM,tr.TRXN_BASE_AM) ELSE 0 END) PASS_THRU_AMT,        
          (CASE WHEN DECODE('B','F',tr.TRXN_FUNC_AM,tr.TRXN_BASE_AM) - TRUNC(DECODE('B','F',tr.TRXN_FUNC_AM,tr.TRXN_BASE_AM), -4) = 0 THEN DECODE('B','F',tr.TRXN_FUNC_AM,tr.TRXN_BASE_AM) 
                 WHEN tr.CLR_TRXN_ACTVY_AM - TRUNC(tr.CLR_TRXN_ACTVY_AM, -4) = 0 THEN DECODE('B','F',tr.TRXN_FUNC_AM,tr.TRXN_BASE_AM)
                 WHEN tr.DEP_TRXN_ACTVY_AM - TRUNC(tr.DEP_TRXN_ACTVY_AM, -4) = 0 THEN DECODE('B','F',tr.TRXN_FUNC_AM,tr.TRXN_BASE_AM)
                 WHEN tr.ISSUE_TRXN_ACTVY_AM - TRUNC(tr.ISSUE_TRXN_ACTVY_AM, -4) = 0 THEN DECODE('B','F',tr.TRXN_FUNC_AM,tr.TRXN_BASE_AM)
                 ELSE 0 END) LRF_AMT,
				  case when tr.TRSTD_TRXN_FL = 'Y' then DECODE('B','F',tr.TRXN_FUNC_AM,tr.TRXN_BASE_AM) else 0 end as Trusted_Trans_Amt,
          tr.FUNC_CRNCY_CD
FROM      fccmatomic.MI_TRXN tr

WHERE
   ('Y'='Y' OR tr.SRC_SYS_CD IN ('Inactive'))
and tr.MANTAS_TRXN_PURP_CD = 'GENERAL'
and tr.MANTAS_TRXN_PRDCT_CD in ('CASH-EQ-CASHIER-CHECK', 'CASH-EQ-CERT-CHECK', 'CASH-EQ-MONEY-ORDER', 'CASH-EQ-TRAVELERS-CHECK', 'CASH-EQ-OTHER', 'CASH-LETTER', 'CHECK', 'PAPER-OTHER', 'CHECK-ACH')
and DECODE('B','F',tr.TRXN_FUNC_AM,tr.TRXN_BASE_AM) >=3000
--31536090 
--21153210
--and tr.MANTAS_POST_DT IN (SELECT KC.CLNDR_DT FROM fccmatomic.KDD_CAL KC WHERE KC.CLNDR_NM='SYSCAL' AND KC.CLNDR_DAY_AGE between 0 and 14 - 1)
and tr.DATA_DUMP_DT >= (select Min_Dt from clndr_vw) and tr.DATA_DUMP_DT <= (select Max_Dt from clndr_vw)
and ('Y' = 'Y' or   (tr.UNRLTD_PARTY_FL = 'Y' or tr.UNRLTD_PARTY_FL IS NULL))
and ('Y' = 'Y' or NOT(tr.BANK_TO_BANK_TRNFR_FL = 'Y' and tr.PASS_THRU_FL = 'N'))
and ('Y' = 'Y' or COALESCE(tr.TRSTD_TRXN_FL,'N') ='N')
and tr.CXL_PAIR_TRXN_INTRL_ID is null
),

--27476375 
Cust_Accounts as
(SELECT 
        c.CUST_SEQ_ID,
        ac.PRMRY_CUST_INTRL_ID CUST_ID,
        ac.ACCT_INTRL_ID,
        ac.ACCT_SEQ_ID, 
        c.CUST_EFCTV_RISK_NB
FROM        
 fccmatomic.ACCT ac,
 fccmatomic.CUST c 
WHERE     
    c.CUST_INTRL_ID = ac.PRMRY_CUST_INTRL_ID
AND ac.MANTAS_ACCT_HOLDR_TYPE_CD in ('CR')
AND c.CUST_EFCTV_RISK_NB <> -2 
AND ac.MANTAS_ACCT_BUS_TYPE_CD in ('RBK', 'RBR')
AND ('N' = 'Y' or c.JRSDCN_CD in ('AIIN'))
AND 'Y' = 'Y'

UNION ALL
SELECT 
        c.CUST_SEQ_ID,
        c.CUST_INTRL_ID CUST_ID,
        ac.ACCT_INTRL_ID,
        ac.ACCT_SEQ_ID,         
        c.CUST_EFCTV_RISK_NB
FROM        
  fccmatomic.ACCT ac,
  fccmatomic.CUST_ACCT ca, 
  fccmatomic.CUST c,
  fccmatomic.CUST_ACCT_ROLE car
WHERE     
    ac.ACCT_INTRL_ID = ca.ACCT_INTRL_ID
AND ca.CUST_INTRL_ID = c.CUST_INTRL_ID
AND ca.CUST_ACCT_ROLE_CD = car.CUST_ACCT_ROLE_CD
AND ac.MANTAS_ACCT_HOLDR_TYPE_CD in ('CR')
AND c.CUST_EFCTV_RISK_NB <> -2 
AND ac.MANTAS_ACCT_BUS_TYPE_CD in ('RBK', 'RBR')
AND ('N' = 'Y' or c.JRSDCN_CD in ('AIIN'))
AND (car.TRDNG_AUTH_FL = 'Y' or car.WDRWL_AUTH_FL = 'Y' or car.POA_FL = 'Y')
AND 'Y' = 'N'
)


SELECT  distinct
          s.CUST_ID as CUST_INTRL_ID,
          s.ACCT_SEQ_ID,
          s.ACCT_INTRL_ID

FROM (
-- WIRE Credit BENE 
SELECT    ca.CUST_ID,
          ca.ACCT_SEQ_ID,
          ca.ACCT_INTRL_ID
FROM      Wire_Trxn_Vw tr,
          Cust_Accounts ca
WHERE     
--21153210, 31536090 
(tr.BENEF_ACCT_ID = ca.ACCT_INTRL_ID AND tr.INTRL_BENEF_ACCT_FL = 'Y')

UNION ALL

-- WIRE Credit SCND_BENE 
SELECT    ca.CUST_ID,
          ca.ACCT_SEQ_ID,
          ca.ACCT_INTRL_ID			 
FROM      Wire_Trxn_Vw tr,
          Cust_Accounts ca
WHERE     
--21153210, 31536090,         
tr.SCND_BENEF_ACCT_ID = ca.ACCT_INTRL_ID AND tr.INTRL_SCND_BENEF_ACCT_FL = 'Y'
-- 33838789 
 -- verification that accounts in SCND_BENE and BENE are not impacted to the same Customer
and (case when tr.INTRL_BENEF_ACCT_FL <> 'Y'  then 1
          when ca.CUST_ID not in (select ca2.CUST_ID from Cust_Accounts ca2 where ca2.ACCT_INTRL_ID = COALESCE(tr.BENEF_ACCT_ID, 'NULL')) then 1
          else 0 end) = 1

UNION ALL

-- WIRE Debit ORIG 
SELECT    ca.CUST_ID,
          ca.ACCT_SEQ_ID,
          ca.ACCT_INTRL_ID			 
FROM      Wire_Trxn_Vw tr,
          Cust_Accounts ca
WHERE     
--21153210, 31536090 
tr.ORIG_ACCT_ID = ca.ACCT_INTRL_ID AND tr.INTRL_ORIG_ACCT_FL = 'Y'

UNION ALL

-- WIRE Debit SCND_ORIG 
SELECT    ca.CUST_ID,
          ca.ACCT_SEQ_ID,
          ca.ACCT_INTRL_ID			 
FROM      Wire_Trxn_Vw tr,
          Cust_Accounts ca
WHERE     
--21153210,31536090 
tr.SCND_ORIG_ACCT_ID = ca.ACCT_INTRL_ID AND tr.INTRL_SCND_ORIG_ACCT_FL = 'Y'
--33838789 verification that accounts in SCND_ORIG and ORIG are not impacted to the same Customer
and (case when tr.INTRL_ORIG_ACCT_FL <> 'Y'  then 1
          when ca.CUST_ID not in (select ca2.CUST_ID from Cust_Accounts ca2 where ca2.ACCT_INTRL_ID = COALESCE(tr.ORIG_ACCT_ID, 'NULL')) then 1
          else 0 end) = 1

UNION ALL
-- MI Credit BENE 
SELECT    ca.CUST_ID,
          ca.ACCT_SEQ_ID,
          ca.ACCT_INTRL_ID
FROM      Mi_Trxn_Vw tr,
          Cust_Accounts ca
WHERE     
--21153210, 31536090 
tr.BENEF_ACCT_ID = ca.ACCT_INTRL_ID AND tr.INTRL_BENEF_ACCT_FL = 'Y'
and tr.MANTAS_POST_DT >= (select Min_Dt from clndr_vw) and tr.MANTAS_POST_DT <= (select Max_Dt from clndr_vw)

UNION ALL

-- MI Credit SCND_BENE 
SELECT    ca.CUST_ID,
          ca.ACCT_SEQ_ID,
          ca.ACCT_INTRL_ID
FROM      Mi_Trxn_Vw tr,
          Cust_Accounts ca
WHERE     
--21153210, 31536090 
tr.SCND_BENEF_ACCT_ID = ca.ACCT_INTRL_ID AND tr.INTRL_SCND_BENEF_ACCT_FL = 'Y'
--33838789 verification that accounts in SCND_BENE and BENE are not impacted to the same Customer
and (case when tr.INTRL_BENEF_ACCT_FL <> 'Y'  then 1
           when ca.CUST_ID not in (select ca2.CUST_ID from Cust_Accounts ca2 where ca2.ACCT_INTRL_ID = COALESCE(tr.BENEF_ACCT_ID, 'NULL')) then 1
         else 0 end) = 1

and tr.MANTAS_POST_DT >= (select Min_Dt from clndr_vw) and tr.MANTAS_POST_DT <= (select Max_Dt from clndr_vw)


UNION ALL
-- MI Debit 
SELECT    ca.CUST_ID,
          ca.ACCT_SEQ_ID,
          ca.ACCT_INTRL_ID
FROM      Mi_Trxn_Vw tr,
          Cust_Accounts ca

WHERE     tr.REM_ACCT_ID = ca.ACCT_INTRL_ID
and tr.INTRL_REM_ACCT_FL = 'Y'
--21153210, 31536090 
and tr.MANTAS_ISSUE_DATE >= (select Min_Dt from clndr_vw) and tr.MANTAS_ISSUE_DATE <= (select Max_Dt from clndr_vw)

UNION ALL
-- Cash Credit/Debit  
SELECT    ca.CUST_ID,
          ca.ACCT_SEQ_ID,
          ca.ACCT_INTRL_ID
FROM      fccmatomic.CASH_TRXN tr,
          Cust_Accounts ca

WHERE     tr.ACCT_INTRL_ID = ca.ACCT_INTRL_ID
AND       ('Y'='Y' OR tr.SRC_SYS_CD IN ('Inactive'))
and       tr.MANTAS_TRXN_PURP_CD = 'GENERAL'
and       tr.MANTAS_TRXN_PRDCT_CD in ('DEBIT-CARD', 'SVC', 'CREDIT-CARD', 'CURRENCY', 'PHYS')
and       DECODE('B','F',tr.TRXN_FUNC_AM,tr.TRXN_BASE_AM) >=3000
--31536090 
and tr.TRXN_EXCTN_DT >= (select Min_Dt from clndr_vw) and tr.TRXN_EXCTN_DT <= (select Max_Dt from clndr_vw)
and tr.DATA_DUMP_DT >= (select Min_Dt from clndr_vw) and tr.DATA_DUMP_DT <= (select Max_Dt from clndr_vw)
and tr.CXL_PAIR_TRXN_INTRL_ID is null

UNION ALL
-- Jrnl Credit/Debit 
SELECT    ca.CUST_ID,
          ca.ACCT_SEQ_ID,
          ca.ACCT_INTRL_ID			 
FROM      fccmatomic.BACK_OFFICE_TRXN tr,
          Cust_Accounts ca
          
WHERE     ca.ACCT_INTRL_ID = tr.ACCT_INTRL_ID
AND       ('Y'='Y' OR tr.SRC_SYS_CD IN ('Inactive'))
and       DECODE('B','F',tr.TRXN_FUNC_AM,tr.TRXN_BASE_AM) >=3000 
AND       tr.MANTAS_TRXN_PRDCT_CD in ('JOURNAL')
and       tr.MANTAS_TRXN_PURP_CD = 'GENERAL'
AND       tr.CXL_PAIR_TRXN_INTRL_ID is null
--31536090 
and tr.EXCTN_DT >= (select Min_Dt from clndr_vw) and tr.EXCTN_DT <= (select Max_Dt from clndr_vw)
and tr.DATA_DUMP_DT >= (select Min_Dt from clndr_vw) and tr.DATA_DUMP_DT <= (select Max_Dt from clndr_vw)
and ('Y' = 'Y' or (tr.UNRLTD_PARTY_CD IS NOT NULL))
and ('Y' = 'Y' or COALESCE(tr.TRSTD_TRXN_FL,'N') ='N')
) s
 ) ot, TT_DLY_116000099_4_1 RMT WHERE ot.CUST_INTRL_ID = RMT.FOCAL_ENTITY_ID ORDER BY ot.ACCT_SEQ_ID
05/21/2026 12:24:44 DEBUG : Thread ID = 139648306579200:  Rule Matcher:   File = RuleMatcher.cc:  Line = 465:  Processing Match State Id: 0
 
05/21/2026 12:24:44 DEBUG : Thread ID = 139648306579200:  Rule Matcher:   File = RuleMatcher.cc:  Line = 721:  Match results for SubRule:
  Dataset: 118748635
  Number of matched records: 3
  Variables: 
 
05/21/2026 12:24:44 DEBUG : Thread ID = 139648306579200:  Rule Matcher:   File = RuleMatcher.cc:  Line = 741:  Checkpoint true, evaluating variables: 
 
05/21/2026 12:24:44 DEBUG : Thread ID = 139648306579200:  Rule Matcher:   File = RuleMatcher.cc:  Line = 465:  Processing Match State Id: 1
 
05/21/2026 12:24:44 DEBUG : Thread ID = 139648306579200:  Rule Matcher:   File = RuleMatcher.cc:  Line = 721:  Match results for SubRule:
  Dataset: 118748635
  Number of matched records: 4
  Variables: 
 
05/21/2026 12:24:44 DEBUG : Thread ID = 139648306579200:  Rule Matcher:   File = RuleMatcher.cc:  Line = 741:  Checkpoint true, evaluating variables: 
 
05/21/2026 12:24:44 DEBUG : Thread ID = 139648306579200:  Rule Matcher:   File = RuleMatcher.cc:  Line = 465:  Processing Match State Id: 2
 
05/21/2026 12:24:44 DEBUG : Thread ID = 139648306579200:  Rule Matcher:   File = RuleMatcher.cc:  Line = 721:  Match results for SubRule:
  Dataset: 118748635
  Number of matched records: 4
  Variables: 
 
05/21/2026 12:24:44 DEBUG : Thread ID = 139648306579200:  Rule Matcher:   File = RuleMatcher.cc:  Line = 741:  Checkpoint true, evaluating variables: 
 
05/21/2026 12:24:44 DEBUG : Thread ID = 139648306579200:  Rule Matcher:   File = RuleMatcher.cc:  Line = 465:  Processing Match State Id: 3
 
05/21/2026 12:24:44 DEBUG : Thread ID = 139648306579200:  Rule Matcher:   File = RuleMatcher.cc:  Line = 721:  Match results for SubRule:
  Dataset: 118748635
  Number of matched records: 3
  Variables: 
 
05/21/2026 12:24:44 DEBUG : Thread ID = 139648306579200:  Rule Matcher:   File = RuleMatcher.cc:  Line = 741:  Checkpoint true, evaluating variables: 
 
05/21/2026 12:24:44 DEBUG : Thread ID = 139648306579200:  Rule Matcher:   File = RuleMatcher.cc:  Line = 465:  Processing Match State Id: 4
 
05/21/2026 12:24:44 DEBUG : Thread ID = 139648306579200:  Rule Matcher:   File = RuleMatcher.cc:  Line = 721:  Match results for SubRule:
  Dataset: 118748635
  Number of matched records: 3
  Variables: 
 
05/21/2026 12:24:44 DEBUG : Thread ID = 139648306579200:  Rule Matcher:   File = RuleMatcher.cc:  Line = 741:  Checkpoint true, evaluating variables: 
 
05/21/2026 12:24:44 DEBUG : Thread ID = 139648306579200:  Rule Matcher:   File = TableDataset.cc:  Line = 278:  SELECT c.DATASET_ID FROM fccmatomic.KDD_DATASET a,fccmatomic.KDD_DATASET_ATTR b,fccmatomic.KDD_DATASET c,fccmatomic.KDD_DATASET_ATTR d WHERE a.DATASET_ID = b.DATASET_ID AND b.KEY_FL = 'Y' AND b.ATTR_ID = d.ATTR_ID AND d.KEY_FL = 'Y' AND d.DATASET_ID = c.DATASET_ID AND a.DATASET_ID = 114016597 AND c.REALIZED_NM NOT LIKE '%DSVIEW%' AND c.REALIZED_NM IS NOT NULL
05/21/2026 12:24:44 DEBUG : Thread ID = 139648306579200:  Rule Matcher:   File = TableDataset.cc:  Line = 278:  SELECT c.DATASET_ID FROM fccmatomic.KDD_DATASET a,fccmatomic.KDD_DATASET_ATTR b,fccmatomic.KDD_DATASET c,fccmatomic.KDD_DATASET_ATTR d WHERE a.DATASET_ID = b.DATASET_ID AND b.KEY_FL = 'Y' AND b.ATTR_ID = d.ATTR_ID AND d.KEY_FL = 'Y' AND d.DATASET_ID = c.DATASET_ID AND a.DATASET_ID = 114016601 AND c.REALIZED_NM NOT LIKE '%DSVIEW%' AND c.REALIZED_NM IS NOT NULL
05/21/2026 12:24:44 DEBUG : Thread ID = 139648306579200:  Rule Matcher:   File = TableDataset.cc:  Line = 278:  SELECT c.DATASET_ID FROM fccmatomic.KDD_DATASET a,fccmatomic.KDD_DATASET_ATTR b,fccmatomic.KDD_DATASET c,fccmatomic.KDD_DATASET_ATTR d WHERE a.DATASET_ID = b.DATASET_ID AND b.KEY_FL = 'Y' AND b.ATTR_ID = d.ATTR_ID AND d.KEY_FL = 'Y' AND d.DATASET_ID = c.DATASET_ID AND a.DATASET_ID = 114016607 AND c.REALIZED_NM NOT LIKE '%DSVIEW%' AND c.REALIZED_NM IS NOT NULL
05/21/2026 12:24:44 DEBUG : Thread ID = 139648306579200:  Rule Matcher:   File = TableDataset.cc:  Line = 278:  SELECT c.DATASET_ID FROM fccmatomic.KDD_DATASET a,fccmatomic.KDD_DATASET_ATTR b,fccmatomic.KDD_DATASET c,fccmatomic.KDD_DATASET_ATTR d WHERE a.DATASET_ID = b.DATASET_ID AND b.KEY_FL = 'Y' AND b.ATTR_ID = d.ATTR_ID AND d.KEY_FL = 'Y' AND d.DATASET_ID = c.DATASET_ID AND a.DATASET_ID = 114016614 AND c.REALIZED_NM NOT LIKE '%DSVIEW%' AND c.REALIZED_NM IS NOT NULL
05/21/2026 12:24:44 DEBUG : Thread ID = 139648306579200:  Rule Matcher:   File = TableDataset.cc:  Line = 278:  SELECT c.DATASET_ID FROM fccmatomic.KDD_DATASET a,fccmatomic.KDD_DATASET_ATTR b,fccmatomic.KDD_DATASET c,fccmatomic.KDD_DATASET_ATTR d WHERE a.DATASET_ID = b.DATASET_ID AND b.KEY_FL = 'Y' AND b.ATTR_ID = d.ATTR_ID AND d.KEY_FL = 'Y' AND d.DATASET_ID = c.DATASET_ID AND a.DATASET_ID = 114016625 AND c.REALIZED_NM NOT LIKE '%DSVIEW%' AND c.REALIZED_NM IS NOT NULL
05/21/2026 12:24:44 DEBUG : Thread ID = 139648306579200:  Rule Matcher:   File = TableDataset.cc:  Line = 278:  SELECT c.DATASET_ID FROM fccmatomic.KDD_DATASET a,fccmatomic.KDD_DATASET_ATTR b,fccmatomic.KDD_DATASET c,fccmatomic.KDD_DATASET_ATTR d WHERE a.DATASET_ID = b.DATASET_ID AND b.KEY_FL = 'Y' AND b.ATTR_ID = d.ATTR_ID AND d.KEY_FL = 'Y' AND d.DATASET_ID = c.DATASET_ID AND a.DATASET_ID = 118748635 AND c.REALIZED_NM NOT LIKE '%DSVIEW%' AND c.REALIZED_NM IS NOT NULL
05/21/2026 12:24:44 DEBUG : Thread ID = 139648306579200:  Rule Matcher:   File = MatchAugmenter.cc:  Line = 254:  CREATE TABLE BREAK_TEMP21101(BREAK_ID NUMBER(10) NOT NULL) NOPARALLEL
05/21/2026 12:24:44 DEBUG : Thread ID = 139648306579200:  Rule Matcher:   File = MatchAugmenter.cc:  Line = 219:  CREATE TABLE BREAK_BINDG_TEMP21101(BREAK_ID NUMBER(10) NOT NULL, BINDG_NM VARCHAR2(40 CHAR) NOT NULL, VALUE_TX VARCHAR2(2000 CHAR)) NOPARALLEL
05/21/2026 12:24:44 DEBUG : Thread ID = 139648306579200:  Rule Matcher:   File = MatchAugmenter.cc:  Line = 180:  CREATE TABLE BREAK_MTCHS_TEMP21101(BREAK_ID NUMBER(10) NOT NULL, DATASET_ID NUMBER(10) NOT NULL, KEY_ID NUMBER(31) NOT NULL) NOPARALLEL
05/21/2026 12:24:44 DEBUG : Thread ID = 139648306579200:  Rule Matcher:   File = MatchAugmenter.cc:  Line = 812:  Inserting 3001~113001027~'300070' into break matchs map
05/21/2026 12:24:44 DEBUG : Thread ID = 139648306579200:  Rule Matcher:   File = MatchAugmenter.cc:  Line = 817:  INSERT INTO BREAK_MTCHS_TEMP21101 VALUES(3001,113001027,'300070')
05/21/2026 12:24:44 DEBUG : Thread ID = 139648306579200:  Rule Matcher:   File = MatchAugmenter.cc:  Line = 812:  Inserting 3001~113001098~'330259' into break matchs map
05/21/2026 12:24:44 DEBUG : Thread ID = 139648306579200:  Rule Matcher:   File = MatchAugmenter.cc:  Line = 817:  INSERT INTO BREAK_MTCHS_TEMP21101 VALUES(3001,113001098,'330259')
05/21/2026 12:24:44 DEBUG : Thread ID = 139648306579200:  Rule Matcher:   File = MatchAugmenter.cc:  Line = 812:  Inserting 3001~113001098~'330261' into break matchs map
05/21/2026 12:24:44 DEBUG : Thread ID = 139648306579200:  Rule Matcher:   File = MatchAugmenter.cc:  Line = 817:  INSERT INTO BREAK_MTCHS_TEMP21101 VALUES(3001,113001098,'330261')
05/21/2026 12:24:44 DEBUG : Thread ID = 139648306579200:  Rule Matcher:   File = MatchAugmenter.cc:  Line = 812:  Inserting 3001~113001098~'330263' into break matchs map
05/21/2026 12:24:44 DEBUG : Thread ID = 139648306579200:  Rule Matcher:   File = MatchAugmenter.cc:  Line = 817:  INSERT INTO BREAK_MTCHS_TEMP21101 VALUES(3001,113001098,'330263')
05/21/2026 12:24:44 DEBUG : Thread ID = 139648306579200:  Rule Matcher:   File = MatchAugmenter.cc:  Line = 812:  Inserting 3001~113001098~'327580' into break matchs map
05/21/2026 12:24:44 DEBUG : Thread ID = 139648306579200:  Rule Matcher:   File = MatchAugmenter.cc:  Line = 817:  INSERT INTO BREAK_MTCHS_TEMP21101 VALUES(3001,113001098,'327580')
05/21/2026 12:24:44 DEBUG : Thread ID = 139648306579200:  Rule Matcher:   File = MatchAugmenter.cc:  Line = 812:  Inserting 3001~113001098~'328279' into break matchs map
05/21/2026 12:24:44 DEBUG : Thread ID = 139648306579200:  Rule Matcher:   File = MatchAugmenter.cc:  Line = 817:  INSERT INTO BREAK_MTCHS_TEMP21101 VALUES(3001,113001098,'328279')
05/21/2026 12:24:44 DEBUG : Thread ID = 139648306579200:  Rule Matcher:   File = MatchAugmenter.cc:  Line = 812:  Inserting 3001~113001098~'330260' into break matchs map
05/21/2026 12:24:44 DEBUG : Thread ID = 139648306579200:  Rule Matcher:   File = MatchAugmenter.cc:  Line = 817:  INSERT INTO BREAK_MTCHS_TEMP21101 VALUES(3001,113001098,'330260')
05/21/2026 12:24:44 DEBUG : Thread ID = 139648306579200:  Rule Matcher:   File = MatchAugmenter.cc:  Line = 812:  Inserting 3001~113001098~'330262' into break matchs map
05/21/2026 12:24:44 DEBUG : Thread ID = 139648306579200:  Rule Matcher:   File = MatchAugmenter.cc:  Line = 817:  INSERT INTO BREAK_MTCHS_TEMP21101 VALUES(3001,113001098,'330262')
05/21/2026 12:24:44 DEBUG : Thread ID = 139648306579200:  Rule Matcher:   File = MatchAugmenter.cc:  Line = 812:  Inserting 3001~113001098~'330264' into break matchs map
05/21/2026 12:24:44 DEBUG : Thread ID = 139648306579200:  Rule Matcher:   File = MatchAugmenter.cc:  Line = 817:  INSERT INTO BREAK_MTCHS_TEMP21101 VALUES(3001,113001098,'330264')
05/21/2026 12:24:44 DEBUG : Thread ID = 139648306579200:  Rule Matcher:   File = MatchAugmenter.cc:  Line = 812:  Inserting 3001~113001067~'327462' into break matchs map
05/21/2026 12:24:44 DEBUG : Thread ID = 139648306579200:  Rule Matcher:   File = MatchAugmenter.cc:  Line = 817:  INSERT INTO BREAK_MTCHS_TEMP21101 VALUES(3001,113001067,'327462')
05/21/2026 12:24:44 DEBUG : Thread ID = 139648306579200:  Rule Matcher:   File = MatchAugmenter.cc:  Line = 812:  Inserting 3001~113001018~'325580' into break matchs map
05/21/2026 12:24:44 DEBUG : Thread ID = 139648306579200:  Rule Matcher:   File = MatchAugmenter.cc:  Line = 817:  INSERT INTO BREAK_MTCHS_TEMP21101 VALUES(3001,113001018,'325580')
05/21/2026 12:24:44 DEBUG : Thread ID = 139648306579200:  Rule Matcher:   File = MatchAugmenter.cc:  Line = 812:  Inserting 3001~113001001~'375130' into break matchs map
05/21/2026 12:24:44 DEBUG : Thread ID = 139648306579200:  Rule Matcher:   File = MatchAugmenter.cc:  Line = 817:  INSERT INTO BREAK_MTCHS_TEMP21101 VALUES(3001,113001001,'375130')
05/21/2026 12:24:44 DEBUG : Thread ID = 139648306579200:  Rule Matcher:   File = MatchAugmenter.cc:  Line = 812:  Inserting 3001~113001001~'375131' into break matchs map
05/21/2026 12:24:44 DEBUG : Thread ID = 139648306579200:  Rule Matcher:   File = MatchAugmenter.cc:  Line = 817:  INSERT INTO BREAK_MTCHS_TEMP21101 VALUES(3001,113001001,'375131')
05/21/2026 12:24:44 DEBUG : Thread ID = 139648306579200:  Rule Matcher:   File = MatchAugmenter.cc:  Line = 812:  Inserting 3001~113001001~'375132' into break matchs map
05/21/2026 12:24:44 DEBUG : Thread ID = 139648306579200:  Rule Matcher:   File = MatchAugmenter.cc:  Line = 817:  INSERT INTO BREAK_MTCHS_TEMP21101 VALUES(3001,113001001,'375132')
05/21/2026 12:24:44 DEBUG : Thread ID = 139648306579200:  Rule Matcher:   File = MatchAugmenter.cc:  Line = 812:  Inserting 3002~113001027~'350554' into break matchs map
05/21/2026 12:24:44 DEBUG : Thread ID = 139648306579200:  Rule Matcher:   File = MatchAugmenter.cc:  Line = 817:  INSERT INTO BREAK_MTCHS_TEMP21101 VALUES(3002,113001027,'350554')
05/21/2026 12:24:44 DEBUG : Thread ID = 139648306579200:  Rule Matcher:   File = MatchAugmenter.cc:  Line = 812:  Inserting 3002~113001098~'302709' into break matchs map
05/21/2026 12:24:44 DEBUG : Thread ID = 139648306579200:  Rule Matcher:   File = MatchAugmenter.cc:  Line = 817:  INSERT INTO BREAK_MTCHS_TEMP21101 VALUES(3002,113001098,'302709')
05/21/2026 12:24:44 DEBUG : Thread ID = 139648306579200:  Rule Matcher:   File = MatchAugmenter.cc:  Line = 812:  Inserting 3002~113001098~'302711' into break matchs map
05/21/2026 12:24:44 DEBUG : Thread ID = 139648306579200:  Rule Matcher:   File = MatchAugmenter.cc:  Line = 817:  INSERT INTO BREAK_MTCHS_TEMP21101 VALUES(3002,113001098,'302711')
05/21/2026 12:24:44 DEBUG : Thread ID = 139648306579200:  Rule Matcher:   File = MatchAugmenter.cc:  Line = 812:  Inserting 3002~113001098~'302713' into break matchs map
05/21/2026 12:24:44 DEBUG : Thread ID = 139648306579200:  Rule Matcher:   File = MatchAugmenter.cc:  Line = 817:  INSERT INTO BREAK_MTCHS_TEMP21101 VALUES(3002,113001098,'302713')
05/21/2026 12:24:44 DEBUG : Thread ID = 139648306579200:  Rule Matcher:   File = MatchAugmenter.cc:  Line = 812:  Inserting 3002~113001098~'305881' into break matchs map
05/21/2026 12:24:44 DEBUG : Thread ID = 139648306579200:  Rule Matcher:   File = MatchAugmenter.cc:  Line = 817:  INSERT INTO BREAK_MTCHS_TEMP21101 VALUES(3002,113001098,'305881')
05/21/2026 12:24:44 DEBUG : Thread ID = 139648306579200:  Rule Matcher:   File = MatchAugmenter.cc:  Line = 812:  Inserting 3002~113001098~'306381' into break matchs map
05/21/2026 12:24:44 DEBUG : Thread ID = 139648306579200:  Rule Matcher:   File = MatchAugmenter.cc:  Line = 817:  INSERT INTO BREAK_MTCHS_TEMP21101 VALUES(3002,113001098,'306381')
05/21/2026 12:24:44 DEBUG : Thread ID = 139648306579200:  Rule Matcher:   File = MatchAugmenter.cc:  Line = 812:  Inserting 3002~113001098~'302710' into break matchs map
05/21/2026 12:24:44 DEBUG : Thread ID = 139648306579200:  Rule Matcher:   File = MatchAugmenter.cc:  Line = 817:  INSERT INTO BREAK_MTCHS_TEMP21101 VALUES(3002,113001098,'302710')
05/21/2026 12:24:44 DEBUG : Thread ID = 139648306579200:  Rule Matcher:   File = MatchAugmenter.cc:  Line = 812:  Inserting 3002~113001098~'302712' into break matchs map
05/21/2026 12:24:44 DEBUG : Thread ID = 139648306579200:  Rule Matcher:   File = MatchAugmenter.cc:  Line = 817:  INSERT INTO BREAK_MTCHS_TEMP21101 VALUES(3002,113001098,'302712')
05/21/2026 12:24:45 DEBUG : Thread ID = 139648306579200:  Rule Matcher:   File = MatchAugmenter.cc:  Line = 812:  Inserting 3002~113001098~'302714' into break matchs map
05/21/2026 12:24:45 DEBUG : Thread ID = 139648306579200:  Rule Matcher:   File = MatchAugmenter.cc:  Line = 817:  INSERT INTO BREAK_MTCHS_TEMP21101 VALUES(3002,113001098,'302714')
05/21/2026 12:24:45 DEBUG : Thread ID = 139648306579200:  Rule Matcher:   File = MatchAugmenter.cc:  Line = 812:  Inserting 3002~113001098~'305882' into break matchs map
05/21/2026 12:24:45 DEBUG : Thread ID = 139648306579200:  Rule Matcher:   File = MatchAugmenter.cc:  Line = 817:  INSERT INTO BREAK_MTCHS_TEMP21101 VALUES(3002,113001098,'305882')
05/21/2026 12:24:45 DEBUG : Thread ID = 139648306579200:  Rule Matcher:   File = MatchAugmenter.cc:  Line = 812:  Inserting 3002~113001098~'306382' into break matchs map
05/21/2026 12:24:45 DEBUG : Thread ID = 139648306579200:  Rule Matcher:   File = MatchAugmenter.cc:  Line = 817:  INSERT INTO BREAK_MTCHS_TEMP21101 VALUES(3002,113001098,'306382')
05/21/2026 12:24:45 DEBUG : Thread ID = 139648306579200:  Rule Matcher:   File = MatchAugmenter.cc:  Line = 812:  Inserting 3002~113001001~'325941' into break matchs map
05/21/2026 12:24:45 DEBUG : Thread ID = 139648306579200:  Rule Matcher:   File = MatchAugmenter.cc:  Line = 817:  INSERT INTO BREAK_MTCHS_TEMP21101 VALUES(3002,113001001,'325941')
05/21/2026 12:24:45 DEBUG : Thread ID = 139648306579200:  Rule Matcher:   File = MatchAugmenter.cc:  Line = 812:  Inserting 3002~113001001~'325942' into break matchs map
05/21/2026 12:24:45 DEBUG : Thread ID = 139648306579200:  Rule Matcher:   File = MatchAugmenter.cc:  Line = 817:  INSERT INTO BREAK_MTCHS_TEMP21101 VALUES(3002,113001001,'325942')
05/21/2026 12:24:45 DEBUG : Thread ID = 139648306579200:  Rule Matcher:   File = MatchAugmenter.cc:  Line = 812:  Inserting 3002~113001001~'325943' into break matchs map
05/21/2026 12:24:45 DEBUG : Thread ID = 139648306579200:  Rule Matcher:   File = MatchAugmenter.cc:  Line = 817:  INSERT INTO BREAK_MTCHS_TEMP21101 VALUES(3002,113001001,'325943')
05/21/2026 12:24:45 DEBUG : Thread ID = 139648306579200:  Rule Matcher:   File = MatchAugmenter.cc:  Line = 812:  Inserting 3002~113001001~'327527' into break matchs map
05/21/2026 12:24:45 DEBUG : Thread ID = 139648306579200:  Rule Matcher:   File = MatchAugmenter.cc:  Line = 817:  INSERT INTO BREAK_MTCHS_TEMP21101 VALUES(3002,113001001,'327527')
05/21/2026 12:24:45 DEBUG : Thread ID = 139648306579200:  Rule Matcher:   File = MatchAugmenter.cc:  Line = 812:  Inserting 3003~113001027~'350670' into break matchs map
05/21/2026 12:24:45 DEBUG : Thread ID = 139648306579200:  Rule Matcher:   File = MatchAugmenter.cc:  Line = 817:  INSERT INTO BREAK_MTCHS_TEMP21101 VALUES(3003,113001027,'350670')
05/21/2026 12:24:45 DEBUG : Thread ID = 139648306579200:  Rule Matcher:   File = MatchAugmenter.cc:  Line = 812:  Inserting 3003~113001098~'303165' into break matchs map
05/21/2026 12:24:45 DEBUG : Thread ID = 139648306579200:  Rule Matcher:   File = MatchAugmenter.cc:  Line = 817:  INSERT INTO BREAK_MTCHS_TEMP21101 VALUES(3003,113001098,'303165')
05/21/2026 12:24:45 DEBUG : Thread ID = 139648306579200:  Rule Matcher:   File = MatchAugmenter.cc:  Line = 812:  Inserting 3003~113001098~'303167' into break matchs map
05/21/2026 12:24:45 DEBUG : Thread ID = 139648306579200:  Rule Matcher:   File = MatchAugmenter.cc:  Line = 817:  INSERT INTO BREAK_MTCHS_TEMP21101 VALUES(3003,113001098,'303167')
05/21/2026 12:24:45 DEBUG : Thread ID = 139648306579200:  Rule Matcher:   File = MatchAugmenter.cc:  Line = 812:  Inserting 3003~113001098~'303169' into break matchs map
05/21/2026 12:24:45 DEBUG : Thread ID = 139648306579200:  Rule Matcher:   File = MatchAugmenter.cc:  Line = 817:  INSERT INTO BREAK_MTCHS_TEMP21101 VALUES(3003,113001098,'303169')
05/21/2026 12:24:45 DEBUG : Thread ID = 139648306579200:  Rule Matcher:   File = MatchAugmenter.cc:  Line = 812:  Inserting 3003~113001098~'305633' into break matchs map
05/21/2026 12:24:45 DEBUG : Thread ID = 139648306579200:  Rule Matcher:   File = MatchAugmenter.cc:  Line = 817:  INSERT INTO BREAK_MTCHS_TEMP21101 VALUES(3003,113001098,'305633')
05/21/2026 12:24:45 DEBUG : Thread ID = 139648306579200:  Rule Matcher:   File = MatchAugmenter.cc:  Line = 812:  Inserting 3003~113001098~'306133' into break matchs map
05/21/2026 12:24:45 DEBUG : Thread ID = 139648306579200:  Rule Matcher:   File = MatchAugmenter.cc:  Line = 817:  INSERT INTO BREAK_MTCHS_TEMP21101 VALUES(3003,113001098,'306133')
05/21/2026 12:24:45 DEBUG : Thread ID = 139648306579200:  Rule Matcher:   File = MatchAugmenter.cc:  Line = 812:  Inserting 3003~113001098~'303166' into break matchs map
05/21/2026 12:24:45 DEBUG : Thread ID = 139648306579200:  Rule Matcher:   File = MatchAugmenter.cc:  Line = 817:  INSERT INTO BREAK_MTCHS_TEMP21101 VALUES(3003,113001098,'303166')
05/21/2026 12:24:45 DEBUG : Thread ID = 139648306579200:  Rule Matcher:   File = MatchAugmenter.cc:  Line = 812:  Inserting 3003~113001098~'303168' into break matchs map
05/21/2026 12:24:45 DEBUG : Thread ID = 139648306579200:  Rule Matcher:   File = MatchAugmenter.cc:  Line = 817:  INSERT INTO BREAK_MTCHS_TEMP21101 VALUES(3003,113001098,'303168')
05/21/2026 12:24:45 DEBUG : Thread ID = 139648306579200:  Rule Matcher:   File = MatchAugmenter.cc:  Line = 812:  Inserting 3003~113001098~'303170' into break matchs map
05/21/2026 12:24:45 DEBUG : Thread ID = 139648306579200:  Rule Matcher:   File = MatchAugmenter.cc:  Line = 817:  INSERT INTO BREAK_MTCHS_TEMP21101 VALUES(3003,113001098,'303170')
05/21/2026 12:24:45 DEBUG : Thread ID = 139648306579200:  Rule Matcher:   File = MatchAugmenter.cc:  Line = 812:  Inserting 3003~113001098~'305634' into break matchs map
05/21/2026 12:24:45 DEBUG : Thread ID = 139648306579200:  Rule Matcher:   File = MatchAugmenter.cc:  Line = 817:  INSERT INTO BREAK_MTCHS_TEMP21101 VALUES(3003,113001098,'305634')
05/21/2026 12:24:45 DEBUG : Thread ID = 139648306579200:  Rule Matcher:   File = MatchAugmenter.cc:  Line = 812:  Inserting 3003~113001098~'306134' into break matchs map
05/21/2026 12:24:45 DEBUG : Thread ID = 139648306579200:  Rule Matcher:   File = MatchAugmenter.cc:  Line = 817:  INSERT INTO BREAK_MTCHS_TEMP21101 VALUES(3003,113001098,'306134')
05/21/2026 12:24:45 DEBUG : Thread ID = 139648306579200:  Rule Matcher:   File = MatchAugmenter.cc:  Line = 812:  Inserting 3003~113001067~'326033' into break matchs map
05/21/2026 12:24:45 DEBUG : Thread ID = 139648306579200:  Rule Matcher:   File = MatchAugmenter.cc:  Line = 817:  INSERT INTO BREAK_MTCHS_TEMP21101 VALUES(3003,113001067,'326033')
05/21/2026 12:24:45 DEBUG : Thread ID = 139648306579200:  Rule Matcher:   File = MatchAugmenter.cc:  Line = 812:  Inserting 3003~113001001~'326169' into break matchs map
05/21/2026 12:24:45 DEBUG : Thread ID = 139648306579200:  Rule Matcher:   File = MatchAugmenter.cc:  Line = 817:  INSERT INTO BREAK_MTCHS_TEMP21101 VALUES(3003,113001001,'326169')
05/21/2026 12:24:45 DEBUG : Thread ID = 139648306579200:  Rule Matcher:   File = MatchAugmenter.cc:  Line = 812:  Inserting 3003~113001001~'326170' into break matchs map
05/21/2026 12:24:45 DEBUG : Thread ID = 139648306579200:  Rule Matcher:   File = MatchAugmenter.cc:  Line = 817:  INSERT INTO BREAK_MTCHS_TEMP21101 VALUES(3003,113001001,'326170')
05/21/2026 12:24:45 DEBUG : Thread ID = 139648306579200:  Rule Matcher:   File = MatchAugmenter.cc:  Line = 812:  Inserting 3003~113001001~'326171' into break matchs map
05/21/2026 12:24:45 DEBUG : Thread ID = 139648306579200:  Rule Matcher:   File = MatchAugmenter.cc:  Line = 817:  INSERT INTO BREAK_MTCHS_TEMP21101 VALUES(3003,113001001,'326171')
05/21/2026 12:24:45 DEBUG : Thread ID = 139648306579200:  Rule Matcher:   File = MatchAugmenter.cc:  Line = 812:  Inserting 3003~113001001~'327403' into break matchs map
05/21/2026 12:24:45 DEBUG : Thread ID = 139648306579200:  Rule Matcher:   File = MatchAugmenter.cc:  Line = 817:  INSERT INTO BREAK_MTCHS_TEMP21101 VALUES(3003,113001001,'327403')
05/21/2026 12:24:45 DEBUG : Thread ID = 139648306579200:  Rule Matcher:   File = MatchAugmenter.cc:  Line = 812:  Inserting 3004~113001027~'300005' into break matchs map
05/21/2026 12:24:45 DEBUG : Thread ID = 139648306579200:  Rule Matcher:   File = MatchAugmenter.cc:  Line = 817:  INSERT INTO BREAK_MTCHS_TEMP21101 VALUES(3004,113001027,'300005')
05/21/2026 12:24:45 DEBUG : Thread ID = 139648306579200:  Rule Matcher:   File = MatchAugmenter.cc:  Line = 812:  Inserting 3004~113001098~'306437' into break matchs map
05/21/2026 12:24:45 DEBUG : Thread ID = 139648306579200:  Rule Matcher:   File = MatchAugmenter.cc:  Line = 817:  INSERT INTO BREAK_MTCHS_TEMP21101 VALUES(3004,113001098,'306437')
05/21/2026 12:24:45 DEBUG : Thread ID = 139648306579200:  Rule Matcher:   File = MatchAugmenter.cc:  Line = 812:  Inserting 3004~113001098~'306438' into break matchs map
05/21/2026 12:24:45 DEBUG : Thread ID = 139648306579200:  Rule Matcher:   File = MatchAugmenter.cc:  Line = 817:  INSERT INTO BREAK_MTCHS_TEMP21101 VALUES(3004,113001098,'306438')
05/21/2026 12:24:45 DEBUG : Thread ID = 139648306579200:  Rule Matcher:   File = MatchAugmenter.cc:  Line = 812:  Inserting 3004~113001098~'326234' into break matchs map
05/21/2026 12:24:45 DEBUG : Thread ID = 139648306579200:  Rule Matcher:   File = MatchAugmenter.cc:  Line = 817:  INSERT INTO BREAK_MTCHS_TEMP21101 VALUES(3004,113001098,'326234')
05/21/2026 12:24:45 DEBUG : Thread ID = 139648306579200:  Rule Matcher:   File = MatchAugmenter.cc:  Line = 812:  Inserting 3004~113001098~'330015' into break matchs map
05/21/2026 12:24:45 DEBUG : Thread ID = 139648306579200:  Rule Matcher:   File = MatchAugmenter.cc:  Line = 817:  INSERT INTO BREAK_MTCHS_TEMP21101 VALUES(3004,113001098,'330015')
05/21/2026 12:24:45 DEBUG : Thread ID = 139648306579200:  Rule Matcher:   File = MatchAugmenter.cc:  Line = 812:  Inserting 3004~113001098~'330017' into break matchs map
05/21/2026 12:24:45 DEBUG : Thread ID = 139648306579200:  Rule Matcher:   File = MatchAugmenter.cc:  Line = 817:  INSERT INTO BREAK_MTCHS_TEMP21101 VALUES(3004,113001098,'330017')
05/21/2026 12:24:45 DEBUG : Thread ID = 139648306579200:  Rule Matcher:   File = MatchAugmenter.cc:  Line = 812:  Inserting 3004~113001098~'330019' into break matchs map
05/21/2026 12:24:45 DEBUG : Thread ID = 139648306579200:  Rule Matcher:   File = MatchAugmenter.cc:  Line = 817:  INSERT INTO BREAK_MTCHS_TEMP21101 VALUES(3004,113001098,'330019')
05/21/2026 12:24:45 DEBUG : Thread ID = 139648306579200:  Rule Matcher:   File = MatchAugmenter.cc:  Line = 812:  Inserting 3004~113001098~'330016' into break matchs map
05/21/2026 12:24:45 DEBUG : Thread ID = 139648306579200:  Rule Matcher:   File = MatchAugmenter.cc:  Line = 817:  INSERT INTO BREAK_MTCHS_TEMP21101 VALUES(3004,113001098,'330016')
05/21/2026 12:24:45 DEBUG : Thread ID = 139648306579200:  Rule Matcher:   File = MatchAugmenter.cc:  Line = 812:  Inserting 3004~113001098~'330018' into break matchs map
05/21/2026 12:24:45 DEBUG : Thread ID = 139648306579200:  Rule Matcher:   File = MatchAugmenter.cc:  Line = 817:  INSERT INTO BREAK_MTCHS_TEMP21101 VALUES(3004,113001098,'330018')
05/21/2026 12:24:45 DEBUG : Thread ID = 139648306579200:  Rule Matcher:   File = MatchAugmenter.cc:  Line = 812:  Inserting 3004~113001098~'330020' into break matchs map
05/21/2026 12:24:45 DEBUG : Thread ID = 139648306579200:  Rule Matcher:   File = MatchAugmenter.cc:  Line = 817:  INSERT INTO BREAK_MTCHS_TEMP21101 VALUES(3004,113001098,'330020')
05/21/2026 12:24:45 DEBUG : Thread ID = 139648306579200:  Rule Matcher:   File = MatchAugmenter.cc:  Line = 812:  Inserting 3004~113001001~'375008' into break matchs map
05/21/2026 12:24:45 DEBUG : Thread ID = 139648306579200:  Rule Matcher:   File = MatchAugmenter.cc:  Line = 817:  INSERT INTO BREAK_MTCHS_TEMP21101 VALUES(3004,113001001,'375008')
05/21/2026 12:24:45 DEBUG : Thread ID = 139648306579200:  Rule Matcher:   File = MatchAugmenter.cc:  Line = 812:  Inserting 3004~113001001~'375009' into break matchs map
05/21/2026 12:24:45 DEBUG : Thread ID = 139648306579200:  Rule Matcher:   File = MatchAugmenter.cc:  Line = 817:  INSERT INTO BREAK_MTCHS_TEMP21101 VALUES(3004,113001001,'375009')
05/21/2026 12:24:45 DEBUG : Thread ID = 139648306579200:  Rule Matcher:   File = MatchAugmenter.cc:  Line = 812:  Inserting 3004~113001001~'375010' into break matchs map
05/21/2026 12:24:45 DEBUG : Thread ID = 139648306579200:  Rule Matcher:   File = MatchAugmenter.cc:  Line = 817:  INSERT INTO BREAK_MTCHS_TEMP21101 VALUES(3004,113001001,'375010')
05/21/2026 12:24:45 DEBUG : Thread ID = 139648306579200:  Rule Matcher:   File = MatchAugmenter.cc:  Line = 812:  Inserting 3005~113001027~'350900' into break matchs map
05/21/2026 12:24:45 DEBUG : Thread ID = 139648306579200:  Rule Matcher:   File = MatchAugmenter.cc:  Line = 817:  INSERT INTO BREAK_MTCHS_TEMP21101 VALUES(3005,113001027,'350900')
05/21/2026 12:24:45 DEBUG : Thread ID = 139648306579200:  Rule Matcher:   File = MatchAugmenter.cc:  Line = 812:  Inserting 3005~113001098~'304077' into break matchs map
05/21/2026 12:24:45 DEBUG : Thread ID = 139648306579200:  Rule Matcher:   File = MatchAugmenter.cc:  Line = 817:  INSERT INTO BREAK_MTCHS_TEMP21101 VALUES(3005,113001098,'304077')
05/21/2026 12:24:45 DEBUG : Thread ID = 139648306579200:  Rule Matcher:   File = MatchAugmenter.cc:  Line = 812:  Inserting 3005~113001098~'304079' into break matchs map
05/21/2026 12:24:45 DEBUG : Thread ID = 139648306579200:  Rule Matcher:   File = MatchAugmenter.cc:  Line = 817:  INSERT INTO BREAK_MTCHS_TEMP21101 VALUES(3005,113001098,'304079')
05/21/2026 12:24:45 DEBUG : Thread ID = 139648306579200:  Rule Matcher:   File = MatchAugmenter.cc:  Line = 812:  Inserting 3005~113001098~'304081' into break matchs map
05/21/2026 12:24:45 DEBUG : Thread ID = 139648306579200:  Rule Matcher:   File = MatchAugmenter.cc:  Line = 817:  INSERT INTO BREAK_MTCHS_TEMP21101 VALUES(3005,113001098,'304081')
05/21/2026 12:24:45 DEBUG : Thread ID = 139648306579200:  Rule Matcher:   File = MatchAugmenter.cc:  Line = 812:  Inserting 3005~113001098~'304078' into break matchs map
05/21/2026 12:24:45 DEBUG : Thread ID = 139648306579200:  Rule Matcher:   File = MatchAugmenter.cc:  Line = 817:  INSERT INTO BREAK_MTCHS_TEMP21101 VALUES(3005,113001098,'304078')
05/21/2026 12:24:45 DEBUG : Thread ID = 139648306579200:  Rule Matcher:   File = MatchAugmenter.cc:  Line = 812:  Inserting 3005~113001098~'304080' into break matchs map
05/21/2026 12:24:45 DEBUG : Thread ID = 139648306579200:  Rule Matcher:   File = MatchAugmenter.cc:  Line = 817:  INSERT INTO BREAK_MTCHS_TEMP21101 VALUES(3005,113001098,'304080')
05/21/2026 12:24:45 DEBUG : Thread ID = 139648306579200:  Rule Matcher:   File = MatchAugmenter.cc:  Line = 812:  Inserting 3005~113001098~'304082' into break matchs map
05/21/2026 12:24:45 DEBUG : Thread ID = 139648306579200:  Rule Matcher:   File = MatchAugmenter.cc:  Line = 817:  INSERT INTO BREAK_MTCHS_TEMP21101 VALUES(3005,113001098,'304082')
05/21/2026 12:24:45 DEBUG : Thread ID = 139648306579200:  Rule Matcher:   File = MatchAugmenter.cc:  Line = 812:  Inserting 3005~113001098~'325307' into break matchs map
05/21/2026 12:24:45 DEBUG : Thread ID = 139648306579200:  Rule Matcher:   File = MatchAugmenter.cc:  Line = 817:  INSERT INTO BREAK_MTCHS_TEMP21101 VALUES(3005,113001098,'325307')
05/21/2026 12:24:45 DEBUG : Thread ID = 139648306579200:  Rule Matcher:   File = MatchAugmenter.cc:  Line = 812:  Inserting 3005~113001098~'326494' into break matchs map
05/21/2026 12:24:45 DEBUG : Thread ID = 139648306579200:  Rule Matcher:   File = MatchAugmenter.cc:  Line = 817:  INSERT INTO BREAK_MTCHS_TEMP21101 VALUES(3005,113001098,'326494')
05/21/2026 12:24:45 DEBUG : Thread ID = 139648306579200:  Rule Matcher:   File = MatchAugmenter.cc:  Line = 812:  Inserting 3005~113001018~'326950' into break matchs map
05/21/2026 12:24:45 DEBUG : Thread ID = 139648306579200:  Rule Matcher:   File = MatchAugmenter.cc:  Line = 817:  INSERT INTO BREAK_MTCHS_TEMP21101 VALUES(3005,113001018,'326950')
05/21/2026 12:24:45 DEBUG : Thread ID = 139648306579200:  Rule Matcher:   File = MatchAugmenter.cc:  Line = 812:  Inserting 3005~113001018~'329391' into break matchs map
05/21/2026 12:24:45 DEBUG : Thread ID = 139648306579200:  Rule Matcher:   File = MatchAugmenter.cc:  Line = 817:  INSERT INTO BREAK_MTCHS_TEMP21101 VALUES(3005,113001018,'329391')
05/21/2026 12:24:45 DEBUG : Thread ID = 139648306579200:  Rule Matcher:   File = MatchAugmenter.cc:  Line = 812:  Inserting 3005~113001001~'326625' into break matchs map
05/21/2026 12:24:45 DEBUG : Thread ID = 139648306579200:  Rule Matcher:   File = MatchAugmenter.cc:  Line = 817:  INSERT INTO BREAK_MTCHS_TEMP21101 VALUES(3005,113001001,'326625')
05/21/2026 12:24:45 DEBUG : Thread ID = 139648306579200:  Rule Matcher:   File = MatchAugmenter.cc:  Line = 812:  Inserting 3005~113001001~'326626' into break matchs map
05/21/2026 12:24:45 DEBUG : Thread ID = 139648306579200:  Rule Matcher:   File = MatchAugmenter.cc:  Line = 817:  INSERT INTO BREAK_MTCHS_TEMP21101 VALUES(3005,113001001,'326626')
05/21/2026 12:24:45 DEBUG : Thread ID = 139648306579200:  Rule Matcher:   File = MatchAugmenter.cc:  Line = 812:  Inserting 3005~113001001~'326627' into break matchs map
05/21/2026 12:24:45 DEBUG : Thread ID = 139648306579200:  Rule Matcher:   File = MatchAugmenter.cc:  Line = 817:  INSERT INTO BREAK_MTCHS_TEMP21101 VALUES(3005,113001001,'326627')
05/21/2026 12:24:45 DEBUG : Thread ID = 139648306579200:  Rule Matcher:   File = MatchAugmenter.cc:  Line = 1004:  INSERT INTO BREAK_TEMP21101 VALUES(3001)
05/21/2026 12:24:45 DEBUG : Thread ID = 139648306579200:  Rule Matcher:   File = MatchAugmenter.cc:  Line = 1004:  INSERT INTO BREAK_TEMP21101 VALUES(3002)
05/21/2026 12:24:45 DEBUG : Thread ID = 139648306579200:  Rule Matcher:   File = MatchAugmenter.cc:  Line = 1004:  INSERT INTO BREAK_TEMP21101 VALUES(3003)
05/21/2026 12:24:45 DEBUG : Thread ID = 139648306579200:  Rule Matcher:   File = MatchAugmenter.cc:  Line = 1004:  INSERT INTO BREAK_TEMP21101 VALUES(3004)
05/21/2026 12:24:45 DEBUG : Thread ID = 139648306579200:  Rule Matcher:   File = MatchAugmenter.cc:  Line = 1004:  INSERT INTO BREAK_TEMP21101 VALUES(3005)
05/21/2026 12:24:45 DEBUG : Thread ID = 139648306579200:  Rule Matcher:   File = MatchAugmenter.cc:  Line = 296:  INSERT INTO BREAK_BINDG_TEMP21101 VALUES(:BREAK_ID, :BINDING_NM, :BINDING_VALUE)
05/21/2026 12:24:45 DEBUG : Thread ID = 139648306579200:  Rule Matcher:   File = MatchAugmenter.cc:  Line = 365:  Placeholders are : BREAK_ID : 3001, BINDG_NM : EFFCTV_RISK, VALUE_TX : 0

05/21/2026 12:24:45 DEBUG : Thread ID = 139648306579200:  Rule Matcher:   File = MatchAugmenter.cc:  Line = 376:  INSERT INTO BREAK_BINDG_TEMP21101 VALUES(:BREAK_ID, :BINDING_NM, :BINDING_VALUE)
05/21/2026 12:24:45 DEBUG : Thread ID = 139648306579200:  Rule Matcher:   File = MatchAugmenter.cc:  Line = 365:  Placeholders are : BREAK_ID : 3001, BINDG_NM : CUST_ACCT_COUNT, VALUE_TX : 3

05/21/2026 12:24:45 DEBUG : Thread ID = 139648306579200:  Rule Matcher:   File = MatchAugmenter.cc:  Line = 376:  INSERT INTO BREAK_BINDG_TEMP21101 VALUES(:BREAK_ID, :BINDING_NM, :BINDING_VALUE)
05/21/2026 12:24:45 DEBUG : Thread ID = 139648306579200:  Rule Matcher:   File = MatchAugmenter.cc:  Line = 365:  Placeholders are : BREAK_ID : 3001, BINDG_NM : ACTVY_RISK, VALUE_TX : 5

05/21/2026 12:24:45 DEBUG : Thread ID = 139648306579200:  Rule Matcher:   File = MatchAugmenter.cc:  Line = 376:  INSERT INTO BREAK_BINDG_TEMP21101 VALUES(:BREAK_ID, :BINDING_NM, :BINDING_VALUE)
05/21/2026 12:24:45 DEBUG : Thread ID = 139648306579200:  Rule Matcher:   File = MatchAugmenter.cc:  Line = 365:  Placeholders are : BREAK_ID : 3001, BINDG_NM : TOT_TRXN_AM, VALUE_TX : 516481.83

05/21/2026 12:24:45 DEBUG : Thread ID = 139648306579200:  Rule Matcher:   File = MatchAugmenter.cc:  Line = 376:  INSERT INTO BREAK_BINDG_TEMP21101 VALUES(:BREAK_ID, :BINDING_NM, :BINDING_VALUE)
05/21/2026 12:24:45 DEBUG : Thread ID = 139648306579200:  Rule Matcher:   File = MatchAugmenter.cc:  Line = 365:  Placeholders are : BREAK_ID : 3001, BINDG_NM : TOT_TRXN_CT, VALUE_TX : 10

05/21/2026 12:24:45 DEBUG : Thread ID = 139648306579200:  Rule Matcher:   File = MatchAugmenter.cc:  Line = 376:  INSERT INTO BREAK_BINDG_TEMP21101 VALUES(:BREAK_ID, :BINDING_NM, :BINDING_VALUE)
05/21/2026 12:24:45 DEBUG : Thread ID = 139648306579200:  Rule Matcher:   File = MatchAugmenter.cc:  Line = 365:  Placeholders are : BREAK_ID : 3001, BINDG_NM : TOT_TRXN_BASE_AM_CDT, VALUE_TX : 227037.23

05/21/2026 12:24:45 DEBUG : Thread ID = 139648306579200:  Rule Matcher:   File = MatchAugmenter.cc:  Line = 376:  INSERT INTO BREAK_BINDG_TEMP21101 VALUES(:BREAK_ID, :BINDING_NM, :BINDING_VALUE)
05/21/2026 12:24:45 DEBUG : Thread ID = 139648306579200:  Rule Matcher:   File = MatchAugmenter.cc:  Line = 365:  Placeholders are : BREAK_ID : 3001, BINDG_NM : TOT_TRXN_FUNC_AM_CDT, VALUE_TX : 0

05/21/2026 12:24:45 DEBUG : Thread ID = 139648306579200:  Rule Matcher:   File = MatchAugmenter.cc:  Line = 376:  INSERT INTO BREAK_BINDG_TEMP21101 VALUES(:BREAK_ID, :BINDING_NM, :BINDING_VALUE)
05/21/2026 12:24:45 DEBUG : Thread ID = 139648306579200:  Rule Matcher:   File = MatchAugmenter.cc:  Line = 365:  Placeholders are : BREAK_ID : 3001, BINDG_NM : TOT_TRXN_BASE_AM_DBT, VALUE_TX : 289444.6

05/21/2026 12:24:45 DEBUG : Thread ID = 139648306579200:  Rule Matcher:   File = MatchAugmenter.cc:  Line = 376:  INSERT INTO BREAK_BINDG_TEMP21101 VALUES(:BREAK_ID, :BINDING_NM, :BINDING_VALUE)
05/21/2026 12:24:45 DEBUG : Thread ID = 139648306579200:  Rule Matcher:   File = MatchAugmenter.cc:  Line = 365:  Placeholders are : BREAK_ID : 3001, BINDG_NM : TOT_TRXN_FUNC_AM_DBT, VALUE_TX : 0

05/21/2026 12:24:45 DEBUG : Thread ID = 139648306579200:  Rule Matcher:   File = MatchAugmenter.cc:  Line = 376:  INSERT INTO BREAK_BINDG_TEMP21101 VALUES(:BREAK_ID, :BINDING_NM, :BINDING_VALUE)
05/21/2026 12:24:45 DEBUG : Thread ID = 139648306579200:  Rule Matcher:   File = MatchAugmenter.cc:  Line = 365:  Placeholders are : BREAK_ID : 3001, BINDG_NM : TOT_TRXN_CT_CDT, VALUE_TX : 4

05/21/2026 12:24:45 DEBUG : Thread ID = 139648306579200:  Rule Matcher:   File = MatchAugmenter.cc:  Line = 376:  INSERT INTO BREAK_BINDG_TEMP21101 VALUES(:BREAK_ID, :BINDING_NM, :BINDING_VALUE)
05/21/2026 12:24:45 DEBUG : Thread ID = 139648306579200:  Rule Matcher:   File = MatchAugmenter.cc:  Line = 365:  Placeholders are : BREAK_ID : 3001, BINDG_NM : TOT_TRXN_CT_DBT, VALUE_TX : 6

05/21/2026 12:24:45 DEBUG : Thread ID = 139648306579200:  Rule Matcher:   File = MatchAugmenter.cc:  Line = 376:  INSERT INTO BREAK_BINDG_TEMP21101 VALUES(:BREAK_ID, :BINDING_NM, :BINDING_VALUE)
05/21/2026 12:24:45 DEBUG : Thread ID = 139648306579200:  Rule Matcher:   File = MatchAugmenter.cc:  Line = 365:  Placeholders are : BREAK_ID : 3001, BINDG_NM : HR_PRCTG, VALUE_TX : 0

05/21/2026 12:24:45 DEBUG : Thread ID = 139648306579200:  Rule Matcher:   File = MatchAugmenter.cc:  Line = 376:  INSERT INTO BREAK_BINDG_TEMP21101 VALUES(:BREAK_ID, :BINDING_NM, :BINDING_VALUE)
05/21/2026 12:24:45 DEBUG : Thread ID = 139648306579200:  Rule Matcher:   File = MatchAugmenter.cc:  Line = 365:  Placeholders are : BREAK_ID : 3001, BINDG_NM : LRF_PRCTG, VALUE_TX : 0

05/21/2026 12:24:45 DEBUG : Thread ID = 139648306579200:  Rule Matcher:   File = MatchAugmenter.cc:  Line = 376:  INSERT INTO BREAK_BINDG_TEMP21101 VALUES(:BREAK_ID, :BINDING_NM, :BINDING_VALUE)
05/21/2026 12:24:45 DEBUG : Thread ID = 139648306579200:  Rule Matcher:   File = MatchAugmenter.cc:  Line = 365:  Placeholders are : BREAK_ID : 3001, BINDG_NM : PASS_THRU_PRCTG, VALUE_TX : 0

05/21/2026 12:24:45 DEBUG : Thread ID = 139648306579200:  Rule Matcher:   File = MatchAugmenter.cc:  Line = 376:  INSERT INTO BREAK_BINDG_TEMP21101 VALUES(:BREAK_ID, :BINDING_NM, :BINDING_VALUE)
05/21/2026 12:24:45 DEBUG : Thread ID = 139648306579200:  Rule Matcher:   File = MatchAugmenter.cc:  Line = 365:  Placeholders are : BREAK_ID : 3001, BINDG_NM : OVERALL_RISK, VALUE_TX : MR

05/21/2026 12:24:45 DEBUG : Thread ID = 139648306579200:  Rule Matcher:   File = MatchAugmenter.cc:  Line = 376:  INSERT INTO BREAK_BINDG_TEMP21101 VALUES(:BREAK_ID, :BINDING_NM, :BINDING_VALUE)
05/21/2026 12:24:45 DEBUG : Thread ID = 139648306579200:  Rule Matcher:   File = MatchAugmenter.cc:  Line = 365:  Placeholders are : BREAK_ID : 3001, BINDG_NM : CUSTOMER, VALUE_TX : cust139

05/21/2026 12:24:45 DEBUG : Thread ID = 139648306579200:  Rule Matcher:   File = MatchAugmenter.cc:  Line = 376:  INSERT INTO BREAK_BINDG_TEMP21101 VALUES(:BREAK_ID, :BINDING_NM, :BINDING_VALUE)
05/21/2026 12:24:45 DEBUG : Thread ID = 139648306579200:  Rule Matcher:   File = MatchAugmenter.cc:  Line = 365:  Placeholders are : BREAK_ID : 3001, BINDG_NM : Trusted_Trans_Prctg, VALUE_TX : 0

05/21/2026 12:24:45 DEBUG : Thread ID = 139648306579200:  Rule Matcher:   File = MatchAugmenter.cc:  Line = 376:  INSERT INTO BREAK_BINDG_TEMP21101 VALUES(:BREAK_ID, :BINDING_NM, :BINDING_VALUE)
05/21/2026 12:24:45 DEBUG : Thread ID = 139648306579200:  Rule Matcher:   File = MatchAugmenter.cc:  Line = 365:  Placeholders are : BREAK_ID : 3001, BINDG_NM : Prmry_Cust_Fl, VALUE_TX : Y

05/21/2026 12:24:45 DEBUG : Thread ID = 139648306579200:  Rule Matcher:   File = MatchAugmenter.cc:  Line = 376:  INSERT INTO BREAK_BINDG_TEMP21101 VALUES(:BREAK_ID, :BINDING_NM, :BINDING_VALUE)
05/21/2026 12:24:45 DEBUG : Thread ID = 139648306579200:  Rule Matcher:   File = MatchAugmenter.cc:  Line = 365:  Placeholders are : BREAK_ID : 3001, BINDG_NM : Prmry_Cust_Id, VALUE_TX : cust139

05/21/2026 12:24:45 DEBUG : Thread ID = 139648306579200:  Rule Matcher:   File = MatchAugmenter.cc:  Line = 376:  INSERT INTO BREAK_BINDG_TEMP21101 VALUES(:BREAK_ID, :BINDING_NM, :BINDING_VALUE)
05/21/2026 12:24:45 DEBUG : Thread ID = 139648306579200:  Rule Matcher:   File = MatchAugmenter.cc:  Line = 365:  Placeholders are : BREAK_ID : 3001, BINDG_NM : Alt_Currency_Code, VALUE_TX : 

05/21/2026 12:24:45 DEBUG : Thread ID = 139648306579200:  Rule Matcher:   File = MatchAugmenter.cc:  Line = 376:  INSERT INTO BREAK_BINDG_TEMP21101 VALUES(:BREAK_ID, :BINDING_NM, :BINDING_VALUE)
05/21/2026 12:24:45 DEBUG : Thread ID = 139648306579200:  Rule Matcher:   File = MatchAugmenter.cc:  Line = 365:  Placeholders are : BREAK_ID : 3002, BINDG_NM : EFFCTV_RISK, VALUE_TX : 0

05/21/2026 12:24:45 DEBUG : Thread ID = 139648306579200:  Rule Matcher:   File = MatchAugmenter.cc:  Line = 376:  INSERT INTO BREAK_BINDG_TEMP21101 VALUES(:BREAK_ID, :BINDING_NM, :BINDING_VALUE)
05/21/2026 12:24:45 DEBUG : Thread ID = 139648306579200:  Rule Matcher:   File = MatchAugmenter.cc:  Line = 365:  Placeholders are : BREAK_ID : 3002, BINDG_NM : CUST_ACCT_COUNT, VALUE_TX : 4

05/21/2026 12:24:45 DEBUG : Thread ID = 139648306579200:  Rule Matcher:   File = MatchAugmenter.cc:  Line = 376:  INSERT INTO BREAK_BINDG_TEMP21101 VALUES(:BREAK_ID, :BINDING_NM, :BINDING_VALUE)
05/21/2026 12:24:45 DEBUG : Thread ID = 139648306579200:  Rule Matcher:   File = MatchAugmenter.cc:  Line = 365:  Placeholders are : BREAK_ID : 3002, BINDG_NM : ACTVY_RISK, VALUE_TX : 5

05/21/2026 12:24:45 DEBUG : Thread ID = 139648306579200:  Rule Matcher:   File = MatchAugmenter.cc:  Line = 376:  INSERT INTO BREAK_BINDG_TEMP21101 VALUES(:BREAK_ID, :BINDING_NM, :BINDING_VALUE)
05/21/2026 12:24:45 DEBUG : Thread ID = 139648306579200:  Rule Matcher:   File = MatchAugmenter.cc:  Line = 365:  Placeholders are : BREAK_ID : 3002, BINDG_NM : TOT_TRXN_AM, VALUE_TX : 719669.35

05/21/2026 12:24:45 DEBUG : Thread ID = 139648306579200:  Rule Matcher:   File = MatchAugmenter.cc:  Line = 376:  INSERT INTO BREAK_BINDG_TEMP21101 VALUES(:BREAK_ID, :BINDING_NM, :BINDING_VALUE)
05/21/2026 12:24:45 DEBUG : Thread ID = 139648306579200:  Rule Matcher:   File = MatchAugmenter.cc:  Line = 365:  Placeholders are : BREAK_ID : 3002, BINDG_NM : TOT_TRXN_CT, VALUE_TX : 10

05/21/2026 12:24:45 DEBUG : Thread ID = 139648306579200:  Rule Matcher:   File = MatchAugmenter.cc:  Line = 376:  INSERT INTO BREAK_BINDG_TEMP21101 VALUES(:BREAK_ID, :BINDING_NM, :BINDING_VALUE)
05/21/2026 12:24:45 DEBUG : Thread ID = 139648306579200:  Rule Matcher:   File = MatchAugmenter.cc:  Line = 365:  Placeholders are : BREAK_ID : 3002, BINDG_NM : TOT_TRXN_BASE_AM_CDT, VALUE_TX : 371121.84

05/21/2026 12:24:45 DEBUG : Thread ID = 139648306579200:  Rule Matcher:   File = MatchAugmenter.cc:  Line = 376:  INSERT INTO BREAK_BINDG_TEMP21101 VALUES(:BREAK_ID, :BINDING_NM, :BINDING_VALUE)
05/21/2026 12:24:45 DEBUG : Thread ID = 139648306579200:  Rule Matcher:   File = MatchAugmenter.cc:  Line = 365:  Placeholders are : BREAK_ID : 3002, BINDG_NM : TOT_TRXN_FUNC_AM_CDT, VALUE_TX : 0

05/21/2026 12:24:45 DEBUG : Thread ID = 139648306579200:  Rule Matcher:   File = MatchAugmenter.cc:  Line = 376:  INSERT INTO BREAK_BINDG_TEMP21101 VALUES(:BREAK_ID, :BINDING_NM, :BINDING_VALUE)
05/21/2026 12:24:45 DEBUG : Thread ID = 139648306579200:  Rule Matcher:   File = MatchAugmenter.cc:  Line = 365:  Placeholders are : BREAK_ID : 3002, BINDG_NM : TOT_TRXN_BASE_AM_DBT, VALUE_TX : 348547.51

05/21/2026 12:24:45 DEBUG : Thread ID = 139648306579200:  Rule Matcher:   File = MatchAugmenter.cc:  Line = 376:  INSERT INTO BREAK_BINDG_TEMP21101 VALUES(:BREAK_ID, :BINDING_NM, :BINDING_VALUE)
05/21/2026 12:24:45 DEBUG : Thread ID = 139648306579200:  Rule Matcher:   File = MatchAugmenter.cc:  Line = 365:  Placeholders are : BREAK_ID : 3002, BINDG_NM : TOT_TRXN_FUNC_AM_DBT, VALUE_TX : 0

05/21/2026 12:24:45 DEBUG : Thread ID = 139648306579200:  Rule Matcher:   File = MatchAugmenter.cc:  Line = 376:  INSERT INTO BREAK_BINDG_TEMP21101 VALUES(:BREAK_ID, :BINDING_NM, :BINDING_VALUE)
05/21/2026 12:24:45 DEBUG : Thread ID = 139648306579200:  Rule Matcher:   File = MatchAugmenter.cc:  Line = 365:  Placeholders are : BREAK_ID : 3002, BINDG_NM : TOT_TRXN_CT_CDT, VALUE_TX : 5

05/21/2026 12:24:45 DEBUG : Thread ID = 139648306579200:  Rule Matcher:   File = MatchAugmenter.cc:  Line = 376:  INSERT INTO BREAK_BINDG_TEMP21101 VALUES(:BREAK_ID, :BINDING_NM, :BINDING_VALUE)
05/21/2026 12:24:45 DEBUG : Thread ID = 139648306579200:  Rule Matcher:   File = MatchAugmenter.cc:  Line = 365:  Placeholders are : BREAK_ID : 3002, BINDG_NM : TOT_TRXN_CT_DBT, VALUE_TX : 5

05/21/2026 12:24:45 DEBUG : Thread ID = 139648306579200:  Rule Matcher:   File = MatchAugmenter.cc:  Line = 376:  INSERT INTO BREAK_BINDG_TEMP21101 VALUES(:BREAK_ID, :BINDING_NM, :BINDING_VALUE)
05/21/2026 12:24:45 DEBUG : Thread ID = 139648306579200:  Rule Matcher:   File = MatchAugmenter.cc:  Line = 365:  Placeholders are : BREAK_ID : 3002, BINDG_NM : HR_PRCTG, VALUE_TX : 0

05/21/2026 12:24:45 DEBUG : Thread ID = 139648306579200:  Rule Matcher:   File = MatchAugmenter.cc:  Line = 376:  INSERT INTO BREAK_BINDG_TEMP21101 VALUES(:BREAK_ID, :BINDING_NM, :BINDING_VALUE)
05/21/2026 12:24:45 DEBUG : Thread ID = 139648306579200:  Rule Matcher:   File = MatchAugmenter.cc:  Line = 365:  Placeholders are : BREAK_ID : 3002, BINDG_NM : LRF_PRCTG, VALUE_TX : 0

05/21/2026 12:24:45 DEBUG : Thread ID = 139648306579200:  Rule Matcher:   File = MatchAugmenter.cc:  Line = 376:  INSERT INTO BREAK_BINDG_TEMP21101 VALUES(:BREAK_ID, :BINDING_NM, :BINDING_VALUE)
05/21/2026 12:24:45 DEBUG : Thread ID = 139648306579200:  Rule Matcher:   File = MatchAugmenter.cc:  Line = 365:  Placeholders are : BREAK_ID : 3002, BINDG_NM : PASS_THRU_PRCTG, VALUE_TX : 0

05/21/2026 12:24:45 DEBUG : Thread ID = 139648306579200:  Rule Matcher:   File = MatchAugmenter.cc:  Line = 376:  INSERT INTO BREAK_BINDG_TEMP21101 VALUES(:BREAK_ID, :BINDING_NM, :BINDING_VALUE)
05/21/2026 12:24:45 DEBUG : Thread ID = 139648306579200:  Rule Matcher:   File = MatchAugmenter.cc:  Line = 365:  Placeholders are : BREAK_ID : 3002, BINDG_NM : OVERALL_RISK, VALUE_TX : MR

05/21/2026 12:24:45 DEBUG : Thread ID = 139648306579200:  Rule Matcher:   File = MatchAugmenter.cc:  Line = 376:  INSERT INTO BREAK_BINDG_TEMP21101 VALUES(:BREAK_ID, :BINDING_NM, :BINDING_VALUE)
05/21/2026 12:24:45 DEBUG : Thread ID = 139648306579200:  Rule Matcher:   File = MatchAugmenter.cc:  Line = 365:  Placeholders are : BREAK_ID : 3002, BINDG_NM : CUSTOMER, VALUE_TX : cust8617

05/21/2026 12:24:45 DEBUG : Thread ID = 139648306579200:  Rule Matcher:   File = MatchAugmenter.cc:  Line = 376:  INSERT INTO BREAK_BINDG_TEMP21101 VALUES(:BREAK_ID, :BINDING_NM, :BINDING_VALUE)
05/21/2026 12:24:45 DEBUG : Thread ID = 139648306579200:  Rule Matcher:   File = MatchAugmenter.cc:  Line = 365:  Placeholders are : BREAK_ID : 3002, BINDG_NM : Trusted_Trans_Prctg, VALUE_TX : 0

05/21/2026 12:24:45 DEBUG : Thread ID = 139648306579200:  Rule Matcher:   File = MatchAugmenter.cc:  Line = 376:  INSERT INTO BREAK_BINDG_TEMP21101 VALUES(:BREAK_ID, :BINDING_NM, :BINDING_VALUE)
05/21/2026 12:24:45 DEBUG : Thread ID = 139648306579200:  Rule Matcher:   File = MatchAugmenter.cc:  Line = 365:  Placeholders are : BREAK_ID : 3002, BINDG_NM : Prmry_Cust_Fl, VALUE_TX : Y

05/21/2026 12:24:45 DEBUG : Thread ID = 139648306579200:  Rule Matcher:   File = MatchAugmenter.cc:  Line = 376:  INSERT INTO BREAK_BINDG_TEMP21101 VALUES(:BREAK_ID, :BINDING_NM, :BINDING_VALUE)
05/21/2026 12:24:45 DEBUG : Thread ID = 139648306579200:  Rule Matcher:   File = MatchAugmenter.cc:  Line = 365:  Placeholders are : BREAK_ID : 3002, BINDG_NM : Prmry_Cust_Id, VALUE_TX : cust8617

05/21/2026 12:24:45 DEBUG : Thread ID = 139648306579200:  Rule Matcher:   File = MatchAugmenter.cc:  Line = 376:  INSERT INTO BREAK_BINDG_TEMP21101 VALUES(:BREAK_ID, :BINDING_NM, :BINDING_VALUE)
05/21/2026 12:24:45 DEBUG : Thread ID = 139648306579200:  Rule Matcher:   File = MatchAugmenter.cc:  Line = 365:  Placeholders are : BREAK_ID : 3002, BINDG_NM : Alt_Currency_Code, VALUE_TX : 

05/21/2026 12:24:45 DEBUG : Thread ID = 139648306579200:  Rule Matcher:   File = MatchAugmenter.cc:  Line = 376:  INSERT INTO BREAK_BINDG_TEMP21101 VALUES(:BREAK_ID, :BINDING_NM, :BINDING_VALUE)
05/21/2026 12:24:45 DEBUG : Thread ID = 139648306579200:  Rule Matcher:   File = MatchAugmenter.cc:  Line = 365:  Placeholders are : BREAK_ID : 3003, BINDG_NM : EFFCTV_RISK, VALUE_TX : 0

05/21/2026 12:24:45 DEBUG : Thread ID = 139648306579200:  Rule Matcher:   File = MatchAugmenter.cc:  Line = 376:  INSERT INTO BREAK_BINDG_TEMP21101 VALUES(:BREAK_ID, :BINDING_NM, :BINDING_VALUE)
05/21/2026 12:24:45 DEBUG : Thread ID = 139648306579200:  Rule Matcher:   File = MatchAugmenter.cc:  Line = 365:  Placeholders are : BREAK_ID : 3003, BINDG_NM : CUST_ACCT_COUNT, VALUE_TX : 4

05/21/2026 12:24:45 DEBUG : Thread ID = 139648306579200:  Rule Matcher:   File = MatchAugmenter.cc:  Line = 376:  INSERT INTO BREAK_BINDG_TEMP21101 VALUES(:BREAK_ID, :BINDING_NM, :BINDING_VALUE)
05/21/2026 12:24:45 DEBUG : Thread ID = 139648306579200:  Rule Matcher:   File = MatchAugmenter.cc:  Line = 365:  Placeholders are : BREAK_ID : 3003, BINDG_NM : ACTVY_RISK, VALUE_TX : 5

05/21/2026 12:24:45 DEBUG : Thread ID = 139648306579200:  Rule Matcher:   File = MatchAugmenter.cc:  Line = 376:  INSERT INTO BREAK_BINDG_TEMP21101 VALUES(:BREAK_ID, :BINDING_NM, :BINDING_VALUE)
05/21/2026 12:24:45 DEBUG : Thread ID = 139648306579200:  Rule Matcher:   File = MatchAugmenter.cc:  Line = 365:  Placeholders are : BREAK_ID : 3003, BINDG_NM : TOT_TRXN_AM, VALUE_TX : 687409.58

05/21/2026 12:24:45 DEBUG : Thread ID = 139648306579200:  Rule Matcher:   File = MatchAugmenter.cc:  Line = 376:  INSERT INTO BREAK_BINDG_TEMP21101 VALUES(:BREAK_ID, :BINDING_NM, :BINDING_VALUE)
05/21/2026 12:24:45 DEBUG : Thread ID = 139648306579200:  Rule Matcher:   File = MatchAugmenter.cc:  Line = 365:  Placeholders are : BREAK_ID : 3003, BINDG_NM : TOT_TRXN_CT, VALUE_TX : 11

05/21/2026 12:24:45 DEBUG : Thread ID = 139648306579200:  Rule Matcher:   File = MatchAugmenter.cc:  Line = 376:  INSERT INTO BREAK_BINDG_TEMP21101 VALUES(:BREAK_ID, :BINDING_NM, :BINDING_VALUE)
05/21/2026 12:24:45 DEBUG : Thread ID = 139648306579200:  Rule Matcher:   File = MatchAugmenter.cc:  Line = 365:  Placeholders are : BREAK_ID : 3003, BINDG_NM : TOT_TRXN_BASE_AM_CDT, VALUE_TX : 362648.51

05/21/2026 12:24:45 DEBUG : Thread ID = 139648306579200:  Rule Matcher:   File = MatchAugmenter.cc:  Line = 376:  INSERT INTO BREAK_BINDG_TEMP21101 VALUES(:BREAK_ID, :BINDING_NM, :BINDING_VALUE)
05/21/2026 12:24:45 DEBUG : Thread ID = 139648306579200:  Rule Matcher:   File = MatchAugmenter.cc:  Line = 365:  Placeholders are : BREAK_ID : 3003, BINDG_NM : TOT_TRXN_FUNC_AM_CDT, VALUE_TX : 0

05/21/2026 12:24:45 DEBUG : Thread ID = 139648306579200:  Rule Matcher:   File = MatchAugmenter.cc:  Line = 376:  INSERT INTO BREAK_BINDG_TEMP21101 VALUES(:BREAK_ID, :BINDING_NM, :BINDING_VALUE)
05/21/2026 12:24:45 DEBUG : Thread ID = 139648306579200:  Rule Matcher:   File = MatchAugmenter.cc:  Line = 365:  Placeholders are : BREAK_ID : 3003, BINDG_NM : TOT_TRXN_BASE_AM_DBT, VALUE_TX : 324761.07

05/21/2026 12:24:45 DEBUG : Thread ID = 139648306579200:  Rule Matcher:   File = MatchAugmenter.cc:  Line = 376:  INSERT INTO BREAK_BINDG_TEMP21101 VALUES(:BREAK_ID, :BINDING_NM, :BINDING_VALUE)
05/21/2026 12:24:45 DEBUG : Thread ID = 139648306579200:  Rule Matcher:   File = MatchAugmenter.cc:  Line = 365:  Placeholders are : BREAK_ID : 3003, BINDG_NM : TOT_TRXN_FUNC_AM_DBT, VALUE_TX : 0

05/21/2026 12:24:45 DEBUG : Thread ID = 139648306579200:  Rule Matcher:   File = MatchAugmenter.cc:  Line = 376:  INSERT INTO BREAK_BINDG_TEMP21101 VALUES(:BREAK_ID, :BINDING_NM, :BINDING_VALUE)
05/21/2026 12:24:45 DEBUG : Thread ID = 139648306579200:  Rule Matcher:   File = MatchAugmenter.cc:  Line = 365:  Placeholders are : BREAK_ID : 3003, BINDG_NM : TOT_TRXN_CT_CDT, VALUE_TX : 6

05/21/2026 12:24:45 DEBUG : Thread ID = 139648306579200:  Rule Matcher:   File = MatchAugmenter.cc:  Line = 376:  INSERT INTO BREAK_BINDG_TEMP21101 VALUES(:BREAK_ID, :BINDING_NM, :BINDING_VALUE)
05/21/2026 12:24:45 DEBUG : Thread ID = 139648306579200:  Rule Matcher:   File = MatchAugmenter.cc:  Line = 365:  Placeholders are : BREAK_ID : 3003, BINDG_NM : TOT_TRXN_CT_DBT, VALUE_TX : 5

05/21/2026 12:24:45 DEBUG : Thread ID = 139648306579200:  Rule Matcher:   File = MatchAugmenter.cc:  Line = 376:  INSERT INTO BREAK_BINDG_TEMP21101 VALUES(:BREAK_ID, :BINDING_NM, :BINDING_VALUE)
05/21/2026 12:24:45 DEBUG : Thread ID = 139648306579200:  Rule Matcher:   File = MatchAugmenter.cc:  Line = 365:  Placeholders are : BREAK_ID : 3003, BINDG_NM : HR_PRCTG, VALUE_TX : 0

05/21/2026 12:24:45 DEBUG : Thread ID = 139648306579200:  Rule Matcher:   File = MatchAugmenter.cc:  Line = 376:  INSERT INTO BREAK_BINDG_TEMP21101 VALUES(:BREAK_ID, :BINDING_NM, :BINDING_VALUE)
05/21/2026 12:24:45 DEBUG : Thread ID = 139648306579200:  Rule Matcher:   File = MatchAugmenter.cc:  Line = 365:  Placeholders are : BREAK_ID : 3003, BINDG_NM : LRF_PRCTG, VALUE_TX : 0

05/21/2026 12:24:45 DEBUG : Thread ID = 139648306579200:  Rule Matcher:   File = MatchAugmenter.cc:  Line = 376:  INSERT INTO BREAK_BINDG_TEMP21101 VALUES(:BREAK_ID, :BINDING_NM, :BINDING_VALUE)
05/21/2026 12:24:45 DEBUG : Thread ID = 139648306579200:  Rule Matcher:   File = MatchAugmenter.cc:  Line = 365:  Placeholders are : BREAK_ID : 3003, BINDG_NM : PASS_THRU_PRCTG, VALUE_TX : 0

05/21/2026 12:24:45 DEBUG : Thread ID = 139648306579200:  Rule Matcher:   File = MatchAugmenter.cc:  Line = 376:  INSERT INTO BREAK_BINDG_TEMP21101 VALUES(:BREAK_ID, :BINDING_NM, :BINDING_VALUE)
05/21/2026 12:24:45 DEBUG : Thread ID = 139648306579200:  Rule Matcher:   File = MatchAugmenter.cc:  Line = 365:  Placeholders are : BREAK_ID : 3003, BINDG_NM : OVERALL_RISK, VALUE_TX : MR

05/21/2026 12:24:45 DEBUG : Thread ID = 139648306579200:  Rule Matcher:   File = MatchAugmenter.cc:  Line = 376:  INSERT INTO BREAK_BINDG_TEMP21101 VALUES(:BREAK_ID, :BINDING_NM, :BINDING_VALUE)
05/21/2026 12:24:45 DEBUG : Thread ID = 139648306579200:  Rule Matcher:   File = MatchAugmenter.cc:  Line = 365:  Placeholders are : BREAK_ID : 3003, BINDG_NM : CUSTOMER, VALUE_TX : cust8849

05/21/2026 12:24:45 DEBUG : Thread ID = 139648306579200:  Rule Matcher:   File = MatchAugmenter.cc:  Line = 376:  INSERT INTO BREAK_BINDG_TEMP21101 VALUES(:BREAK_ID, :BINDING_NM, :BINDING_VALUE)
05/21/2026 12:24:45 DEBUG : Thread ID = 139648306579200:  Rule Matcher:   File = MatchAugmenter.cc:  Line = 365:  Placeholders are : BREAK_ID : 3003, BINDG_NM : Trusted_Trans_Prctg, VALUE_TX : 0

05/21/2026 12:24:45 DEBUG : Thread ID = 139648306579200:  Rule Matcher:   File = MatchAugmenter.cc:  Line = 376:  INSERT INTO BREAK_BINDG_TEMP21101 VALUES(:BREAK_ID, :BINDING_NM, :BINDING_VALUE)
05/21/2026 12:24:45 DEBUG : Thread ID = 139648306579200:  Rule Matcher:   File = MatchAugmenter.cc:  Line = 365:  Placeholders are : BREAK_ID : 3003, BINDG_NM : Prmry_Cust_Fl, VALUE_TX : Y

05/21/2026 12:24:45 DEBUG : Thread ID = 139648306579200:  Rule Matcher:   File = MatchAugmenter.cc:  Line = 376:  INSERT INTO BREAK_BINDG_TEMP21101 VALUES(:BREAK_ID, :BINDING_NM, :BINDING_VALUE)
05/21/2026 12:24:45 DEBUG : Thread ID = 139648306579200:  Rule Matcher:   File = MatchAugmenter.cc:  Line = 365:  Placeholders are : BREAK_ID : 3003, BINDG_NM : Prmry_Cust_Id, VALUE_TX : cust8849

05/21/2026 12:24:45 DEBUG : Thread ID = 139648306579200:  Rule Matcher:   File = MatchAugmenter.cc:  Line = 376:  INSERT INTO BREAK_BINDG_TEMP21101 VALUES(:BREAK_ID, :BINDING_NM, :BINDING_VALUE)
05/21/2026 12:24:45 DEBUG : Thread ID = 139648306579200:  Rule Matcher:   File = MatchAugmenter.cc:  Line = 365:  Placeholders are : BREAK_ID : 3003, BINDG_NM : Alt_Currency_Code, VALUE_TX : 

05/21/2026 12:24:45 DEBUG : Thread ID = 139648306579200:  Rule Matcher:   File = MatchAugmenter.cc:  Line = 376:  INSERT INTO BREAK_BINDG_TEMP21101 VALUES(:BREAK_ID, :BINDING_NM, :BINDING_VALUE)
05/21/2026 12:24:45 DEBUG : Thread ID = 139648306579200:  Rule Matcher:   File = MatchAugmenter.cc:  Line = 365:  Placeholders are : BREAK_ID : 3004, BINDG_NM : EFFCTV_RISK, VALUE_TX : 0

05/21/2026 12:24:45 DEBUG : Thread ID = 139648306579200:  Rule Matcher:   File = MatchAugmenter.cc:  Line = 376:  INSERT INTO BREAK_BINDG_TEMP21101 VALUES(:BREAK_ID, :BINDING_NM, :BINDING_VALUE)
05/21/2026 12:24:45 DEBUG : Thread ID = 139648306579200:  Rule Matcher:   File = MatchAugmenter.cc:  Line = 365:  Placeholders are : BREAK_ID : 3004, BINDG_NM : CUST_ACCT_COUNT, VALUE_TX : 3

05/21/2026 12:24:45 DEBUG : Thread ID = 139648306579200:  Rule Matcher:   File = MatchAugmenter.cc:  Line = 376:  INSERT INTO BREAK_BINDG_TEMP21101 VALUES(:BREAK_ID, :BINDING_NM, :BINDING_VALUE)
05/21/2026 12:24:45 DEBUG : Thread ID = 139648306579200:  Rule Matcher:   File = MatchAugmenter.cc:  Line = 365:  Placeholders are : BREAK_ID : 3004, BINDG_NM : ACTVY_RISK, VALUE_TX : 5

05/21/2026 12:24:45 DEBUG : Thread ID = 139648306579200:  Rule Matcher:   File = MatchAugmenter.cc:  Line = 376:  INSERT INTO BREAK_BINDG_TEMP21101 VALUES(:BREAK_ID, :BINDING_NM, :BINDING_VALUE)
05/21/2026 12:24:45 DEBUG : Thread ID = 139648306579200:  Rule Matcher:   File = MatchAugmenter.cc:  Line = 365:  Placeholders are : BREAK_ID : 3004, BINDG_NM : TOT_TRXN_AM, VALUE_TX : 623966.19

05/21/2026 12:24:45 DEBUG : Thread ID = 139648306579200:  Rule Matcher:   File = MatchAugmenter.cc:  Line = 376:  INSERT INTO BREAK_BINDG_TEMP21101 VALUES(:BREAK_ID, :BINDING_NM, :BINDING_VALUE)
05/21/2026 12:24:45 DEBUG : Thread ID = 139648306579200:  Rule Matcher:   File = MatchAugmenter.cc:  Line = 365:  Placeholders are : BREAK_ID : 3004, BINDG_NM : TOT_TRXN_CT, VALUE_TX : 9

05/21/2026 12:24:45 DEBUG : Thread ID = 139648306579200:  Rule Matcher:   File = MatchAugmenter.cc:  Line = 376:  INSERT INTO BREAK_BINDG_TEMP21101 VALUES(:BREAK_ID, :BINDING_NM, :BINDING_VALUE)
05/21/2026 12:24:45 DEBUG : Thread ID = 139648306579200:  Rule Matcher:   File = MatchAugmenter.cc:  Line = 365:  Placeholders are : BREAK_ID : 3004, BINDG_NM : TOT_TRXN_BASE_AM_CDT, VALUE_TX : 417686.17

05/21/2026 12:24:45 DEBUG : Thread ID = 139648306579200:  Rule Matcher:   File = MatchAugmenter.cc:  Line = 376:  INSERT INTO BREAK_BINDG_TEMP21101 VALUES(:BREAK_ID, :BINDING_NM, :BINDING_VALUE)
05/21/2026 12:24:45 DEBUG : Thread ID = 139648306579200:  Rule Matcher:   File = MatchAugmenter.cc:  Line = 365:  Placeholders are : BREAK_ID : 3004, BINDG_NM : TOT_TRXN_FUNC_AM_CDT, VALUE_TX : 0

05/21/2026 12:24:45 DEBUG : Thread ID = 139648306579200:  Rule Matcher:   File = MatchAugmenter.cc:  Line = 376:  INSERT INTO BREAK_BINDG_TEMP21101 VALUES(:BREAK_ID, :BINDING_NM, :BINDING_VALUE)
05/21/2026 12:24:45 DEBUG : Thread ID = 139648306579200:  Rule Matcher:   File = MatchAugmenter.cc:  Line = 365:  Placeholders are : BREAK_ID : 3004, BINDG_NM : TOT_TRXN_BASE_AM_DBT, VALUE_TX : 206280.02

05/21/2026 12:24:45 DEBUG : Thread ID = 139648306579200:  Rule Matcher:   File = MatchAugmenter.cc:  Line = 376:  INSERT INTO BREAK_BINDG_TEMP21101 VALUES(:BREAK_ID, :BINDING_NM, :BINDING_VALUE)
05/21/2026 12:24:45 DEBUG : Thread ID = 139648306579200:  Rule Matcher:   File = MatchAugmenter.cc:  Line = 365:  Placeholders are : BREAK_ID : 3004, BINDG_NM : TOT_TRXN_FUNC_AM_DBT, VALUE_TX : 0

05/21/2026 12:24:45 DEBUG : Thread ID = 139648306579200:  Rule Matcher:   File = MatchAugmenter.cc:  Line = 376:  INSERT INTO BREAK_BINDG_TEMP21101 VALUES(:BREAK_ID, :BINDING_NM, :BINDING_VALUE)
05/21/2026 12:24:45 DEBUG : Thread ID = 139648306579200:  Rule Matcher:   File = MatchAugmenter.cc:  Line = 365:  Placeholders are : BREAK_ID : 3004, BINDG_NM : TOT_TRXN_CT_CDT, VALUE_TX : 6

05/21/2026 12:24:45 DEBUG : Thread ID = 139648306579200:  Rule Matcher:   File = MatchAugmenter.cc:  Line = 376:  INSERT INTO BREAK_BINDG_TEMP21101 VALUES(:BREAK_ID, :BINDING_NM, :BINDING_VALUE)
05/21/2026 12:24:45 DEBUG : Thread ID = 139648306579200:  Rule Matcher:   File = MatchAugmenter.cc:  Line = 365:  Placeholders are : BREAK_ID : 3004, BINDG_NM : TOT_TRXN_CT_DBT, VALUE_TX : 3

05/21/2026 12:24:45 DEBUG : Thread ID = 139648306579200:  Rule Matcher:   File = MatchAugmenter.cc:  Line = 376:  INSERT INTO BREAK_BINDG_TEMP21101 VALUES(:BREAK_ID, :BINDING_NM, :BINDING_VALUE)
05/21/2026 12:24:45 DEBUG : Thread ID = 139648306579200:  Rule Matcher:   File = MatchAugmenter.cc:  Line = 365:  Placeholders are : BREAK_ID : 3004, BINDG_NM : HR_PRCTG, VALUE_TX : 0

05/21/2026 12:24:45 DEBUG : Thread ID = 139648306579200:  Rule Matcher:   File = MatchAugmenter.cc:  Line = 376:  INSERT INTO BREAK_BINDG_TEMP21101 VALUES(:BREAK_ID, :BINDING_NM, :BINDING_VALUE)
05/21/2026 12:24:45 DEBUG : Thread ID = 139648306579200:  Rule Matcher:   File = MatchAugmenter.cc:  Line = 365:  Placeholders are : BREAK_ID : 3004, BINDG_NM : LRF_PRCTG, VALUE_TX : 0

05/21/2026 12:24:45 DEBUG : Thread ID = 139648306579200:  Rule Matcher:   File = MatchAugmenter.cc:  Line = 376:  INSERT INTO BREAK_BINDG_TEMP21101 VALUES(:BREAK_ID, :BINDING_NM, :BINDING_VALUE)
05/21/2026 12:24:45 DEBUG : Thread ID = 139648306579200:  Rule Matcher:   File = MatchAugmenter.cc:  Line = 365:  Placeholders are : BREAK_ID : 3004, BINDG_NM : PASS_THRU_PRCTG, VALUE_TX : 0

05/21/2026 12:24:45 DEBUG : Thread ID = 139648306579200:  Rule Matcher:   File = MatchAugmenter.cc:  Line = 376:  INSERT INTO BREAK_BINDG_TEMP21101 VALUES(:BREAK_ID, :BINDING_NM, :BINDING_VALUE)
05/21/2026 12:24:45 DEBUG : Thread ID = 139648306579200:  Rule Matcher:   File = MatchAugmenter.cc:  Line = 365:  Placeholders are : BREAK_ID : 3004, BINDG_NM : OVERALL_RISK, VALUE_TX : MR

05/21/2026 12:24:45 DEBUG : Thread ID = 139648306579200:  Rule Matcher:   File = MatchAugmenter.cc:  Line = 376:  INSERT INTO BREAK_BINDG_TEMP21101 VALUES(:BREAK_ID, :BINDING_NM, :BINDING_VALUE)
05/21/2026 12:24:45 DEBUG : Thread ID = 139648306579200:  Rule Matcher:   File = MatchAugmenter.cc:  Line = 365:  Placeholders are : BREAK_ID : 3004, BINDG_NM : CUSTOMER, VALUE_TX : cust9

05/21/2026 12:24:45 DEBUG : Thread ID = 139648306579200:  Rule Matcher:   File = MatchAugmenter.cc:  Line = 376:  INSERT INTO BREAK_BINDG_TEMP21101 VALUES(:BREAK_ID, :BINDING_NM, :BINDING_VALUE)
05/21/2026 12:24:45 DEBUG : Thread ID = 139648306579200:  Rule Matcher:   File = MatchAugmenter.cc:  Line = 365:  Placeholders are : BREAK_ID : 3004, BINDG_NM : Trusted_Trans_Prctg, VALUE_TX : 0

05/21/2026 12:24:45 DEBUG : Thread ID = 139648306579200:  Rule Matcher:   File = MatchAugmenter.cc:  Line = 376:  INSERT INTO BREAK_BINDG_TEMP21101 VALUES(:BREAK_ID, :BINDING_NM, :BINDING_VALUE)
05/21/2026 12:24:45 DEBUG : Thread ID = 139648306579200:  Rule Matcher:   File = MatchAugmenter.cc:  Line = 365:  Placeholders are : BREAK_ID : 3004, BINDG_NM : Prmry_Cust_Fl, VALUE_TX : Y

05/21/2026 12:24:45 DEBUG : Thread ID = 139648306579200:  Rule Matcher:   File = MatchAugmenter.cc:  Line = 376:  INSERT INTO BREAK_BINDG_TEMP21101 VALUES(:BREAK_ID, :BINDING_NM, :BINDING_VALUE)
05/21/2026 12:24:45 DEBUG : Thread ID = 139648306579200:  Rule Matcher:   File = MatchAugmenter.cc:  Line = 365:  Placeholders are : BREAK_ID : 3004, BINDG_NM : Prmry_Cust_Id, VALUE_TX : cust9

05/21/2026 12:24:45 DEBUG : Thread ID = 139648306579200:  Rule Matcher:   File = MatchAugmenter.cc:  Line = 376:  INSERT INTO BREAK_BINDG_TEMP21101 VALUES(:BREAK_ID, :BINDING_NM, :BINDING_VALUE)
05/21/2026 12:24:45 DEBUG : Thread ID = 139648306579200:  Rule Matcher:   File = MatchAugmenter.cc:  Line = 365:  Placeholders are : BREAK_ID : 3004, BINDG_NM : Alt_Currency_Code, VALUE_TX : 

05/21/2026 12:24:45 DEBUG : Thread ID = 139648306579200:  Rule Matcher:   File = MatchAugmenter.cc:  Line = 376:  INSERT INTO BREAK_BINDG_TEMP21101 VALUES(:BREAK_ID, :BINDING_NM, :BINDING_VALUE)
05/21/2026 12:24:45 DEBUG : Thread ID = 139648306579200:  Rule Matcher:   File = MatchAugmenter.cc:  Line = 365:  Placeholders are : BREAK_ID : 3005, BINDG_NM : EFFCTV_RISK, VALUE_TX : 0

05/21/2026 12:24:45 DEBUG : Thread ID = 139648306579200:  Rule Matcher:   File = MatchAugmenter.cc:  Line = 376:  INSERT INTO BREAK_BINDG_TEMP21101 VALUES(:BREAK_ID, :BINDING_NM, :BINDING_VALUE)
05/21/2026 12:24:45 DEBUG : Thread ID = 139648306579200:  Rule Matcher:   File = MatchAugmenter.cc:  Line = 365:  Placeholders are : BREAK_ID : 3005, BINDG_NM : CUST_ACCT_COUNT, VALUE_TX : 3

05/21/2026 12:24:45 DEBUG : Thread ID = 139648306579200:  Rule Matcher:   File = MatchAugmenter.cc:  Line = 376:  INSERT INTO BREAK_BINDG_TEMP21101 VALUES(:BREAK_ID, :BINDING_NM, :BINDING_VALUE)
05/21/2026 12:24:45 DEBUG : Thread ID = 139648306579200:  Rule Matcher:   File = MatchAugmenter.cc:  Line = 365:  Placeholders are : BREAK_ID : 3005, BINDG_NM : ACTVY_RISK, VALUE_TX : 5

05/21/2026 12:24:45 DEBUG : Thread ID = 139648306579200:  Rule Matcher:   File = MatchAugmenter.cc:  Line = 376:  INSERT INTO BREAK_BINDG_TEMP21101 VALUES(:BREAK_ID, :BINDING_NM, :BINDING_VALUE)
05/21/2026 12:24:45 DEBUG : Thread ID = 139648306579200:  Rule Matcher:   File = MatchAugmenter.cc:  Line = 365:  Placeholders are : BREAK_ID : 3005, BINDG_NM : TOT_TRXN_AM, VALUE_TX : 585828.82

05/21/2026 12:24:45 DEBUG : Thread ID = 139648306579200:  Rule Matcher:   File = MatchAugmenter.cc:  Line = 376:  INSERT INTO BREAK_BINDG_TEMP21101 VALUES(:BREAK_ID, :BINDING_NM, :BINDING_VALUE)
05/21/2026 12:24:45 DEBUG : Thread ID = 139648306579200:  Rule Matcher:   File = MatchAugmenter.cc:  Line = 365:  Placeholders are : BREAK_ID : 3005, BINDG_NM : TOT_TRXN_CT, VALUE_TX : 10

05/21/2026 12:24:45 DEBUG : Thread ID = 139648306579200:  Rule Matcher:   File = MatchAugmenter.cc:  Line = 376:  INSERT INTO BREAK_BINDG_TEMP21101 VALUES(:BREAK_ID, :BINDING_NM, :BINDING_VALUE)
05/21/2026 12:24:45 DEBUG : Thread ID = 139648306579200:  Rule Matcher:   File = MatchAugmenter.cc:  Line = 365:  Placeholders are : BREAK_ID : 3005, BINDG_NM : TOT_TRXN_BASE_AM_CDT, VALUE_TX : 208070.38

05/21/2026 12:24:45 DEBUG : Thread ID = 139648306579200:  Rule Matcher:   File = MatchAugmenter.cc:  Line = 376:  INSERT INTO BREAK_BINDG_TEMP21101 VALUES(:BREAK_ID, :BINDING_NM, :BINDING_VALUE)
05/21/2026 12:24:45 DEBUG : Thread ID = 139648306579200:  Rule Matcher:   File = MatchAugmenter.cc:  Line = 365:  Placeholders are : BREAK_ID : 3005, BINDG_NM : TOT_TRXN_FUNC_AM_CDT, VALUE_TX : 0

05/21/2026 12:24:45 DEBUG : Thread ID = 139648306579200:  Rule Matcher:   File = MatchAugmenter.cc:  Line = 376:  INSERT INTO BREAK_BINDG_TEMP21101 VALUES(:BREAK_ID, :BINDING_NM, :BINDING_VALUE)
05/21/2026 12:24:45 DEBUG : Thread ID = 139648306579200:  Rule Matcher:   File = MatchAugmenter.cc:  Line = 365:  Placeholders are : BREAK_ID : 3005, BINDG_NM : TOT_TRXN_BASE_AM_DBT, VALUE_TX : 377758.44

05/21/2026 12:24:45 DEBUG : Thread ID = 139648306579200:  Rule Matcher:   File = MatchAugmenter.cc:  Line = 376:  INSERT INTO BREAK_BINDG_TEMP21101 VALUES(:BREAK_ID, :BINDING_NM, :BINDING_VALUE)
05/21/2026 12:24:45 DEBUG : Thread ID = 139648306579200:  Rule Matcher:   File = MatchAugmenter.cc:  Line = 365:  Placeholders are : BREAK_ID : 3005, BINDG_NM : TOT_TRXN_FUNC_AM_DBT, VALUE_TX : 0

05/21/2026 12:24:45 DEBUG : Thread ID = 139648306579200:  Rule Matcher:   File = MatchAugmenter.cc:  Line = 376:  INSERT INTO BREAK_BINDG_TEMP21101 VALUES(:BREAK_ID, :BINDING_NM, :BINDING_VALUE)
05/21/2026 12:24:45 DEBUG : Thread ID = 139648306579200:  Rule Matcher:   File = MatchAugmenter.cc:  Line = 365:  Placeholders are : BREAK_ID : 3005, BINDG_NM : TOT_TRXN_CT_CDT, VALUE_TX : 3

05/21/2026 12:24:45 DEBUG : Thread ID = 139648306579200:  Rule Matcher:   File = MatchAugmenter.cc:  Line = 376:  INSERT INTO BREAK_BINDG_TEMP21101 VALUES(:BREAK_ID, :BINDING_NM, :BINDING_VALUE)
05/21/2026 12:24:45 DEBUG : Thread ID = 139648306579200:  Rule Matcher:   File = MatchAugmenter.cc:  Line = 365:  Placeholders are : BREAK_ID : 3005, BINDG_NM : TOT_TRXN_CT_DBT, VALUE_TX : 7

05/21/2026 12:24:45 DEBUG : Thread ID = 139648306579200:  Rule Matcher:   File = MatchAugmenter.cc:  Line = 376:  INSERT INTO BREAK_BINDG_TEMP21101 VALUES(:BREAK_ID, :BINDING_NM, :BINDING_VALUE)
05/21/2026 12:24:45 DEBUG : Thread ID = 139648306579200:  Rule Matcher:   File = MatchAugmenter.cc:  Line = 365:  Placeholders are : BREAK_ID : 3005, BINDG_NM : HR_PRCTG, VALUE_TX : 0

05/21/2026 12:24:45 DEBUG : Thread ID = 139648306579200:  Rule Matcher:   File = MatchAugmenter.cc:  Line = 376:  INSERT INTO BREAK_BINDG_TEMP21101 VALUES(:BREAK_ID, :BINDING_NM, :BINDING_VALUE)
05/21/2026 12:24:45 DEBUG : Thread ID = 139648306579200:  Rule Matcher:   File = MatchAugmenter.cc:  Line = 365:  Placeholders are : BREAK_ID : 3005, BINDG_NM : LRF_PRCTG, VALUE_TX : 0

05/21/2026 12:24:45 DEBUG : Thread ID = 139648306579200:  Rule Matcher:   File = MatchAugmenter.cc:  Line = 376:  INSERT INTO BREAK_BINDG_TEMP21101 VALUES(:BREAK_ID, :BINDING_NM, :BINDING_VALUE)
05/21/2026 12:24:45 DEBUG : Thread ID = 139648306579200:  Rule Matcher:   File = MatchAugmenter.cc:  Line = 365:  Placeholders are : BREAK_ID : 3005, BINDG_NM : PASS_THRU_PRCTG, VALUE_TX : 0

05/21/2026 12:24:45 DEBUG : Thread ID = 139648306579200:  Rule Matcher:   File = MatchAugmenter.cc:  Line = 376:  INSERT INTO BREAK_BINDG_TEMP21101 VALUES(:BREAK_ID, :BINDING_NM, :BINDING_VALUE)
05/21/2026 12:24:45 DEBUG : Thread ID = 139648306579200:  Rule Matcher:   File = MatchAugmenter.cc:  Line = 365:  Placeholders are : BREAK_ID : 3005, BINDG_NM : OVERALL_RISK, VALUE_TX : MR

05/21/2026 12:24:45 DEBUG : Thread ID = 139648306579200:  Rule Matcher:   File = MatchAugmenter.cc:  Line = 376:  INSERT INTO BREAK_BINDG_TEMP21101 VALUES(:BREAK_ID, :BINDING_NM, :BINDING_VALUE)
05/21/2026 12:24:45 DEBUG : Thread ID = 139648306579200:  Rule Matcher:   File = MatchAugmenter.cc:  Line = 365:  Placeholders are : BREAK_ID : 3005, BINDG_NM : CUSTOMER, VALUE_TX : cust9309

05/21/2026 12:24:45 DEBUG : Thread ID = 139648306579200:  Rule Matcher:   File = MatchAugmenter.cc:  Line = 376:  INSERT INTO BREAK_BINDG_TEMP21101 VALUES(:BREAK_ID, :BINDING_NM, :BINDING_VALUE)
05/21/2026 12:24:45 DEBUG : Thread ID = 139648306579200:  Rule Matcher:   File = MatchAugmenter.cc:  Line = 365:  Placeholders are : BREAK_ID : 3005, BINDG_NM : Trusted_Trans_Prctg, VALUE_TX : 0

05/21/2026 12:24:45 DEBUG : Thread ID = 139648306579200:  Rule Matcher:   File = MatchAugmenter.cc:  Line = 376:  INSERT INTO BREAK_BINDG_TEMP21101 VALUES(:BREAK_ID, :BINDING_NM, :BINDING_VALUE)
05/21/2026 12:24:45 DEBUG : Thread ID = 139648306579200:  Rule Matcher:   File = MatchAugmenter.cc:  Line = 365:  Placeholders are : BREAK_ID : 3005, BINDG_NM : Prmry_Cust_Fl, VALUE_TX : Y

05/21/2026 12:24:45 DEBUG : Thread ID = 139648306579200:  Rule Matcher:   File = MatchAugmenter.cc:  Line = 376:  INSERT INTO BREAK_BINDG_TEMP21101 VALUES(:BREAK_ID, :BINDING_NM, :BINDING_VALUE)
05/21/2026 12:24:45 DEBUG : Thread ID = 139648306579200:  Rule Matcher:   File = MatchAugmenter.cc:  Line = 365:  Placeholders are : BREAK_ID : 3005, BINDG_NM : Prmry_Cust_Id, VALUE_TX : cust9309

05/21/2026 12:24:45 DEBUG : Thread ID = 139648306579200:  Rule Matcher:   File = MatchAugmenter.cc:  Line = 376:  INSERT INTO BREAK_BINDG_TEMP21101 VALUES(:BREAK_ID, :BINDING_NM, :BINDING_VALUE)
05/21/2026 12:24:45 DEBUG : Thread ID = 139648306579200:  Rule Matcher:   File = MatchAugmenter.cc:  Line = 365:  Placeholders are : BREAK_ID : 3005, BINDG_NM : Alt_Currency_Code, VALUE_TX : 

05/21/2026 12:24:45 DEBUG : Thread ID = 139648306579200:  Rule Matcher:   File = MatchAugmenter.cc:  Line = 376:  INSERT INTO BREAK_BINDG_TEMP21101 VALUES(:BREAK_ID, :BINDING_NM, :BINDING_VALUE)
05/21/2026 12:24:45 DEBUG : Thread ID = 139648306579200:  Rule Matcher:   File = MatchAugmenter.cc:  Line = 1087:  BEGIN fccmatomic.P_ANALYZE_ALG(:I1 , :O1, :O2); END;
05/21/2026 12:24:45 DEBUG : Thread ID = 139648306579200:  Rule Matcher:   File = MatchAugmenter.cc:  Line = 1087:  BEGIN fccmatomic.P_ANALYZE_ALG(:I1 , :O1, :O2); END;
05/21/2026 12:24:45 DEBUG : Thread ID = 139648306579200:  Rule Matcher:   File = MatchAugmenter.cc:  Line = 1087:  BEGIN fccmatomic.P_ANALYZE_ALG(:I1 , :O1, :O2); END;
05/21/2026 12:24:45 DEBUG : Thread ID = 139648306579200:  Rule Matcher:   File = TableDataset.cc:  Line = 96:  SELECT a.DATASET_ID, a.REALIZED_NM FROM fccmatomic.KDD_DATASET a
05/21/2026 12:24:46 DEBUG : Thread ID = 139648306579200:  Rule Matcher:   File = TableAttribute.cc:  Line = 92:  SELECT a.ATTR_ID, a.ATTR_NM, a.TYPE_CD, a.ORDER_FL, a.DISCRETE_FL FROM fccmatomic.KDD_ATTR a
05/21/2026 12:24:52 DEBUG : Thread ID = 139648306579200:  Rule Matcher:   File = ViewMatchAugmentation.cc:  Line = 105:  SELECT a.AGMNT_INSTN_ID, a.PTTRN_ID, a.CNTRY_ID, a.DATASET_ID, a.ATTR_ID FROM fccmatomic.KDD_MATCH_AUGMENTATION a ORDER BY a.PTTRN_ID
05/21/2026 12:24:53 DEBUG : Thread ID = 139648306579200:  Rule Matcher:   File = ViewBindingAugmentation.cc:  Line = 126:  SELECT a.AGMNT_INSTN_ID, a.INSTN_NB, a.SCNRO_ID, a.CNTRY_ID, a.DATASET_ID, a.ATTR_ID, a.TRGT_BINDG_NM FROM fccmatomic.KDD_BINDING_AUGMENTATION a ORDER BY a.SCNRO_ID, a.INSTN_NB
05/21/2026 12:24:53 DEBUG : Thread ID = 139648306579200:  Rule Matcher:   File = TableSourceDataBinding.cc:  Line = 111:  SELECT a.AGMNT_INSTN_ID, a.BINDG_NM, a.ATTR_ID, a.OPRTR_CD FROM fccmatomic.KDD_SOURCE_DATA_BINDING a
05/21/2026 12:24:54 DEBUG : Thread ID = 139648306579200:  Rule Matcher:   File = TableMatchDataBinding.cc:  Line = 63:  SELECT a.AGMNT_INSTN_ID, a.WHERE_ATTR_ID, a.SELECT_ATTR_ID, a.SELECT_DSET_ID, a.SELECT_WHERE_ATTR_ID, a.MATCHED_DSET_ID FROM fccmatomic.KDD_MATCH_DATA_BINDG a
05/21/2026 12:24:55 INFO : Thread ID = 139648306579200:  Rule Matcher:   File = MatchAugmenter.cc:  Line = 102:  Augmenting Bindings
05/21/2026 12:24:55 DEBUG : Thread ID = 139648306579200:  Rule Matcher:   File = MatchAugmenter.cc:  Line = 569:  UPDATE BREAK_BINDG_TEMP21101 SET VALUE_TX = :VALUE_TX WHERE BREAK_ID = :BREAK_ID AND BINDG_NM = :BINDING_NM
05/21/2026 12:24:55 INFO : Thread ID = 139648306579200:  Rule Matcher:   File = MatchAugmenter.cc:  Line = 118:  Augmenting Matches
05/21/2026 12:24:55 DEBUG : Thread ID = 139648306579200:  Rule Matcher:   File = MatchAugmenter.cc:  Line = 1628:  SELECT  distinct s.ACCT_BAL_SEQ_ID, b.BREAK_ID FROM  BREAK_TEMP21101 b JOIN (SELECT bm.KEY_ID, bm.BREAK_ID FROM BREAK_MTCHS_TEMP21101 bm WHERE bm.DATASET_ID = 113001001) x1 on (b.BREAK_ID = x1.BREAK_ID) JOIN (SELECT st.ACCT_INTRL_ID JOIN_FIELD, st.ACCT_SEQ_ID KEY_ID FROM FCCMATOMIC.ACCT st) x2 on (x1.KEY_ID = x2.KEY_ID) JOIN FCCMATOMIC.ACCT_BAL_POSN_SMRY s on (x2.JOIN_FIELD = s.ACCT_INTRL_ID)
05/21/2026 12:24:55 DEBUG : Thread ID = 139648306579200:  Rule Matcher:   File = MatchAugmenter.cc:  Line = 1647:  keyid : 500130, breakId : 3001

05/21/2026 12:24:55 DEBUG : Thread ID = 139648306579200:  Rule Matcher:   File = MatchAugmenter.cc:  Line = 1656:  Inserting 3001~113001003~'500130' into break matches map
05/21/2026 12:24:55 DEBUG : Thread ID = 139648306579200:  Rule Matcher:   File = MatchAugmenter.cc:  Line = 1680:  Inserted: 15RowBreakMatches:  breakId=DBColumn: present=1 null=0 value=3001 datasetId=DBColumn: present=1 null=0 value=113001003 keyId=DBColumn: present=1 null=0 value=500130 matchCode=DBColumn: present=1 null=0 value=MTH
05/21/2026 12:24:55 DEBUG : Thread ID = 139648306579200:  Rule Matcher:   File = MatchAugmenter.cc:  Line = 1694:  Processed 1 records. 
05/21/2026 12:24:55 DEBUG : Thread ID = 139648306579200:  Rule Matcher:   File = MatchAugmenter.cc:  Line = 1647:  keyid : 400132, breakId : 3001

05/21/2026 12:24:55 DEBUG : Thread ID = 139648306579200:  Rule Matcher:   File = MatchAugmenter.cc:  Line = 1656:  Inserting 3001~113001003~'400132' into break matches map
05/21/2026 12:24:55 DEBUG : Thread ID = 139648306579200:  Rule Matcher:   File = MatchAugmenter.cc:  Line = 1680:  Inserted: 15RowBreakMatches:  breakId=DBColumn: present=1 null=0 value=3001 datasetId=DBColumn: present=1 null=0 value=113001003 keyId=DBColumn: present=1 null=0 value=400132 matchCode=DBColumn: present=1 null=0 value=MTH
05/21/2026 12:24:55 DEBUG : Thread ID = 139648306579200:  Rule Matcher:   File = MatchAugmenter.cc:  Line = 1694:  Processed 2 records. 
05/21/2026 12:24:55 DEBUG : Thread ID = 139648306579200:  Rule Matcher:   File = MatchAugmenter.cc:  Line = 1647:  keyid : 500132, breakId : 3001

05/21/2026 12:24:55 DEBUG : Thread ID = 139648306579200:  Rule Matcher:   File = MatchAugmenter.cc:  Line = 1656:  Inserting 3001~113001003~'500132' into break matches map
05/21/2026 12:24:55 DEBUG : Thread ID = 139648306579200:  Rule Matcher:   File = MatchAugmenter.cc:  Line = 1680:  Inserted: 15RowBreakMatches:  breakId=DBColumn: present=1 null=0 value=3001 datasetId=DBColumn: present=1 null=0 value=113001003 keyId=DBColumn: present=1 null=0 value=500132 matchCode=DBColumn: present=1 null=0 value=MTH
05/21/2026 12:24:55 DEBUG : Thread ID = 139648306579200:  Rule Matcher:   File = MatchAugmenter.cc:  Line = 1694:  Processed 3 records. 
05/21/2026 12:24:55 DEBUG : Thread ID = 139648306579200:  Rule Matcher:   File = MatchAugmenter.cc:  Line = 1647:  keyid : 451167, breakId : 3003

05/21/2026 12:24:55 DEBUG : Thread ID = 139648306579200:  Rule Matcher:   File = MatchAugmenter.cc:  Line = 1656:  Inserting 3003~113001003~'451167' into break matches map
05/21/2026 12:24:55 DEBUG : Thread ID = 139648306579200:  Rule Matcher:   File = MatchAugmenter.cc:  Line = 1680:  Inserted: 15RowBreakMatches:  breakId=DBColumn: present=1 null=0 value=3003 datasetId=DBColumn: present=1 null=0 value=113001003 keyId=DBColumn: present=1 null=0 value=451167 matchCode=DBColumn: present=1 null=0 value=MTH
05/21/2026 12:24:55 DEBUG : Thread ID = 139648306579200:  Rule Matcher:   File = MatchAugmenter.cc:  Line = 1694:  Processed 4 records. 
05/21/2026 12:24:55 DEBUG : Thread ID = 139648306579200:  Rule Matcher:   File = MatchAugmenter.cc:  Line = 1647:  keyid : 551171, breakId : 3003

05/21/2026 12:24:55 DEBUG : Thread ID = 139648306579200:  Rule Matcher:   File = MatchAugmenter.cc:  Line = 1656:  Inserting 3003~113001003~'551171' into break matches map
05/21/2026 12:24:55 DEBUG : Thread ID = 139648306579200:  Rule Matcher:   File = MatchAugmenter.cc:  Line = 1680:  Inserted: 15RowBreakMatches:  breakId=DBColumn: present=1 null=0 value=3003 datasetId=DBColumn: present=1 null=0 value=113001003 keyId=DBColumn: present=1 null=0 value=551171 matchCode=DBColumn: present=1 null=0 value=MTH
05/21/2026 12:24:55 DEBUG : Thread ID = 139648306579200:  Rule Matcher:   File = MatchAugmenter.cc:  Line = 1694:  Processed 5 records. 
05/21/2026 12:24:55 DEBUG : Thread ID = 139648306579200:  Rule Matcher:   File = MatchAugmenter.cc:  Line = 1647:  keyid : 500008, breakId : 3004

05/21/2026 12:24:55 DEBUG : Thread ID = 139648306579200:  Rule Matcher:   File = MatchAugmenter.cc:  Line = 1656:  Inserting 3004~113001003~'500008' into break matches map
05/21/2026 12:24:55 DEBUG : Thread ID = 139648306579200:  Rule Matcher:   File = MatchAugmenter.cc:  Line = 1680:  Inserted: 15RowBreakMatches:  breakId=DBColumn: present=1 null=0 value=3004 datasetId=DBColumn: present=1 null=0 value=113001003 keyId=DBColumn: present=1 null=0 value=500008 matchCode=DBColumn: present=1 null=0 value=MTH
05/21/2026 12:24:55 DEBUG : Thread ID = 139648306579200:  Rule Matcher:   File = MatchAugmenter.cc:  Line = 1694:  Processed 6 records. 
05/21/2026 12:24:55 DEBUG : Thread ID = 139648306579200:  Rule Matcher:   File = MatchAugmenter.cc:  Line = 1647:  keyid : 551170, breakId : 3003

05/21/2026 12:24:55 DEBUG : Thread ID = 139648306579200:  Rule Matcher:   File = MatchAugmenter.cc:  Line = 1656:  Inserting 3003~113001003~'551170' into break matches map
05/21/2026 12:24:55 DEBUG : Thread ID = 139648306579200:  Rule Matcher:   File = MatchAugmenter.cc:  Line = 1680:  Inserted: 15RowBreakMatches:  breakId=DBColumn: present=1 null=0 value=3003 datasetId=DBColumn: present=1 null=0 value=113001003 keyId=DBColumn: present=1 null=0 value=551170 matchCode=DBColumn: present=1 null=0 value=MTH
05/21/2026 12:24:55 DEBUG : Thread ID = 139648306579200:  Rule Matcher:   File = MatchAugmenter.cc:  Line = 1694:  Processed 7 records. 
05/21/2026 12:24:55 DEBUG : Thread ID = 139648306579200:  Rule Matcher:   File = MatchAugmenter.cc:  Line = 1647:  keyid : 451168, breakId : 3003

05/21/2026 12:24:55 DEBUG : Thread ID = 139648306579200:  Rule Matcher:   File = MatchAugmenter.cc:  Line = 1656:  Inserting 3003~113001003~'451168' into break matches map
05/21/2026 12:24:55 DEBUG : Thread ID = 139648306579200:  Rule Matcher:   File = MatchAugmenter.cc:  Line = 1680:  Inserted: 15RowBreakMatches:  breakId=DBColumn: present=1 null=0 value=3003 datasetId=DBColumn: present=1 null=0 value=113001003 keyId=DBColumn: present=1 null=0 value=451168 matchCode=DBColumn: present=1 null=0 value=MTH
05/21/2026 12:24:55 DEBUG : Thread ID = 139648306579200:  Rule Matcher:   File = MatchAugmenter.cc:  Line = 1694:  Processed 8 records. 
05/21/2026 12:24:55 DEBUG : Thread ID = 139648306579200:  Rule Matcher:   File = MatchAugmenter.cc:  Line = 1647:  keyid : 400010, breakId : 3004

05/21/2026 12:24:55 DEBUG : Thread ID = 139648306579200:  Rule Matcher:   File = MatchAugmenter.cc:  Line = 1656:  Inserting 3004~113001003~'400010' into break matches map
05/21/2026 12:24:55 DEBUG : Thread ID = 139648306579200:  Rule Matcher:   File = MatchAugmenter.cc:  Line = 1680:  Inserted: 15RowBreakMatches:  breakId=DBColumn: present=1 null=0 value=3004 datasetId=DBColumn: present=1 null=0 value=113001003 keyId=DBColumn: present=1 null=0 value=400010 matchCode=DBColumn: present=1 null=0 value=MTH
05/21/2026 12:24:55 DEBUG : Thread ID = 139648306579200:  Rule Matcher:   File = MatchAugmenter.cc:  Line = 1694:  Processed 9 records. 
05/21/2026 12:24:55 DEBUG : Thread ID = 139648306579200:  Rule Matcher:   File = MatchAugmenter.cc:  Line = 1647:  keyid : 451623, breakId : 3005

05/21/2026 12:24:55 DEBUG : Thread ID = 139648306579200:  Rule Matcher:   File = MatchAugmenter.cc:  Line = 1656:  Inserting 3005~113001003~'451623' into break matches map
05/21/2026 12:24:55 DEBUG : Thread ID = 139648306579200:  Rule Matcher:   File = MatchAugmenter.cc:  Line = 1680:  Inserted: 15RowBreakMatches:  breakId=DBColumn: present=1 null=0 value=3005 datasetId=DBColumn: present=1 null=0 value=113001003 keyId=DBColumn: present=1 null=0 value=451623 matchCode=DBColumn: present=1 null=0 value=MTH
05/21/2026 12:24:55 DEBUG : Thread ID = 139648306579200:  Rule Matcher:   File = MatchAugmenter.cc:  Line = 1694:  Processed 10 records. 
05/21/2026 12:24:55 DEBUG : Thread ID = 139648306579200:  Rule Matcher:   File = MatchAugmenter.cc:  Line = 1647:  keyid : 551628, breakId : 3005

05/21/2026 12:24:55 DEBUG : Thread ID = 139648306579200:  Rule Matcher:   File = MatchAugmenter.cc:  Line = 1656:  Inserting 3005~113001003~'551628' into break matches map
05/21/2026 12:24:55 DEBUG : Thread ID = 139648306579200:  Rule Matcher:   File = MatchAugmenter.cc:  Line = 1680:  Inserted: 15RowBreakMatches:  breakId=DBColumn: present=1 null=0 value=3005 datasetId=DBColumn: present=1 null=0 value=113001003 keyId=DBColumn: present=1 null=0 value=551628 matchCode=DBColumn: present=1 null=0 value=MTH
05/21/2026 12:24:55 DEBUG : Thread ID = 139648306579200:  Rule Matcher:   File = MatchAugmenter.cc:  Line = 1694:  Processed 11 records. 
05/21/2026 12:24:55 DEBUG : Thread ID = 139648306579200:  Rule Matcher:   File = MatchAugmenter.cc:  Line = 1647:  keyid : 450940, breakId : 3002

05/21/2026 12:24:55 DEBUG : Thread ID = 139648306579200:  Rule Matcher:   File = MatchAugmenter.cc:  Line = 1656:  Inserting 3002~113001003~'450940' into break matches map
05/21/2026 12:24:55 DEBUG : Thread ID = 139648306579200:  Rule Matcher:   File = MatchAugmenter.cc:  Line = 1680:  Inserted: 15RowBreakMatches:  breakId=DBColumn: present=1 null=0 value=3002 datasetId=DBColumn: present=1 null=0 value=113001003 keyId=DBColumn: present=1 null=0 value=450940 matchCode=DBColumn: present=1 null=0 value=MTH
05/21/2026 12:24:55 DEBUG : Thread ID = 139648306579200:  Rule Matcher:   File = MatchAugmenter.cc:  Line = 1694:  Processed 12 records. 
05/21/2026 12:24:55 DEBUG : Thread ID = 139648306579200:  Rule Matcher:   File = MatchAugmenter.cc:  Line = 1647:  keyid : 451169, breakId : 3003

05/21/2026 12:24:55 DEBUG : Thread ID = 139648306579200:  Rule Matcher:   File = MatchAugmenter.cc:  Line = 1656:  Inserting 3003~113001003~'451169' into break matches map
05/21/2026 12:24:55 DEBUG : Thread ID = 139648306579200:  Rule Matcher:   File = MatchAugmenter.cc:  Line = 1680:  Inserted: 15RowBreakMatches:  breakId=DBColumn: present=1 null=0 value=3003 datasetId=DBColumn: present=1 null=0 value=113001003 keyId=DBColumn: present=1 null=0 value=451169 matchCode=DBColumn: present=1 null=0 value=MTH
05/21/2026 12:24:55 DEBUG : Thread ID = 139648306579200:  Rule Matcher:   File = MatchAugmenter.cc:  Line = 1694:  Processed 13 records. 
05/21/2026 12:24:55 DEBUG : Thread ID = 139648306579200:  Rule Matcher:   File = MatchAugmenter.cc:  Line = 1647:  keyid : 500010, breakId : 3004

05/21/2026 12:24:55 DEBUG : Thread ID = 139648306579200:  Rule Matcher:   File = MatchAugmenter.cc:  Line = 1656:  Inserting 3004~113001003~'500010' into break matches map
05/21/2026 12:24:55 DEBUG : Thread ID = 139648306579200:  Rule Matcher:   File = MatchAugmenter.cc:  Line = 1680:  Inserted: 15RowBreakMatches:  breakId=DBColumn: present=1 null=0 value=3004 datasetId=DBColumn: present=1 null=0 value=113001003 keyId=DBColumn: present=1 null=0 value=500010 matchCode=DBColumn: present=1 null=0 value=MTH
05/21/2026 12:24:55 DEBUG : Thread ID = 139648306579200:  Rule Matcher:   File = MatchAugmenter.cc:  Line = 1694:  Processed 14 records. 
05/21/2026 12:24:55 DEBUG : Thread ID = 139648306579200:  Rule Matcher:   File = MatchAugmenter.cc:  Line = 1647:  keyid : 500131, breakId : 3001

05/21/2026 12:24:55 DEBUG : Thread ID = 139648306579200:  Rule Matcher:   File = MatchAugmenter.cc:  Line = 1656:  Inserting 3001~113001003~'500131' into break matches map
05/21/2026 12:24:55 DEBUG : Thread ID = 139648306579200:  Rule Matcher:   File = MatchAugmenter.cc:  Line = 1680:  Inserted: 15RowBreakMatches:  breakId=DBColumn: present=1 null=0 value=3001 datasetId=DBColumn: present=1 null=0 value=113001003 keyId=DBColumn: present=1 null=0 value=500131 matchCode=DBColumn: present=1 null=0 value=MTH
05/21/2026 12:24:55 DEBUG : Thread ID = 139648306579200:  Rule Matcher:   File = MatchAugmenter.cc:  Line = 1694:  Processed 15 records. 
05/21/2026 12:24:55 DEBUG : Thread ID = 139648306579200:  Rule Matcher:   File = MatchAugmenter.cc:  Line = 1647:  keyid : 550944, breakId : 3002

05/21/2026 12:24:55 DEBUG : Thread ID = 139648306579200:  Rule Matcher:   File = MatchAugmenter.cc:  Line = 1656:  Inserting 3002~113001003~'550944' into break matches map
05/21/2026 12:24:55 DEBUG : Thread ID = 139648306579200:  Rule Matcher:   File = MatchAugmenter.cc:  Line = 1680:  Inserted: 15RowBreakMatches:  breakId=DBColumn: present=1 null=0 value=3002 datasetId=DBColumn: present=1 null=0 value=113001003 keyId=DBColumn: present=1 null=0 value=550944 matchCode=DBColumn: present=1 null=0 value=MTH
05/21/2026 12:24:55 DEBUG : Thread ID = 139648306579200:  Rule Matcher:   File = MatchAugmenter.cc:  Line = 1694:  Processed 16 records. 
05/21/2026 12:24:55 DEBUG : Thread ID = 139648306579200:  Rule Matcher:   File = MatchAugmenter.cc:  Line = 1647:  keyid : 452525, breakId : 3002

05/21/2026 12:24:55 DEBUG : Thread ID = 139648306579200:  Rule Matcher:   File = MatchAugmenter.cc:  Line = 1656:  Inserting 3002~113001003~'452525' into break matches map
05/21/2026 12:24:55 DEBUG : Thread ID = 139648306579200:  Rule Matcher:   File = MatchAugmenter.cc:  Line = 1680:  Inserted: 15RowBreakMatches:  breakId=DBColumn: present=1 null=0 value=3002 datasetId=DBColumn: present=1 null=0 value=113001003 keyId=DBColumn: present=1 null=0 value=452525 matchCode=DBColumn: present=1 null=0 value=MTH
05/21/2026 12:24:55 DEBUG : Thread ID = 139648306579200:  Rule Matcher:   File = MatchAugmenter.cc:  Line = 1694:  Processed 17 records. 
05/21/2026 12:24:55 DEBUG : Thread ID = 139648306579200:  Rule Matcher:   File = MatchAugmenter.cc:  Line = 1647:  keyid : 551172, breakId : 3003

05/21/2026 12:24:55 DEBUG : Thread ID = 139648306579200:  Rule Matcher:   File = MatchAugmenter.cc:  Line = 1656:  Inserting 3003~113001003~'551172' into break matches map
05/21/2026 12:24:55 DEBUG : Thread ID = 139648306579200:  Rule Matcher:   File = MatchAugmenter.cc:  Line = 1680:  Inserted: 15RowBreakMatches:  breakId=DBColumn: present=1 null=0 value=3003 datasetId=DBColumn: present=1 null=0 value=113001003 keyId=DBColumn: present=1 null=0 value=551172 matchCode=DBColumn: present=1 null=0 value=MTH
05/21/2026 12:24:55 DEBUG : Thread ID = 139648306579200:  Rule Matcher:   File = MatchAugmenter.cc:  Line = 1694:  Processed 18 records. 
05/21/2026 12:24:55 DEBUG : Thread ID = 139648306579200:  Rule Matcher:   File = MatchAugmenter.cc:  Line = 1647:  keyid : 400130, breakId : 3001

05/21/2026 12:24:55 DEBUG : Thread ID = 139648306579200:  Rule Matcher:   File = MatchAugmenter.cc:  Line = 1656:  Inserting 3001~113001003~'400130' into break matches map
05/21/2026 12:24:55 DEBUG : Thread ID = 139648306579200:  Rule Matcher:   File = MatchAugmenter.cc:  Line = 1680:  Inserted: 15RowBreakMatches:  breakId=DBColumn: present=1 null=0 value=3001 datasetId=DBColumn: present=1 null=0 value=113001003 keyId=DBColumn: present=1 null=0 value=400130 matchCode=DBColumn: present=1 null=0 value=MTH
05/21/2026 12:24:55 DEBUG : Thread ID = 139648306579200:  Rule Matcher:   File = MatchAugmenter.cc:  Line = 1694:  Processed 19 records. 
05/21/2026 12:24:55 DEBUG : Thread ID = 139648306579200:  Rule Matcher:   File = MatchAugmenter.cc:  Line = 1647:  keyid : 550943, breakId : 3002

05/21/2026 12:24:55 DEBUG : Thread ID = 139648306579200:  Rule Matcher:   File = MatchAugmenter.cc:  Line = 1656:  Inserting 3002~113001003~'550943' into break matches map
05/21/2026 12:24:55 DEBUG : Thread ID = 139648306579200:  Rule Matcher:   File = MatchAugmenter.cc:  Line = 1680:  Inserted: 15RowBreakMatches:  breakId=DBColumn: present=1 null=0 value=3002 datasetId=DBColumn: present=1 null=0 value=113001003 keyId=DBColumn: present=1 null=0 value=550943 matchCode=DBColumn: present=1 null=0 value=MTH
05/21/2026 12:24:55 DEBUG : Thread ID = 139648306579200:  Rule Matcher:   File = MatchAugmenter.cc:  Line = 1694:  Processed 20 records. 
05/21/2026 12:24:55 DEBUG : Thread ID = 139648306579200:  Rule Matcher:   File = MatchAugmenter.cc:  Line = 1647:  keyid : 400009, breakId : 3004

05/21/2026 12:24:55 DEBUG : Thread ID = 139648306579200:  Rule Matcher:   File = MatchAugmenter.cc:  Line = 1656:  Inserting 3004~113001003~'400009' into break matches map
05/21/2026 12:24:55 DEBUG : Thread ID = 139648306579200:  Rule Matcher:   File = MatchAugmenter.cc:  Line = 1680:  Inserted: 15RowBreakMatches:  breakId=DBColumn: present=1 null=0 value=3004 datasetId=DBColumn: present=1 null=0 value=113001003 keyId=DBColumn: present=1 null=0 value=400009 matchCode=DBColumn: present=1 null=0 value=MTH
05/21/2026 12:24:55 DEBUG : Thread ID = 139648306579200:  Rule Matcher:   File = MatchAugmenter.cc:  Line = 1694:  Processed 21 records. 
05/21/2026 12:24:55 DEBUG : Thread ID = 139648306579200:  Rule Matcher:   File = MatchAugmenter.cc:  Line = 1647:  keyid : 450939, breakId : 3002

05/21/2026 12:24:55 DEBUG : Thread ID = 139648306579200:  Rule Matcher:   File = MatchAugmenter.cc:  Line = 1656:  Inserting 3002~113001003~'450939' into break matches map
05/21/2026 12:24:55 DEBUG : Thread ID = 139648306579200:  Rule Matcher:   File = MatchAugmenter.cc:  Line = 1680:  Inserted: 15RowBreakMatches:  breakId=DBColumn: present=1 null=0 value=3002 datasetId=DBColumn: present=1 null=0 value=113001003 keyId=DBColumn: present=1 null=0 value=450939 matchCode=DBColumn: present=1 null=0 value=MTH
05/21/2026 12:24:55 DEBUG : Thread ID = 139648306579200:  Rule Matcher:   File = MatchAugmenter.cc:  Line = 1694:  Processed 22 records. 
05/21/2026 12:24:55 DEBUG : Thread ID = 139648306579200:  Rule Matcher:   File = MatchAugmenter.cc:  Line = 1647:  keyid : 452401, breakId : 3003

05/21/2026 12:24:55 DEBUG : Thread ID = 139648306579200:  Rule Matcher:   File = MatchAugmenter.cc:  Line = 1656:  Inserting 3003~113001003~'452401' into break matches map
05/21/2026 12:24:55 DEBUG : Thread ID = 139648306579200:  Rule Matcher:   File = MatchAugmenter.cc:  Line = 1680:  Inserted: 15RowBreakMatches:  breakId=DBColumn: present=1 null=0 value=3003 datasetId=DBColumn: present=1 null=0 value=113001003 keyId=DBColumn: present=1 null=0 value=452401 matchCode=DBColumn: present=1 null=0 value=MTH
05/21/2026 12:24:55 DEBUG : Thread ID = 139648306579200:  Rule Matcher:   File = MatchAugmenter.cc:  Line = 1694:  Processed 23 records. 
05/21/2026 12:24:55 DEBUG : Thread ID = 139648306579200:  Rule Matcher:   File = MatchAugmenter.cc:  Line = 1647:  keyid : 552404, breakId : 3003

05/21/2026 12:24:55 DEBUG : Thread ID = 139648306579200:  Rule Matcher:   File = MatchAugmenter.cc:  Line = 1656:  Inserting 3003~113001003~'552404' into break matches map
05/21/2026 12:24:55 DEBUG : Thread ID = 139648306579200:  Rule Matcher:   File = MatchAugmenter.cc:  Line = 1680:  Inserted: 15RowBreakMatches:  breakId=DBColumn: present=1 null=0 value=3003 datasetId=DBColumn: present=1 null=0 value=113001003 keyId=DBColumn: present=1 null=0 value=552404 matchCode=DBColumn: present=1 null=0 value=MTH
05/21/2026 12:24:55 DEBUG : Thread ID = 139648306579200:  Rule Matcher:   File = MatchAugmenter.cc:  Line = 1694:  Processed 24 records. 
05/21/2026 12:24:55 DEBUG : Thread ID = 139648306579200:  Rule Matcher:   File = MatchAugmenter.cc:  Line = 1647:  keyid : 451624, breakId : 3005

05/21/2026 12:24:55 DEBUG : Thread ID = 139648306579200:  Rule Matcher:   File = MatchAugmenter.cc:  Line = 1656:  Inserting 3005~113001003~'451624' into break matches map
05/21/2026 12:24:55 DEBUG : Thread ID = 139648306579200:  Rule Matcher:   File = MatchAugmenter.cc:  Line = 1680:  Inserted: 15RowBreakMatches:  breakId=DBColumn: present=1 null=0 value=3005 datasetId=DBColumn: present=1 null=0 value=113001003 keyId=DBColumn: present=1 null=0 value=451624 matchCode=DBColumn: present=1 null=0 value=MTH
05/21/2026 12:24:55 DEBUG : Thread ID = 139648306579200:  Rule Matcher:   File = MatchAugmenter.cc:  Line = 1694:  Processed 25 records. 
05/21/2026 12:24:55 DEBUG : Thread ID = 139648306579200:  Rule Matcher:   File = MatchAugmenter.cc:  Line = 1647:  keyid : 451625, breakId : 3005

05/21/2026 12:24:55 DEBUG : Thread ID = 139648306579200:  Rule Matcher:   File = MatchAugmenter.cc:  Line = 1656:  Inserting 3005~113001003~'451625' into break matches map
05/21/2026 12:24:55 DEBUG : Thread ID = 139648306579200:  Rule Matcher:   File = MatchAugmenter.cc:  Line = 1680:  Inserted: 15RowBreakMatches:  breakId=DBColumn: present=1 null=0 value=3005 datasetId=DBColumn: present=1 null=0 value=113001003 keyId=DBColumn: present=1 null=0 value=451625 matchCode=DBColumn: present=1 null=0 value=MTH
05/21/2026 12:24:55 DEBUG : Thread ID = 139648306579200:  Rule Matcher:   File = MatchAugmenter.cc:  Line = 1694:  Processed 26 records. 
05/21/2026 12:24:55 DEBUG : Thread ID = 139648306579200:  Rule Matcher:   File = MatchAugmenter.cc:  Line = 1647:  keyid : 450941, breakId : 3002

05/21/2026 12:24:55 DEBUG : Thread ID = 139648306579200:  Rule Matcher:   File = MatchAugmenter.cc:  Line = 1656:  Inserting 3002~113001003~'450941' into break matches map
05/21/2026 12:24:55 DEBUG : Thread ID = 139648306579200:  Rule Matcher:   File = MatchAugmenter.cc:  Line = 1680:  Inserted: 15RowBreakMatches:  breakId=DBColumn: present=1 null=0 value=3002 datasetId=DBColumn: present=1 null=0 value=113001003 keyId=DBColumn: present=1 null=0 value=450941 matchCode=DBColumn: present=1 null=0 value=MTH
05/21/2026 12:24:55 DEBUG : Thread ID = 139648306579200:  Rule Matcher:   File = MatchAugmenter.cc:  Line = 1694:  Processed 27 records. 
05/21/2026 12:24:55 DEBUG : Thread ID = 139648306579200:  Rule Matcher:   File = MatchAugmenter.cc:  Line = 1647:  keyid : 552528, breakId : 3002

05/21/2026 12:24:55 DEBUG : Thread ID = 139648306579200:  Rule Matcher:   File = MatchAugmenter.cc:  Line = 1656:  Inserting 3002~113001003~'552528' into break matches map
05/21/2026 12:24:55 DEBUG : Thread ID = 139648306579200:  Rule Matcher:   File = MatchAugmenter.cc:  Line = 1680:  Inserted: 15RowBreakMatches:  breakId=DBColumn: present=1 null=0 value=3002 datasetId=DBColumn: present=1 null=0 value=113001003 keyId=DBColumn: present=1 null=0 value=552528 matchCode=DBColumn: present=1 null=0 value=MTH
05/21/2026 12:24:55 DEBUG : Thread ID = 139648306579200:  Rule Matcher:   File = MatchAugmenter.cc:  Line = 1694:  Processed 28 records. 
05/21/2026 12:24:55 DEBUG : Thread ID = 139648306579200:  Rule Matcher:   File = MatchAugmenter.cc:  Line = 1647:  keyid : 400008, breakId : 3004

05/21/2026 12:24:55 DEBUG : Thread ID = 139648306579200:  Rule Matcher:   File = MatchAugmenter.cc:  Line = 1656:  Inserting 3004~113001003~'400008' into break matches map
05/21/2026 12:24:55 DEBUG : Thread ID = 139648306579200:  Rule Matcher:   File = MatchAugmenter.cc:  Line = 1680:  Inserted: 15RowBreakMatches:  breakId=DBColumn: present=1 null=0 value=3004 datasetId=DBColumn: present=1 null=0 value=113001003 keyId=DBColumn: present=1 null=0 value=400008 matchCode=DBColumn: present=1 null=0 value=MTH
05/21/2026 12:24:55 DEBUG : Thread ID = 139648306579200:  Rule Matcher:   File = MatchAugmenter.cc:  Line = 1694:  Processed 29 records. 
05/21/2026 12:24:55 DEBUG : Thread ID = 139648306579200:  Rule Matcher:   File = MatchAugmenter.cc:  Line = 1647:  keyid : 551626, breakId : 3005

05/21/2026 12:24:55 DEBUG : Thread ID = 139648306579200:  Rule Matcher:   File = MatchAugmenter.cc:  Line = 1656:  Inserting 3005~113001003~'551626' into break matches map
05/21/2026 12:24:55 DEBUG : Thread ID = 139648306579200:  Rule Matcher:   File = MatchAugmenter.cc:  Line = 1680:  Inserted: 15RowBreakMatches:  breakId=DBColumn: present=1 null=0 value=3005 datasetId=DBColumn: present=1 null=0 value=113001003 keyId=DBColumn: present=1 null=0 value=551626 matchCode=DBColumn: present=1 null=0 value=MTH
05/21/2026 12:24:55 DEBUG : Thread ID = 139648306579200:  Rule Matcher:   File = MatchAugmenter.cc:  Line = 1694:  Processed 30 records. 
05/21/2026 12:24:55 DEBUG : Thread ID = 139648306579200:  Rule Matcher:   File = MatchAugmenter.cc:  Line = 1647:  keyid : 400131, breakId : 3001

05/21/2026 12:24:55 DEBUG : Thread ID = 139648306579200:  Rule Matcher:   File = MatchAugmenter.cc:  Line = 1656:  Inserting 3001~113001003~'400131' into break matches map
05/21/2026 12:24:55 DEBUG : Thread ID = 139648306579200:  Rule Matcher:   File = MatchAugmenter.cc:  Line = 1680:  Inserted: 15RowBreakMatches:  breakId=DBColumn: present=1 null=0 value=3001 datasetId=DBColumn: present=1 null=0 value=113001003 keyId=DBColumn: present=1 null=0 value=400131 matchCode=DBColumn: present=1 null=0 value=MTH
05/21/2026 12:24:55 DEBUG : Thread ID = 139648306579200:  Rule Matcher:   File = MatchAugmenter.cc:  Line = 1694:  Processed 31 records. 
05/21/2026 12:24:55 DEBUG : Thread ID = 139648306579200:  Rule Matcher:   File = MatchAugmenter.cc:  Line = 1647:  keyid : 550942, breakId : 3002

05/21/2026 12:24:55 DEBUG : Thread ID = 139648306579200:  Rule Matcher:   File = MatchAugmenter.cc:  Line = 1656:  Inserting 3002~113001003~'550942' into break matches map
05/21/2026 12:24:55 DEBUG : Thread ID = 139648306579200:  Rule Matcher:   File = MatchAugmenter.cc:  Line = 1680:  Inserted: 15RowBreakMatches:  breakId=DBColumn: present=1 null=0 value=3002 datasetId=DBColumn: present=1 null=0 value=113001003 keyId=DBColumn: present=1 null=0 value=550942 matchCode=DBColumn: present=1 null=0 value=MTH
05/21/2026 12:24:55 DEBUG : Thread ID = 139648306579200:  Rule Matcher:   File = MatchAugmenter.cc:  Line = 1694:  Processed 32 records. 
05/21/2026 12:24:55 DEBUG : Thread ID = 139648306579200:  Rule Matcher:   File = MatchAugmenter.cc:  Line = 1647:  keyid : 500009, breakId : 3004

05/21/2026 12:24:55 DEBUG : Thread ID = 139648306579200:  Rule Matcher:   File = MatchAugmenter.cc:  Line = 1656:  Inserting 3004~113001003~'500009' into break matches map
05/21/2026 12:24:55 DEBUG : Thread ID = 139648306579200:  Rule Matcher:   File = MatchAugmenter.cc:  Line = 1680:  Inserted: 15RowBreakMatches:  breakId=DBColumn: present=1 null=0 value=3004 datasetId=DBColumn: present=1 null=0 value=113001003 keyId=DBColumn: present=1 null=0 value=500009 matchCode=DBColumn: present=1 null=0 value=MTH
05/21/2026 12:24:55 DEBUG : Thread ID = 139648306579200:  Rule Matcher:   File = MatchAugmenter.cc:  Line = 1694:  Processed 33 records. 
05/21/2026 12:24:55 DEBUG : Thread ID = 139648306579200:  Rule Matcher:   File = MatchAugmenter.cc:  Line = 1647:  keyid : 551627, breakId : 3005

05/21/2026 12:24:55 DEBUG : Thread ID = 139648306579200:  Rule Matcher:   File = MatchAugmenter.cc:  Line = 1656:  Inserting 3005~113001003~'551627' into break matches map
05/21/2026 12:24:55 DEBUG : Thread ID = 139648306579200:  Rule Matcher:   File = MatchAugmenter.cc:  Line = 1680:  Inserted: 15RowBreakMatches:  breakId=DBColumn: present=1 null=0 value=3005 datasetId=DBColumn: present=1 null=0 value=113001003 keyId=DBColumn: present=1 null=0 value=551627 matchCode=DBColumn: present=1 null=0 value=MTH
05/21/2026 12:24:55 DEBUG : Thread ID = 139648306579200:  Rule Matcher:   File = MatchAugmenter.cc:  Line = 1694:  Processed 34 records. 
05/21/2026 12:24:55 DEBUG : Thread ID = 139648306579200:  Rule Matcher:   File = MatchAugmenter.cc:  Line = 1628:  SELECT  distinct s.ACCT_SMRY_SEQ_ID, b.BREAK_ID FROM  BREAK_TEMP21101 b JOIN (SELECT bm.KEY_ID, bm.BREAK_ID FROM BREAK_MTCHS_TEMP21101 bm WHERE bm.DATASET_ID = 113001001) x1 on (b.BREAK_ID = x1.BREAK_ID) JOIN (SELECT st.ACCT_INTRL_ID JOIN_FIELD, st.ACCT_SEQ_ID KEY_ID FROM FCCMATOMIC.ACCT st) x2 on (x1.KEY_ID = x2.KEY_ID) JOIN FCCMATOMIC.ACCT_SMRY_MNTH s on (x2.JOIN_FIELD = s.ACCT_INTRL_ID)
05/21/2026 12:24:55 DEBUG : Thread ID = 139648306579200:  Rule Matcher:   File = MatchAugmenter.cc:  Line = 1647:  keyid : 108623, breakId : 3002

05/21/2026 12:24:55 DEBUG : Thread ID = 139648306579200:  Rule Matcher:   File = MatchAugmenter.cc:  Line = 1656:  Inserting 3002~113001015~'108623' into break matches map
05/21/2026 12:24:55 DEBUG : Thread ID = 139648306579200:  Rule Matcher:   File = MatchAugmenter.cc:  Line = 1680:  Inserted: 15RowBreakMatches:  breakId=DBColumn: present=1 null=0 value=3002 datasetId=DBColumn: present=1 null=0 value=113001015 keyId=DBColumn: present=1 null=0 value=108623 matchCode=DBColumn: present=1 null=0 value=MTH
05/21/2026 12:24:55 DEBUG : Thread ID = 139648306579200:  Rule Matcher:   File = MatchAugmenter.cc:  Line = 1694:  Processed 1 records. 
05/21/2026 12:24:55 DEBUG : Thread ID = 139648306579200:  Rule Matcher:   File = MatchAugmenter.cc:  Line = 1647:  keyid : 33113, breakId : 3003

05/21/2026 12:24:55 DEBUG : Thread ID = 139648306579200:  Rule Matcher:   File = MatchAugmenter.cc:  Line = 1656:  Inserting 3003~113001015~'33113' into break matches map
05/21/2026 12:24:55 DEBUG : Thread ID = 139648306579200:  Rule Matcher:   File = MatchAugmenter.cc:  Line = 1680:  Inserted: 15RowBreakMatches:  breakId=DBColumn: present=1 null=0 value=3003 datasetId=DBColumn: present=1 null=0 value=113001015 keyId=DBColumn: present=1 null=0 value=33113 matchCode=DBColumn: present=1 null=0 value=MTH
05/21/2026 12:24:55 DEBUG : Thread ID = 139648306579200:  Rule Matcher:   File = MatchAugmenter.cc:  Line = 1694:  Processed 2 records. 
05/21/2026 12:24:55 DEBUG : Thread ID = 139648306579200:  Rule Matcher:   File = MatchAugmenter.cc:  Line = 1647:  keyid : 13878, breakId : 3003

05/21/2026 12:24:55 DEBUG : Thread ID = 139648306579200:  Rule Matcher:   File = MatchAugmenter.cc:  Line = 1656:  Inserting 3003~113001015~'13878' into break matches map
05/21/2026 12:24:55 DEBUG : Thread ID = 139648306579200:  Rule Matcher:   File = MatchAugmenter.cc:  Line = 1680:  Inserted: 15RowBreakMatches:  breakId=DBColumn: present=1 null=0 value=3003 datasetId=DBColumn: present=1 null=0 value=113001015 keyId=DBColumn: present=1 null=0 value=13878 matchCode=DBColumn: present=1 null=0 value=MTH
05/21/2026 12:24:55 DEBUG : Thread ID = 139648306579200:  Rule Matcher:   File = MatchAugmenter.cc:  Line = 1694:  Processed 3 records. 
05/21/2026 12:24:55 DEBUG : Thread ID = 139648306579200:  Rule Matcher:   File = MatchAugmenter.cc:  Line = 1647:  keyid : 110084, breakId : 3003

05/21/2026 12:24:55 DEBUG : Thread ID = 139648306579200:  Rule Matcher:   File = MatchAugmenter.cc:  Line = 1656:  Inserting 3003~113001015~'110084' into break matches map
05/21/2026 12:24:55 DEBUG : Thread ID = 139648306579200:  Rule Matcher:   File = MatchAugmenter.cc:  Line = 1680:  Inserted: 15RowBreakMatches:  breakId=DBColumn: present=1 null=0 value=3003 datasetId=DBColumn: present=1 null=0 value=113001015 keyId=DBColumn: present=1 null=0 value=110084 matchCode=DBColumn: present=1 null=0 value=MTH
05/21/2026 12:24:55 DEBUG : Thread ID = 139648306579200:  Rule Matcher:   File = MatchAugmenter.cc:  Line = 1694:  Processed 4 records. 
05/21/2026 12:24:55 DEBUG : Thread ID = 139648306579200:  Rule Matcher:   File = MatchAugmenter.cc:  Line = 1647:  keyid : 100130, breakId : 3001

05/21/2026 12:24:55 DEBUG : Thread ID = 139648306579200:  Rule Matcher:   File = MatchAugmenter.cc:  Line = 1656:  Inserting 3001~113001015~'100130' into break matches map
05/21/2026 12:24:55 DEBUG : Thread ID = 139648306579200:  Rule Matcher:   File = MatchAugmenter.cc:  Line = 1680:  Inserted: 15RowBreakMatches:  breakId=DBColumn: present=1 null=0 value=3001 datasetId=DBColumn: present=1 null=0 value=113001015 keyId=DBColumn: present=1 null=0 value=100130 matchCode=DBColumn: present=1 null=0 value=MTH
05/21/2026 12:24:55 DEBUG : Thread ID = 139648306579200:  Rule Matcher:   File = MatchAugmenter.cc:  Line = 1694:  Processed 5 records. 
05/21/2026 12:24:55 DEBUG : Thread ID = 139648306579200:  Rule Matcher:   File = MatchAugmenter.cc:  Line = 1647:  keyid : 100132, breakId : 3001

05/21/2026 12:24:55 DEBUG : Thread ID = 139648306579200:  Rule Matcher:   File = MatchAugmenter.cc:  Line = 1656:  Inserting 3001~113001015~'100132' into break matches map
05/21/2026 12:24:55 DEBUG : Thread ID = 139648306579200:  Rule Matcher:   File = MatchAugmenter.cc:  Line = 1680:  Inserted: 15RowBreakMatches:  breakId=DBColumn: present=1 null=0 value=3001 datasetId=DBColumn: present=1 null=0 value=113001015 keyId=DBColumn: present=1 null=0 value=100132 matchCode=DBColumn: present=1 null=0 value=MTH
05/21/2026 12:24:55 DEBUG : Thread ID = 139648306579200:  Rule Matcher:   File = MatchAugmenter.cc:  Line = 1694:  Processed 6 records. 
05/21/2026 12:24:55 DEBUG : Thread ID = 139648306579200:  Rule Matcher:   File = MatchAugmenter.cc:  Line = 1647:  keyid : 12417, breakId : 3002

05/21/2026 12:24:55 DEBUG : Thread ID = 139648306579200:  Rule Matcher:   File = MatchAugmenter.cc:  Line = 1656:  Inserting 3002~113001015~'12417' into break matches map
05/21/2026 12:24:55 DEBUG : Thread ID = 139648306579200:  Rule Matcher:   File = MatchAugmenter.cc:  Line = 1680:  Inserted: 15RowBreakMatches:  breakId=DBColumn: present=1 null=0 value=3002 datasetId=DBColumn: present=1 null=0 value=113001015 keyId=DBColumn: present=1 null=0 value=12417 matchCode=DBColumn: present=1 null=0 value=MTH
05/21/2026 12:24:55 DEBUG : Thread ID = 139648306579200:  Rule Matcher:   File = MatchAugmenter.cc:  Line = 1694:  Processed 7 records. 
05/21/2026 12:24:55 DEBUG : Thread ID = 139648306579200:  Rule Matcher:   File = MatchAugmenter.cc:  Line = 1647:  keyid : 14002, breakId : 3002

05/21/2026 12:24:55 DEBUG : Thread ID = 139648306579200:  Rule Matcher:   File = MatchAugmenter.cc:  Line = 1656:  Inserting 3002~113001015~'14002' into break matches map
05/21/2026 12:24:55 DEBUG : Thread ID = 139648306579200:  Rule Matcher:   File = MatchAugmenter.cc:  Line = 1680:  Inserted: 15RowBreakMatches:  breakId=DBColumn: present=1 null=0 value=3002 datasetId=DBColumn: present=1 null=0 value=113001015 keyId=DBColumn: present=1 null=0 value=14002 matchCode=DBColumn: present=1 null=0 value=MTH
05/21/2026 12:24:55 DEBUG : Thread ID = 139648306579200:  Rule Matcher:   File = MatchAugmenter.cc:  Line = 1694:  Processed 8 records. 
05/21/2026 12:24:55 DEBUG : Thread ID = 139648306579200:  Rule Matcher:   File = MatchAugmenter.cc:  Line = 1647:  keyid : 34470, breakId : 3002

05/21/2026 12:24:55 DEBUG : Thread ID = 139648306579200:  Rule Matcher:   File = MatchAugmenter.cc:  Line = 1656:  Inserting 3002~113001015~'34470' into break matches map
05/21/2026 12:24:55 DEBUG : Thread ID = 139648306579200:  Rule Matcher:   File = MatchAugmenter.cc:  Line = 1680:  Inserted: 15RowBreakMatches:  breakId=DBColumn: present=1 null=0 value=3002 datasetId=DBColumn: present=1 null=0 value=113001015 keyId=DBColumn: present=1 null=0 value=34470 matchCode=DBColumn: present=1 null=0 value=MTH
05/21/2026 12:24:55 DEBUG : Thread ID = 139648306579200:  Rule Matcher:   File = MatchAugmenter.cc:  Line = 1694:  Processed 9 records. 
05/21/2026 12:24:55 DEBUG : Thread ID = 139648306579200:  Rule Matcher:   File = MatchAugmenter.cc:  Line = 1647:  keyid : 100010, breakId : 3004

05/21/2026 12:24:55 DEBUG : Thread ID = 139648306579200:  Rule Matcher:   File = MatchAugmenter.cc:  Line = 1656:  Inserting 3004~113001015~'100010' into break matches map
05/21/2026 12:24:55 DEBUG : Thread ID = 139648306579200:  Rule Matcher:   File = MatchAugmenter.cc:  Line = 1680:  Inserted: 15RowBreakMatches:  breakId=DBColumn: present=1 null=0 value=3004 datasetId=DBColumn: present=1 null=0 value=113001015 keyId=DBColumn: present=1 null=0 value=100010 matchCode=DBColumn: present=1 null=0 value=MTH
05/21/2026 12:24:55 DEBUG : Thread ID = 139648306579200:  Rule Matcher:   File = MatchAugmenter.cc:  Line = 1694:  Processed 10 records. 
05/21/2026 12:24:55 DEBUG : Thread ID = 139648306579200:  Rule Matcher:   File = MatchAugmenter.cc:  Line = 1647:  keyid : 13101, breakId : 3005

05/21/2026 12:24:55 DEBUG : Thread ID = 139648306579200:  Rule Matcher:   File = MatchAugmenter.cc:  Line = 1656:  Inserting 3005~113001015~'13101' into break matches map
05/21/2026 12:24:55 DEBUG : Thread ID = 139648306579200:  Rule Matcher:   File = MatchAugmenter.cc:  Line = 1680:  Inserted: 15RowBreakMatches:  breakId=DBColumn: present=1 null=0 value=3005 datasetId=DBColumn: present=1 null=0 value=113001015 keyId=DBColumn: present=1 null=0 value=13101 matchCode=DBColumn: present=1 null=0 value=MTH
05/21/2026 12:24:55 DEBUG : Thread ID = 139648306579200:  Rule Matcher:   File = MatchAugmenter.cc:  Line = 1694:  Processed 11 records. 
05/21/2026 12:24:55 DEBUG : Thread ID = 139648306579200:  Rule Matcher:   File = MatchAugmenter.cc:  Line = 1647:  keyid : 13102, breakId : 3005

05/21/2026 12:24:55 DEBUG : Thread ID = 139648306579200:  Rule Matcher:   File = MatchAugmenter.cc:  Line = 1656:  Inserting 3005~113001015~'13102' into break matches map
05/21/2026 12:24:55 DEBUG : Thread ID = 139648306579200:  Rule Matcher:   File = MatchAugmenter.cc:  Line = 1680:  Inserted: 15RowBreakMatches:  breakId=DBColumn: present=1 null=0 value=3005 datasetId=DBColumn: present=1 null=0 value=113001015 keyId=DBColumn: present=1 null=0 value=13102 matchCode=DBColumn: present=1 null=0 value=MTH
05/21/2026 12:24:55 DEBUG : Thread ID = 139648306579200:  Rule Matcher:   File = MatchAugmenter.cc:  Line = 1694:  Processed 12 records. 
05/21/2026 12:24:55 DEBUG : Thread ID = 139648306579200:  Rule Matcher:   File = MatchAugmenter.cc:  Line = 1647:  keyid : 3925, breakId : 3001

05/21/2026 12:24:55 DEBUG : Thread ID = 139648306579200:  Rule Matcher:   File = MatchAugmenter.cc:  Line = 1656:  Inserting 3001~113001015~'3925' into break matches map
05/21/2026 12:24:55 DEBUG : Thread ID = 139648306579200:  Rule Matcher:   File = MatchAugmenter.cc:  Line = 1680:  Inserted: 15RowBreakMatches:  breakId=DBColumn: present=1 null=0 value=3001 datasetId=DBColumn: present=1 null=0 value=113001015 keyId=DBColumn: present=1 null=0 value=3925 matchCode=DBColumn: present=1 null=0 value=MTH
05/21/2026 12:24:55 DEBUG : Thread ID = 139648306579200:  Rule Matcher:   File = MatchAugmenter.cc:  Line = 1694:  Processed 13 records. 
05/21/2026 12:24:55 DEBUG : Thread ID = 139648306579200:  Rule Matcher:   File = MatchAugmenter.cc:  Line = 1647:  keyid : 108622, breakId : 3002

05/21/2026 12:24:55 DEBUG : Thread ID = 139648306579200:  Rule Matcher:   File = MatchAugmenter.cc:  Line = 1656:  Inserting 3002~113001015~'108622' into break matches map
05/21/2026 12:24:55 DEBUG : Thread ID = 139648306579200:  Rule Matcher:   File = MatchAugmenter.cc:  Line = 1680:  Inserted: 15RowBreakMatches:  breakId=DBColumn: present=1 null=0 value=3002 datasetId=DBColumn: present=1 null=0 value=113001015 keyId=DBColumn: present=1 null=0 value=108622 matchCode=DBColumn: present=1 null=0 value=MTH
05/21/2026 12:24:55 DEBUG : Thread ID = 139648306579200:  Rule Matcher:   File = MatchAugmenter.cc:  Line = 1694:  Processed 14 records. 
05/21/2026 12:24:55 DEBUG : Thread ID = 139648306579200:  Rule Matcher:   File = MatchAugmenter.cc:  Line = 1647:  keyid : 110208, breakId : 3002

05/21/2026 12:24:55 DEBUG : Thread ID = 139648306579200:  Rule Matcher:   File = MatchAugmenter.cc:  Line = 1656:  Inserting 3002~113001015~'110208' into break matches map
05/21/2026 12:24:55 DEBUG : Thread ID = 139648306579200:  Rule Matcher:   File = MatchAugmenter.cc:  Line = 1680:  Inserted: 15RowBreakMatches:  breakId=DBColumn: present=1 null=0 value=3002 datasetId=DBColumn: present=1 null=0 value=113001015 keyId=DBColumn: present=1 null=0 value=110208 matchCode=DBColumn: present=1 null=0 value=MTH
05/21/2026 12:24:55 DEBUG : Thread ID = 139648306579200:  Rule Matcher:   File = MatchAugmenter.cc:  Line = 1694:  Processed 15 records. 
05/21/2026 12:24:55 DEBUG : Thread ID = 139648306579200:  Rule Matcher:   File = MatchAugmenter.cc:  Line = 1647:  keyid : 33112, breakId : 3003

05/21/2026 12:24:55 DEBUG : Thread ID = 139648306579200:  Rule Matcher:   File = MatchAugmenter.cc:  Line = 1656:  Inserting 3003~113001015~'33112' into break matches map
05/21/2026 12:24:55 DEBUG : Thread ID = 139648306579200:  Rule Matcher:   File = MatchAugmenter.cc:  Line = 1680:  Inserted: 15RowBreakMatches:  breakId=DBColumn: present=1 null=0 value=3003 datasetId=DBColumn: present=1 null=0 value=113001015 keyId=DBColumn: present=1 null=0 value=33112 matchCode=DBColumn: present=1 null=0 value=MTH
05/21/2026 12:24:55 DEBUG : Thread ID = 139648306579200:  Rule Matcher:   File = MatchAugmenter.cc:  Line = 1694:  Processed 16 records. 
05/21/2026 12:24:55 DEBUG : Thread ID = 139648306579200:  Rule Matcher:   File = MatchAugmenter.cc:  Line = 1647:  keyid : 108851, breakId : 3003

05/21/2026 12:24:55 DEBUG : Thread ID = 139648306579200:  Rule Matcher:   File = MatchAugmenter.cc:  Line = 1656:  Inserting 3003~113001015~'108851' into break matches map
05/21/2026 12:24:55 DEBUG : Thread ID = 139648306579200:  Rule Matcher:   File = MatchAugmenter.cc:  Line = 1680:  Inserted: 15RowBreakMatches:  breakId=DBColumn: present=1 null=0 value=3003 datasetId=DBColumn: present=1 null=0 value=113001015 keyId=DBColumn: present=1 null=0 value=108851 matchCode=DBColumn: present=1 null=0 value=MTH
05/21/2026 12:24:55 DEBUG : Thread ID = 139648306579200:  Rule Matcher:   File = MatchAugmenter.cc:  Line = 1694:  Processed 17 records. 
05/21/2026 12:24:55 DEBUG : Thread ID = 139648306579200:  Rule Matcher:   File = MatchAugmenter.cc:  Line = 1647:  keyid : 109306, breakId : 3005

05/21/2026 12:24:55 DEBUG : Thread ID = 139648306579200:  Rule Matcher:   File = MatchAugmenter.cc:  Line = 1656:  Inserting 3005~113001015~'109306' into break matches map
05/21/2026 12:24:55 DEBUG : Thread ID = 139648306579200:  Rule Matcher:   File = MatchAugmenter.cc:  Line = 1680:  Inserted: 15RowBreakMatches:  breakId=DBColumn: present=1 null=0 value=3005 datasetId=DBColumn: present=1 null=0 value=113001015 keyId=DBColumn: present=1 null=0 value=109306 matchCode=DBColumn: present=1 null=0 value=MTH
05/21/2026 12:24:55 DEBUG : Thread ID = 139648306579200:  Rule Matcher:   File = MatchAugmenter.cc:  Line = 1694:  Processed 18 records. 
05/21/2026 12:24:55 DEBUG : Thread ID = 139648306579200:  Rule Matcher:   File = MatchAugmenter.cc:  Line = 1647:  keyid : 33569, breakId : 3005

05/21/2026 12:24:55 DEBUG : Thread ID = 139648306579200:  Rule Matcher:   File = MatchAugmenter.cc:  Line = 1656:  Inserting 3005~113001015~'33569' into break matches map
05/21/2026 12:24:55 DEBUG : Thread ID = 139648306579200:  Rule Matcher:   File = MatchAugmenter.cc:  Line = 1680:  Inserted: 15RowBreakMatches:  breakId=DBColumn: present=1 null=0 value=3005 datasetId=DBColumn: present=1 null=0 value=113001015 keyId=DBColumn: present=1 null=0 value=33569 matchCode=DBColumn: present=1 null=0 value=MTH
05/21/2026 12:24:55 DEBUG : Thread ID = 139648306579200:  Rule Matcher:   File = MatchAugmenter.cc:  Line = 1694:  Processed 19 records. 
05/21/2026 12:24:55 DEBUG : Thread ID = 139648306579200:  Rule Matcher:   File = MatchAugmenter.cc:  Line = 1647:  keyid : 109307, breakId : 3005

05/21/2026 12:24:55 DEBUG : Thread ID = 139648306579200:  Rule Matcher:   File = MatchAugmenter.cc:  Line = 1656:  Inserting 3005~113001015~'109307' into break matches map
05/21/2026 12:24:55 DEBUG : Thread ID = 139648306579200:  Rule Matcher:   File = MatchAugmenter.cc:  Line = 1680:  Inserted: 15RowBreakMatches:  breakId=DBColumn: present=1 null=0 value=3005 datasetId=DBColumn: present=1 null=0 value=113001015 keyId=DBColumn: present=1 null=0 value=109307 matchCode=DBColumn: present=1 null=0 value=MTH
05/21/2026 12:24:55 DEBUG : Thread ID = 139648306579200:  Rule Matcher:   File = MatchAugmenter.cc:  Line = 1694:  Processed 20 records. 
05/21/2026 12:24:55 DEBUG : Thread ID = 139648306579200:  Rule Matcher:   File = MatchAugmenter.cc:  Line = 1647:  keyid : 24393, breakId : 3001

05/21/2026 12:24:55 DEBUG : Thread ID = 139648306579200:  Rule Matcher:   File = MatchAugmenter.cc:  Line = 1656:  Inserting 3001~113001015~'24393' into break matches map
05/21/2026 12:24:55 DEBUG : Thread ID = 139648306579200:  Rule Matcher:   File = MatchAugmenter.cc:  Line = 1680:  Inserted: 15RowBreakMatches:  breakId=DBColumn: present=1 null=0 value=3001 datasetId=DBColumn: present=1 null=0 value=113001015 keyId=DBColumn: present=1 null=0 value=24393 matchCode=DBColumn: present=1 null=0 value=MTH
05/21/2026 12:24:55 DEBUG : Thread ID = 139648306579200:  Rule Matcher:   File = MatchAugmenter.cc:  Line = 1694:  Processed 21 records. 
05/21/2026 12:24:55 DEBUG : Thread ID = 139648306579200:  Rule Matcher:   File = MatchAugmenter.cc:  Line = 1647:  keyid : 24394, breakId : 3001

05/21/2026 12:24:55 DEBUG : Thread ID = 139648306579200:  Rule Matcher:   File = MatchAugmenter.cc:  Line = 1656:  Inserting 3001~113001015~'24394' into break matches map
05/21/2026 12:24:55 DEBUG : Thread ID = 139648306579200:  Rule Matcher:   File = MatchAugmenter.cc:  Line = 1680:  Inserted: 15RowBreakMatches:  breakId=DBColumn: present=1 null=0 value=3001 datasetId=DBColumn: present=1 null=0 value=113001015 keyId=DBColumn: present=1 null=0 value=24394 matchCode=DBColumn: present=1 null=0 value=MTH
05/21/2026 12:24:55 DEBUG : Thread ID = 139648306579200:  Rule Matcher:   File = MatchAugmenter.cc:  Line = 1694:  Processed 22 records. 
05/21/2026 12:24:55 DEBUG : Thread ID = 139648306579200:  Rule Matcher:   File = MatchAugmenter.cc:  Line = 1647:  keyid : 12416, breakId : 3002

05/21/2026 12:24:55 DEBUG : Thread ID = 139648306579200:  Rule Matcher:   File = MatchAugmenter.cc:  Line = 1656:  Inserting 3002~113001015~'12416' into break matches map
05/21/2026 12:24:55 DEBUG : Thread ID = 139648306579200:  Rule Matcher:   File = MatchAugmenter.cc:  Line = 1680:  Inserted: 15RowBreakMatches:  breakId=DBColumn: present=1 null=0 value=3002 datasetId=DBColumn: present=1 null=0 value=113001015 keyId=DBColumn: present=1 null=0 value=12416 matchCode=DBColumn: present=1 null=0 value=MTH
05/21/2026 12:24:55 DEBUG : Thread ID = 139648306579200:  Rule Matcher:   File = MatchAugmenter.cc:  Line = 1694:  Processed 23 records. 
05/21/2026 12:24:55 DEBUG : Thread ID = 139648306579200:  Rule Matcher:   File = MatchAugmenter.cc:  Line = 1647:  keyid : 32886, breakId : 3002

05/21/2026 12:24:55 DEBUG : Thread ID = 139648306579200:  Rule Matcher:   File = MatchAugmenter.cc:  Line = 1656:  Inserting 3002~113001015~'32886' into break matches map
05/21/2026 12:24:55 DEBUG : Thread ID = 139648306579200:  Rule Matcher:   File = MatchAugmenter.cc:  Line = 1680:  Inserted: 15RowBreakMatches:  breakId=DBColumn: present=1 null=0 value=3002 datasetId=DBColumn: present=1 null=0 value=113001015 keyId=DBColumn: present=1 null=0 value=32886 matchCode=DBColumn: present=1 null=0 value=MTH
05/21/2026 12:24:55 DEBUG : Thread ID = 139648306579200:  Rule Matcher:   File = MatchAugmenter.cc:  Line = 1694:  Processed 24 records. 
05/21/2026 12:24:55 DEBUG : Thread ID = 139648306579200:  Rule Matcher:   File = MatchAugmenter.cc:  Line = 1647:  keyid : 24272, breakId : 3004

05/21/2026 12:24:55 DEBUG : Thread ID = 139648306579200:  Rule Matcher:   File = MatchAugmenter.cc:  Line = 1656:  Inserting 3004~113001015~'24272' into break matches map
05/21/2026 12:24:55 DEBUG : Thread ID = 139648306579200:  Rule Matcher:   File = MatchAugmenter.cc:  Line = 1680:  Inserted: 15RowBreakMatches:  breakId=DBColumn: present=1 null=0 value=3004 datasetId=DBColumn: present=1 null=0 value=113001015 keyId=DBColumn: present=1 null=0 value=24272 matchCode=DBColumn: present=1 null=0 value=MTH
05/21/2026 12:24:55 DEBUG : Thread ID = 139648306579200:  Rule Matcher:   File = MatchAugmenter.cc:  Line = 1694:  Processed 25 records. 
05/21/2026 12:24:55 DEBUG : Thread ID = 139648306579200:  Rule Matcher:   File = MatchAugmenter.cc:  Line = 1647:  keyid : 13100, breakId : 3005

05/21/2026 12:24:55 DEBUG : Thread ID = 139648306579200:  Rule Matcher:   File = MatchAugmenter.cc:  Line = 1656:  Inserting 3005~113001015~'13100' into break matches map
05/21/2026 12:24:55 DEBUG : Thread ID = 139648306579200:  Rule Matcher:   File = MatchAugmenter.cc:  Line = 1680:  Inserted: 15RowBreakMatches:  breakId=DBColumn: present=1 null=0 value=3005 datasetId=DBColumn: present=1 null=0 value=113001015 keyId=DBColumn: present=1 null=0 value=13100 matchCode=DBColumn: present=1 null=0 value=MTH
05/21/2026 12:24:55 DEBUG : Thread ID = 139648306579200:  Rule Matcher:   File = MatchAugmenter.cc:  Line = 1694:  Processed 26 records. 
05/21/2026 12:24:55 DEBUG : Thread ID = 139648306579200:  Rule Matcher:   File = MatchAugmenter.cc:  Line = 1647:  keyid : 3924, breakId : 3001

05/21/2026 12:24:55 DEBUG : Thread ID = 139648306579200:  Rule Matcher:   File = MatchAugmenter.cc:  Line = 1656:  Inserting 3001~113001015~'3924' into break matches map
05/21/2026 12:24:55 DEBUG : Thread ID = 139648306579200:  Rule Matcher:   File = MatchAugmenter.cc:  Line = 1680:  Inserted: 15RowBreakMatches:  breakId=DBColumn: present=1 null=0 value=3001 datasetId=DBColumn: present=1 null=0 value=113001015 keyId=DBColumn: present=1 null=0 value=3924 matchCode=DBColumn: present=1 null=0 value=MTH
05/21/2026 12:24:55 DEBUG : Thread ID = 139648306579200:  Rule Matcher:   File = MatchAugmenter.cc:  Line = 1694:  Processed 27 records. 
05/21/2026 12:24:55 DEBUG : Thread ID = 139648306579200:  Rule Matcher:   File = MatchAugmenter.cc:  Line = 1647:  keyid : 32884, breakId : 3002

05/21/2026 12:24:55 DEBUG : Thread ID = 139648306579200:  Rule Matcher:   File = MatchAugmenter.cc:  Line = 1656:  Inserting 3002~113001015~'32884' into break matches map
05/21/2026 12:24:55 DEBUG : Thread ID = 139648306579200:  Rule Matcher:   File = MatchAugmenter.cc:  Line = 1680:  Inserted: 15RowBreakMatches:  breakId=DBColumn: present=1 null=0 value=3002 datasetId=DBColumn: present=1 null=0 value=113001015 keyId=DBColumn: present=1 null=0 value=32884 matchCode=DBColumn: present=1 null=0 value=MTH
05/21/2026 12:24:55 DEBUG : Thread ID = 139648306579200:  Rule Matcher:   File = MatchAugmenter.cc:  Line = 1694:  Processed 28 records. 
05/21/2026 12:24:55 DEBUG : Thread ID = 139648306579200:  Rule Matcher:   File = MatchAugmenter.cc:  Line = 1647:  keyid : 12418, breakId : 3002

05/21/2026 12:24:55 DEBUG : Thread ID = 139648306579200:  Rule Matcher:   File = MatchAugmenter.cc:  Line = 1656:  Inserting 3002~113001015~'12418' into break matches map
05/21/2026 12:24:55 DEBUG : Thread ID = 139648306579200:  Rule Matcher:   File = MatchAugmenter.cc:  Line = 1680:  Inserted: 15RowBreakMatches:  breakId=DBColumn: present=1 null=0 value=3002 datasetId=DBColumn: present=1 null=0 value=113001015 keyId=DBColumn: present=1 null=0 value=12418 matchCode=DBColumn: present=1 null=0 value=MTH
05/21/2026 12:24:55 DEBUG : Thread ID = 139648306579200:  Rule Matcher:   File = MatchAugmenter.cc:  Line = 1694:  Processed 29 records. 
05/21/2026 12:24:55 DEBUG : Thread ID = 139648306579200:  Rule Matcher:   File = MatchAugmenter.cc:  Line = 1647:  keyid : 108852, breakId : 3003

05/21/2026 12:24:55 DEBUG : Thread ID = 139648306579200:  Rule Matcher:   File = MatchAugmenter.cc:  Line = 1656:  Inserting 3003~113001015~'108852' into break matches map
05/21/2026 12:24:55 DEBUG : Thread ID = 139648306579200:  Rule Matcher:   File = MatchAugmenter.cc:  Line = 1680:  Inserted: 15RowBreakMatches:  breakId=DBColumn: present=1 null=0 value=3003 datasetId=DBColumn: present=1 null=0 value=113001015 keyId=DBColumn: present=1 null=0 value=108852 matchCode=DBColumn: present=1 null=0 value=MTH
05/21/2026 12:24:55 DEBUG : Thread ID = 139648306579200:  Rule Matcher:   File = MatchAugmenter.cc:  Line = 1694:  Processed 30 records. 
05/21/2026 12:24:55 DEBUG : Thread ID = 139648306579200:  Rule Matcher:   File = MatchAugmenter.cc:  Line = 1647:  keyid : 34346, breakId : 3003

05/21/2026 12:24:55 DEBUG : Thread ID = 139648306579200:  Rule Matcher:   File = MatchAugmenter.cc:  Line = 1656:  Inserting 3003~113001015~'34346' into break matches map
05/21/2026 12:24:55 DEBUG : Thread ID = 139648306579200:  Rule Matcher:   File = MatchAugmenter.cc:  Line = 1680:  Inserted: 15RowBreakMatches:  breakId=DBColumn: present=1 null=0 value=3003 datasetId=DBColumn: present=1 null=0 value=113001015 keyId=DBColumn: present=1 null=0 value=34346 matchCode=DBColumn: present=1 null=0 value=MTH
05/21/2026 12:24:55 DEBUG : Thread ID = 139648306579200:  Rule Matcher:   File = MatchAugmenter.cc:  Line = 1694:  Processed 31 records. 
05/21/2026 12:24:55 DEBUG : Thread ID = 139648306579200:  Rule Matcher:   File = MatchAugmenter.cc:  Line = 1647:  keyid : 24270, breakId : 3004

05/21/2026 12:24:55 DEBUG : Thread ID = 139648306579200:  Rule Matcher:   File = MatchAugmenter.cc:  Line = 1656:  Inserting 3004~113001015~'24270' into break matches map
05/21/2026 12:24:55 DEBUG : Thread ID = 139648306579200:  Rule Matcher:   File = MatchAugmenter.cc:  Line = 1680:  Inserted: 15RowBreakMatches:  breakId=DBColumn: present=1 null=0 value=3004 datasetId=DBColumn: present=1 null=0 value=113001015 keyId=DBColumn: present=1 null=0 value=24270 matchCode=DBColumn: present=1 null=0 value=MTH
05/21/2026 12:24:55 DEBUG : Thread ID = 139648306579200:  Rule Matcher:   File = MatchAugmenter.cc:  Line = 1694:  Processed 32 records. 
05/21/2026 12:24:55 DEBUG : Thread ID = 139648306579200:  Rule Matcher:   File = MatchAugmenter.cc:  Line = 1647:  keyid : 100008, breakId : 3004

05/21/2026 12:24:55 DEBUG : Thread ID = 139648306579200:  Rule Matcher:   File = MatchAugmenter.cc:  Line = 1656:  Inserting 3004~113001015~'100008' into break matches map
05/21/2026 12:24:55 DEBUG : Thread ID = 139648306579200:  Rule Matcher:   File = MatchAugmenter.cc:  Line = 1680:  Inserted: 15RowBreakMatches:  breakId=DBColumn: present=1 null=0 value=3004 datasetId=DBColumn: present=1 null=0 value=113001015 keyId=DBColumn: present=1 null=0 value=100008 matchCode=DBColumn: present=1 null=0 value=MTH
05/21/2026 12:24:55 DEBUG : Thread ID = 139648306579200:  Rule Matcher:   File = MatchAugmenter.cc:  Line = 1694:  Processed 33 records. 
05/21/2026 12:24:55 DEBUG : Thread ID = 139648306579200:  Rule Matcher:   File = MatchAugmenter.cc:  Line = 1647:  keyid : 3803, breakId : 3004

05/21/2026 12:24:55 DEBUG : Thread ID = 139648306579200:  Rule Matcher:   File = MatchAugmenter.cc:  Line = 1656:  Inserting 3004~113001015~'3803' into break matches map
05/21/2026 12:24:55 DEBUG : Thread ID = 139648306579200:  Rule Matcher:   File = MatchAugmenter.cc:  Line = 1680:  Inserted: 15RowBreakMatches:  breakId=DBColumn: present=1 null=0 value=3004 datasetId=DBColumn: present=1 null=0 value=113001015 keyId=DBColumn: present=1 null=0 value=3803 matchCode=DBColumn: present=1 null=0 value=MTH
05/21/2026 12:24:55 DEBUG : Thread ID = 139648306579200:  Rule Matcher:   File = MatchAugmenter.cc:  Line = 1694:  Processed 34 records. 
05/21/2026 12:24:55 DEBUG : Thread ID = 139648306579200:  Rule Matcher:   File = MatchAugmenter.cc:  Line = 1647:  keyid : 33568, breakId : 3005

05/21/2026 12:24:55 DEBUG : Thread ID = 139648306579200:  Rule Matcher:   File = MatchAugmenter.cc:  Line = 1656:  Inserting 3005~113001015~'33568' into break matches map
05/21/2026 12:24:55 DEBUG : Thread ID = 139648306579200:  Rule Matcher:   File = MatchAugmenter.cc:  Line = 1680:  Inserted: 15RowBreakMatches:  breakId=DBColumn: present=1 null=0 value=3005 datasetId=DBColumn: present=1 null=0 value=113001015 keyId=DBColumn: present=1 null=0 value=33568 matchCode=DBColumn: present=1 null=0 value=MTH
05/21/2026 12:24:55 DEBUG : Thread ID = 139648306579200:  Rule Matcher:   File = MatchAugmenter.cc:  Line = 1694:  Processed 35 records. 
05/21/2026 12:24:55 DEBUG : Thread ID = 139648306579200:  Rule Matcher:   File = MatchAugmenter.cc:  Line = 1647:  keyid : 24392, breakId : 3001

05/21/2026 12:24:55 DEBUG : Thread ID = 139648306579200:  Rule Matcher:   File = MatchAugmenter.cc:  Line = 1656:  Inserting 3001~113001015~'24392' into break matches map
05/21/2026 12:24:55 DEBUG : Thread ID = 139648306579200:  Rule Matcher:   File = MatchAugmenter.cc:  Line = 1680:  Inserted: 15RowBreakMatches:  breakId=DBColumn: present=1 null=0 value=3001 datasetId=DBColumn: present=1 null=0 value=113001015 keyId=DBColumn: present=1 null=0 value=24392 matchCode=DBColumn: present=1 null=0 value=MTH
05/21/2026 12:24:55 DEBUG : Thread ID = 139648306579200:  Rule Matcher:   File = MatchAugmenter.cc:  Line = 1694:  Processed 36 records. 
05/21/2026 12:24:55 DEBUG : Thread ID = 139648306579200:  Rule Matcher:   File = MatchAugmenter.cc:  Line = 1647:  keyid : 108850, breakId : 3003

05/21/2026 12:24:55 DEBUG : Thread ID = 139648306579200:  Rule Matcher:   File = MatchAugmenter.cc:  Line = 1656:  Inserting 3003~113001015~'108850' into break matches map
05/21/2026 12:24:55 DEBUG : Thread ID = 139648306579200:  Rule Matcher:   File = MatchAugmenter.cc:  Line = 1680:  Inserted: 15RowBreakMatches:  breakId=DBColumn: present=1 null=0 value=3003 datasetId=DBColumn: present=1 null=0 value=113001015 keyId=DBColumn: present=1 null=0 value=108850 matchCode=DBColumn: present=1 null=0 value=MTH
05/21/2026 12:24:55 DEBUG : Thread ID = 139648306579200:  Rule Matcher:   File = MatchAugmenter.cc:  Line = 1694:  Processed 37 records. 
05/21/2026 12:24:55 DEBUG : Thread ID = 139648306579200:  Rule Matcher:   File = MatchAugmenter.cc:  Line = 1647:  keyid : 12645, breakId : 3003

05/21/2026 12:24:55 DEBUG : Thread ID = 139648306579200:  Rule Matcher:   File = MatchAugmenter.cc:  Line = 1656:  Inserting 3003~113001015~'12645' into break matches map
05/21/2026 12:24:55 DEBUG : Thread ID = 139648306579200:  Rule Matcher:   File = MatchAugmenter.cc:  Line = 1680:  Inserted: 15RowBreakMatches:  breakId=DBColumn: present=1 null=0 value=3003 datasetId=DBColumn: present=1 null=0 value=113001015 keyId=DBColumn: present=1 null=0 value=12645 matchCode=DBColumn: present=1 null=0 value=MTH
05/21/2026 12:24:55 DEBUG : Thread ID = 139648306579200:  Rule Matcher:   File = MatchAugmenter.cc:  Line = 1694:  Processed 38 records. 
05/21/2026 12:24:55 DEBUG : Thread ID = 139648306579200:  Rule Matcher:   File = MatchAugmenter.cc:  Line = 1647:  keyid : 100009, breakId : 3004

05/21/2026 12:24:55 DEBUG : Thread ID = 139648306579200:  Rule Matcher:   File = MatchAugmenter.cc:  Line = 1656:  Inserting 3004~113001015~'100009' into break matches map
05/21/2026 12:24:55 DEBUG : Thread ID = 139648306579200:  Rule Matcher:   File = MatchAugmenter.cc:  Line = 1680:  Inserted: 15RowBreakMatches:  breakId=DBColumn: present=1 null=0 value=3004 datasetId=DBColumn: present=1 null=0 value=113001015 keyId=DBColumn: present=1 null=0 value=100009 matchCode=DBColumn: present=1 null=0 value=MTH
05/21/2026 12:24:55 DEBUG : Thread ID = 139648306579200:  Rule Matcher:   File = MatchAugmenter.cc:  Line = 1694:  Processed 39 records. 
05/21/2026 12:24:55 DEBUG : Thread ID = 139648306579200:  Rule Matcher:   File = MatchAugmenter.cc:  Line = 1647:  keyid : 3804, breakId : 3004

05/21/2026 12:24:55 DEBUG : Thread ID = 139648306579200:  Rule Matcher:   File = MatchAugmenter.cc:  Line = 1656:  Inserting 3004~113001015~'3804' into break matches map
05/21/2026 12:24:55 DEBUG : Thread ID = 139648306579200:  Rule Matcher:   File = MatchAugmenter.cc:  Line = 1680:  Inserted: 15RowBreakMatches:  breakId=DBColumn: present=1 null=0 value=3004 datasetId=DBColumn: present=1 null=0 value=113001015 keyId=DBColumn: present=1 null=0 value=3804 matchCode=DBColumn: present=1 null=0 value=MTH
05/21/2026 12:24:55 DEBUG : Thread ID = 139648306579200:  Rule Matcher:   File = MatchAugmenter.cc:  Line = 1694:  Processed 40 records. 
05/21/2026 12:24:55 DEBUG : Thread ID = 139648306579200:  Rule Matcher:   File = MatchAugmenter.cc:  Line = 1647:  keyid : 33570, breakId : 3005

05/21/2026 12:24:55 DEBUG : Thread ID = 139648306579200:  Rule Matcher:   File = MatchAugmenter.cc:  Line = 1656:  Inserting 3005~113001015~'33570' into break matches map
05/21/2026 12:24:55 DEBUG : Thread ID = 139648306579200:  Rule Matcher:   File = MatchAugmenter.cc:  Line = 1680:  Inserted: 15RowBreakMatches:  breakId=DBColumn: present=1 null=0 value=3005 datasetId=DBColumn: present=1 null=0 value=113001015 keyId=DBColumn: present=1 null=0 value=33570 matchCode=DBColumn: present=1 null=0 value=MTH
05/21/2026 12:24:55 DEBUG : Thread ID = 139648306579200:  Rule Matcher:   File = MatchAugmenter.cc:  Line = 1694:  Processed 41 records. 
05/21/2026 12:24:55 DEBUG : Thread ID = 139648306579200:  Rule Matcher:   File = MatchAugmenter.cc:  Line = 1647:  keyid : 100131, breakId : 3001

05/21/2026 12:24:55 DEBUG : Thread ID = 139648306579200:  Rule Matcher:   File = MatchAugmenter.cc:  Line = 1656:  Inserting 3001~113001015~'100131' into break matches map
05/21/2026 12:24:55 DEBUG : Thread ID = 139648306579200:  Rule Matcher:   File = MatchAugmenter.cc:  Line = 1680:  Inserted: 15RowBreakMatches:  breakId=DBColumn: present=1 null=0 value=3001 datasetId=DBColumn: present=1 null=0 value=113001015 keyId=DBColumn: present=1 null=0 value=100131 matchCode=DBColumn: present=1 null=0 value=MTH
05/21/2026 12:24:55 DEBUG : Thread ID = 139648306579200:  Rule Matcher:   File = MatchAugmenter.cc:  Line = 1694:  Processed 42 records. 
05/21/2026 12:24:55 DEBUG : Thread ID = 139648306579200:  Rule Matcher:   File = MatchAugmenter.cc:  Line = 1647:  keyid : 3926, breakId : 3001

05/21/2026 12:24:55 DEBUG : Thread ID = 139648306579200:  Rule Matcher:   File = MatchAugmenter.cc:  Line = 1656:  Inserting 3001~113001015~'3926' into break matches map
05/21/2026 12:24:55 DEBUG : Thread ID = 139648306579200:  Rule Matcher:   File = MatchAugmenter.cc:  Line = 1680:  Inserted: 15RowBreakMatches:  breakId=DBColumn: present=1 null=0 value=3001 datasetId=DBColumn: present=1 null=0 value=113001015 keyId=DBColumn: present=1 null=0 value=3926 matchCode=DBColumn: present=1 null=0 value=MTH
05/21/2026 12:24:55 DEBUG : Thread ID = 139648306579200:  Rule Matcher:   File = MatchAugmenter.cc:  Line = 1694:  Processed 43 records. 
05/21/2026 12:24:55 DEBUG : Thread ID = 139648306579200:  Rule Matcher:   File = MatchAugmenter.cc:  Line = 1647:  keyid : 32885, breakId : 3002

05/21/2026 12:24:55 DEBUG : Thread ID = 139648306579200:  Rule Matcher:   File = MatchAugmenter.cc:  Line = 1656:  Inserting 3002~113001015~'32885' into break matches map
05/21/2026 12:24:55 DEBUG : Thread ID = 139648306579200:  Rule Matcher:   File = MatchAugmenter.cc:  Line = 1680:  Inserted: 15RowBreakMatches:  breakId=DBColumn: present=1 null=0 value=3002 datasetId=DBColumn: present=1 null=0 value=113001015 keyId=DBColumn: present=1 null=0 value=32885 matchCode=DBColumn: present=1 null=0 value=MTH
05/21/2026 12:24:55 DEBUG : Thread ID = 139648306579200:  Rule Matcher:   File = MatchAugmenter.cc:  Line = 1694:  Processed 44 records. 
05/21/2026 12:24:55 DEBUG : Thread ID = 139648306579200:  Rule Matcher:   File = MatchAugmenter.cc:  Line = 1647:  keyid : 108624, breakId : 3002

05/21/2026 12:24:55 DEBUG : Thread ID = 139648306579200:  Rule Matcher:   File = MatchAugmenter.cc:  Line = 1656:  Inserting 3002~113001015~'108624' into break matches map
05/21/2026 12:24:55 DEBUG : Thread ID = 139648306579200:  Rule Matcher:   File = MatchAugmenter.cc:  Line = 1680:  Inserted: 15RowBreakMatches:  breakId=DBColumn: present=1 null=0 value=3002 datasetId=DBColumn: present=1 null=0 value=113001015 keyId=DBColumn: present=1 null=0 value=108624 matchCode=DBColumn: present=1 null=0 value=MTH
05/21/2026 12:24:55 DEBUG : Thread ID = 139648306579200:  Rule Matcher:   File = MatchAugmenter.cc:  Line = 1694:  Processed 45 records. 
05/21/2026 12:24:55 DEBUG : Thread ID = 139648306579200:  Rule Matcher:   File = MatchAugmenter.cc:  Line = 1647:  keyid : 33114, breakId : 3003

05/21/2026 12:24:55 DEBUG : Thread ID = 139648306579200:  Rule Matcher:   File = MatchAugmenter.cc:  Line = 1656:  Inserting 3003~113001015~'33114' into break matches map
05/21/2026 12:24:55 DEBUG : Thread ID = 139648306579200:  Rule Matcher:   File = MatchAugmenter.cc:  Line = 1680:  Inserted: 15RowBreakMatches:  breakId=DBColumn: present=1 null=0 value=3003 datasetId=DBColumn: present=1 null=0 value=113001015 keyId=DBColumn: present=1 null=0 value=33114 matchCode=DBColumn: present=1 null=0 value=MTH
05/21/2026 12:24:55 DEBUG : Thread ID = 139648306579200:  Rule Matcher:   File = MatchAugmenter.cc:  Line = 1694:  Processed 46 records. 
05/21/2026 12:24:55 DEBUG : Thread ID = 139648306579200:  Rule Matcher:   File = MatchAugmenter.cc:  Line = 1647:  keyid : 24271, breakId : 3004

05/21/2026 12:24:55 DEBUG : Thread ID = 139648306579200:  Rule Matcher:   File = MatchAugmenter.cc:  Line = 1656:  Inserting 3004~113001015~'24271' into break matches map
05/21/2026 12:24:55 DEBUG : Thread ID = 139648306579200:  Rule Matcher:   File = MatchAugmenter.cc:  Line = 1680:  Inserted: 15RowBreakMatches:  breakId=DBColumn: present=1 null=0 value=3004 datasetId=DBColumn: present=1 null=0 value=113001015 keyId=DBColumn: present=1 null=0 value=24271 matchCode=DBColumn: present=1 null=0 value=MTH
05/21/2026 12:24:55 DEBUG : Thread ID = 139648306579200:  Rule Matcher:   File = MatchAugmenter.cc:  Line = 1694:  Processed 47 records. 
05/21/2026 12:24:55 DEBUG : Thread ID = 139648306579200:  Rule Matcher:   File = MatchAugmenter.cc:  Line = 1647:  keyid : 12644, breakId : 3003

05/21/2026 12:24:55 DEBUG : Thread ID = 139648306579200:  Rule Matcher:   File = MatchAugmenter.cc:  Line = 1656:  Inserting 3003~113001015~'12644' into break matches map
05/21/2026 12:24:55 DEBUG : Thread ID = 139648306579200:  Rule Matcher:   File = MatchAugmenter.cc:  Line = 1680:  Inserted: 15RowBreakMatches:  breakId=DBColumn: present=1 null=0 value=3003 datasetId=DBColumn: present=1 null=0 value=113001015 keyId=DBColumn: present=1 null=0 value=12644 matchCode=DBColumn: present=1 null=0 value=MTH
05/21/2026 12:24:55 DEBUG : Thread ID = 139648306579200:  Rule Matcher:   File = MatchAugmenter.cc:  Line = 1694:  Processed 48 records. 
05/21/2026 12:24:55 DEBUG : Thread ID = 139648306579200:  Rule Matcher:   File = MatchAugmenter.cc:  Line = 1647:  keyid : 12646, breakId : 3003

05/21/2026 12:24:55 DEBUG : Thread ID = 139648306579200:  Rule Matcher:   File = MatchAugmenter.cc:  Line = 1656:  Inserting 3003~113001015~'12646' into break matches map
05/21/2026 12:24:55 DEBUG : Thread ID = 139648306579200:  Rule Matcher:   File = MatchAugmenter.cc:  Line = 1680:  Inserted: 15RowBreakMatches:  breakId=DBColumn: present=1 null=0 value=3003 datasetId=DBColumn: present=1 null=0 value=113001015 keyId=DBColumn: present=1 null=0 value=12646 matchCode=DBColumn: present=1 null=0 value=MTH
05/21/2026 12:24:55 DEBUG : Thread ID = 139648306579200:  Rule Matcher:   File = MatchAugmenter.cc:  Line = 1694:  Processed 49 records. 
05/21/2026 12:24:55 DEBUG : Thread ID = 139648306579200:  Rule Matcher:   File = MatchAugmenter.cc:  Line = 1647:  keyid : 3802, breakId : 3004

05/21/2026 12:24:55 DEBUG : Thread ID = 139648306579200:  Rule Matcher:   File = MatchAugmenter.cc:  Line = 1656:  Inserting 3004~113001015~'3802' into break matches map
05/21/2026 12:24:55 DEBUG : Thread ID = 139648306579200:  Rule Matcher:   File = MatchAugmenter.cc:  Line = 1680:  Inserted: 15RowBreakMatches:  breakId=DBColumn: present=1 null=0 value=3004 datasetId=DBColumn: present=1 null=0 value=113001015 keyId=DBColumn: present=1 null=0 value=3802 matchCode=DBColumn: present=1 null=0 value=MTH
05/21/2026 12:24:55 DEBUG : Thread ID = 139648306579200:  Rule Matcher:   File = MatchAugmenter.cc:  Line = 1694:  Processed 50 records. 
05/21/2026 12:24:55 DEBUG : Thread ID = 139648306579200:  Rule Matcher:   File = MatchAugmenter.cc:  Line = 1647:  keyid : 109308, breakId : 3005

05/21/2026 12:24:55 DEBUG : Thread ID = 139648306579200:  Rule Matcher:   File = MatchAugmenter.cc:  Line = 1656:  Inserting 3005~113001015~'109308' into break matches map
05/21/2026 12:24:55 DEBUG : Thread ID = 139648306579200:  Rule Matcher:   File = MatchAugmenter.cc:  Line = 1680:  Inserted: 15RowBreakMatches:  breakId=DBColumn: present=1 null=0 value=3005 datasetId=DBColumn: present=1 null=0 value=113001015 keyId=DBColumn: present=1 null=0 value=109308 matchCode=DBColumn: present=1 null=0 value=MTH
05/21/2026 12:24:55 DEBUG : Thread ID = 139648306579200:  Rule Matcher:   File = MatchAugmenter.cc:  Line = 1694:  Processed 51 records. 
05/21/2026 12:24:55 DEBUG : Thread ID = 139648306579200:  Rule Matcher:   File = MatchAugmenter.cc:  Line = 1628:  SELECT  distinct s.NVSMT_MGR_SEQ_ID, b.BREAK_ID FROM  BREAK_TEMP21101 b JOIN (SELECT bm.KEY_ID, bm.BREAK_ID FROM BREAK_MTCHS_TEMP21101 bm WHERE bm.DATASET_ID = 113001001) x1 on (b.BREAK_ID = x1.BREAK_ID) JOIN (SELECT st.ACCT_INTRL_ID JOIN_FIELD, st.ACCT_SEQ_ID KEY_ID FROM FCCMATOMIC.ACCT st) x2 on (x1.KEY_ID = x2.KEY_ID) JOIN fccmatomic.DSVIEW114000656 s on (x2.JOIN_FIELD = s.ACCT_INTRL_ID)
05/21/2026 12:24:55 DEBUG : Thread ID = 139648306579200:  Rule Matcher:   File = MatchAugmenter.cc:  Line = 1628:  SELECT  distinct s.EMP_ACCT_SEQ_ID, b.BREAK_ID FROM  BREAK_TEMP21101 b JOIN (SELECT bm.KEY_ID, bm.BREAK_ID FROM BREAK_MTCHS_TEMP21101 bm WHERE bm.DATASET_ID = 113001001) x1 on (b.BREAK_ID = x1.BREAK_ID) JOIN (SELECT st.ACCT_INTRL_ID JOIN_FIELD, st.ACCT_SEQ_ID KEY_ID FROM FCCMATOMIC.ACCT st) x2 on (x1.KEY_ID = x2.KEY_ID) JOIN FCCMATOMIC.EMP_ACCT s on (x2.JOIN_FIELD = s.ACCT_INTRL_ID)
05/21/2026 12:24:55 DEBUG : Thread ID = 139648306579200:  Rule Matcher:   File = MatchAugmenter.cc:  Line = 693:  DROP TABLE BREAK_TEMP21101
05/21/2026 12:24:55 DEBUG : Thread ID = 139648306579200:  Rule Matcher:   File = MatchAugmenter.cc:  Line = 707:  DROP TABLE BREAK_MTCHS_TEMP21101
05/21/2026 12:24:55 DEBUG : Thread ID = 139648306579200:  Rule Matcher:   File = MatchAugmenter.cc:  Line = 720:  DROP TABLE BREAK_BINDG_TEMP21101
05/21/2026 12:24:56 INFO : Thread ID = 139648306579200:  Rule Matcher:   File = WriteToDBAction.cc:  Line = 332:  Writing matches to the database
05/21/2026 12:24:56 INFO : Thread ID = 139648306579200:  Rule Matcher:   File = WriteToDBAction.cc:  Line = 342:  Inserting 5 records into KDD_BREAK. 
05/21/2026 12:24:56 DEBUG : Thread ID = 139648306579200:  Rule Matcher:   File = TableBreak.cc:  Line = 262:  INSERT INTO fccmatomic.KDD_BREAK(BREAK_ID,PRNT_BREAK_ID,ROOT_BREAK_ID,PTTRN_ID,RUN_ID,CREAT_ID,DPSTN_CD,BREAK_MATCH_CT,FIRST_DATA_DT,LAST_DATA_DT,SCORE_CT,PREV_MATCH_CT,PREV_MATCH_CT_ALL,PREV_MATCH_CT_SM_SCNRO_CLASS,PRCSNG_BATCH_NM,TSHLD_SET_ID,HILGT_TX,SCORE_TX,TSHLD_TX) VALUES(:BREAK_ID, :PRNT_BREAK_ID, :ROOT_BREAK_ID, :PTTRN_ID, :RUN_ID, :CREAT_ID, :DPSTN_CD, :BREAK_MATCH_CT, :FIRST_DATA_DT, :LAST_DATA_DT, :SCORE_CT, :PREV_MATCH_CT, :PREV_MATCH_CT_ALL, :PREV_MATCH_CT_SM_SCNRO_CLASS, :PRCSNG_BATCH_NM,:TSHLD_SET_ID, :HILGT_TX, :SCORE_TX, :TSHLD_TX)
05/21/2026 12:24:56 DEBUG : Thread ID = 139648306579200:  Rule Matcher:   File = TableBreak.cc:  Line = 432:  INSERT INTO fccmatomic.KDD_BREAK(BREAK_ID,PRNT_BREAK_ID,ROOT_BREAK_ID,PTTRN_ID,RUN_ID,CREAT_ID,DPSTN_CD,BREAK_MATCH_CT,FIRST_DATA_DT,LAST_DATA_DT,SCORE_CT,PREV_MATCH_CT,PREV_MATCH_CT_ALL,PREV_MATCH_CT_SM_SCNRO_CLASS,PRCSNG_BATCH_NM,TSHLD_SET_ID,HILGT_TX,SCORE_TX,TSHLD_TX) VALUES(:BREAK_ID, :PRNT_BREAK_ID, :ROOT_BREAK_ID, :PTTRN_ID, :RUN_ID, :CREAT_ID, :DPSTN_CD, :BREAK_MATCH_CT, :FIRST_DATA_DT, :LAST_DATA_DT, :SCORE_CT, :PREV_MATCH_CT, :PREV_MATCH_CT_ALL, :PREV_MATCH_CT_SM_SCNRO_CLASS, :PRCSNG_BATCH_NM,:TSHLD_SET_ID, :HILGT_TX, :SCORE_TX, :TSHLD_TX)
05/21/2026 12:24:56 DEBUG : Thread ID = 139648306579200:  Rule Matcher:   File = TableBreak.cc:  Line = 262:  INSERT INTO fccmatomic.KDD_BREAK(BREAK_ID,PRNT_BREAK_ID,ROOT_BREAK_ID,PTTRN_ID,RUN_ID,CREAT_ID,DPSTN_CD,BREAK_MATCH_CT,FIRST_DATA_DT,LAST_DATA_DT,SCORE_CT,PREV_MATCH_CT,PREV_MATCH_CT_ALL,PREV_MATCH_CT_SM_SCNRO_CLASS,PRCSNG_BATCH_NM,TSHLD_SET_ID,HILGT_TX,SCORE_TX,TSHLD_TX) VALUES(:BREAK_ID, :PRNT_BREAK_ID, :ROOT_BREAK_ID, :PTTRN_ID, :RUN_ID, :CREAT_ID, :DPSTN_CD, :BREAK_MATCH_CT, :FIRST_DATA_DT, :LAST_DATA_DT, :SCORE_CT, :PREV_MATCH_CT, :PREV_MATCH_CT_ALL, :PREV_MATCH_CT_SM_SCNRO_CLASS, :PRCSNG_BATCH_NM,:TSHLD_SET_ID, :HILGT_TX, :SCORE_TX, :TSHLD_TX)
05/21/2026 12:24:56 DEBUG : Thread ID = 139648306579200:  Rule Matcher:   File = TableBreak.cc:  Line = 432:  INSERT INTO fccmatomic.KDD_BREAK(BREAK_ID,PRNT_BREAK_ID,ROOT_BREAK_ID,PTTRN_ID,RUN_ID,CREAT_ID,DPSTN_CD,BREAK_MATCH_CT,FIRST_DATA_DT,LAST_DATA_DT,SCORE_CT,PREV_MATCH_CT,PREV_MATCH_CT_ALL,PREV_MATCH_CT_SM_SCNRO_CLASS,PRCSNG_BATCH_NM,TSHLD_SET_ID,HILGT_TX,SCORE_TX,TSHLD_TX) VALUES(:BREAK_ID, :PRNT_BREAK_ID, :ROOT_BREAK_ID, :PTTRN_ID, :RUN_ID, :CREAT_ID, :DPSTN_CD, :BREAK_MATCH_CT, :FIRST_DATA_DT, :LAST_DATA_DT, :SCORE_CT, :PREV_MATCH_CT, :PREV_MATCH_CT_ALL, :PREV_MATCH_CT_SM_SCNRO_CLASS, :PRCSNG_BATCH_NM,:TSHLD_SET_ID, :HILGT_TX, :SCORE_TX, :TSHLD_TX)
05/21/2026 12:24:56 DEBUG : Thread ID = 139648306579200:  Rule Matcher:   File = TableBreak.cc:  Line = 262:  INSERT INTO fccmatomic.KDD_BREAK(BREAK_ID,PRNT_BREAK_ID,ROOT_BREAK_ID,PTTRN_ID,RUN_ID,CREAT_ID,DPSTN_CD,BREAK_MATCH_CT,FIRST_DATA_DT,LAST_DATA_DT,SCORE_CT,PREV_MATCH_CT,PREV_MATCH_CT_ALL,PREV_MATCH_CT_SM_SCNRO_CLASS,PRCSNG_BATCH_NM,TSHLD_SET_ID,HILGT_TX,SCORE_TX,TSHLD_TX) VALUES(:BREAK_ID, :PRNT_BREAK_ID, :ROOT_BREAK_ID, :PTTRN_ID, :RUN_ID, :CREAT_ID, :DPSTN_CD, :BREAK_MATCH_CT, :FIRST_DATA_DT, :LAST_DATA_DT, :SCORE_CT, :PREV_MATCH_CT, :PREV_MATCH_CT_ALL, :PREV_MATCH_CT_SM_SCNRO_CLASS, :PRCSNG_BATCH_NM,:TSHLD_SET_ID, :HILGT_TX, :SCORE_TX, :TSHLD_TX)
05/21/2026 12:24:56 DEBUG : Thread ID = 139648306579200:  Rule Matcher:   File = TableBreak.cc:  Line = 432:  INSERT INTO fccmatomic.KDD_BREAK(BREAK_ID,PRNT_BREAK_ID,ROOT_BREAK_ID,PTTRN_ID,RUN_ID,CREAT_ID,DPSTN_CD,BREAK_MATCH_CT,FIRST_DATA_DT,LAST_DATA_DT,SCORE_CT,PREV_MATCH_CT,PREV_MATCH_CT_ALL,PREV_MATCH_CT_SM_SCNRO_CLASS,PRCSNG_BATCH_NM,TSHLD_SET_ID,HILGT_TX,SCORE_TX,TSHLD_TX) VALUES(:BREAK_ID, :PRNT_BREAK_ID, :ROOT_BREAK_ID, :PTTRN_ID, :RUN_ID, :CREAT_ID, :DPSTN_CD, :BREAK_MATCH_CT, :FIRST_DATA_DT, :LAST_DATA_DT, :SCORE_CT, :PREV_MATCH_CT, :PREV_MATCH_CT_ALL, :PREV_MATCH_CT_SM_SCNRO_CLASS, :PRCSNG_BATCH_NM,:TSHLD_SET_ID, :HILGT_TX, :SCORE_TX, :TSHLD_TX)
05/21/2026 12:24:56 DEBUG : Thread ID = 139648306579200:  Rule Matcher:   File = TableBreak.cc:  Line = 262:  INSERT INTO fccmatomic.KDD_BREAK(BREAK_ID,PRNT_BREAK_ID,ROOT_BREAK_ID,PTTRN_ID,RUN_ID,CREAT_ID,DPSTN_CD,BREAK_MATCH_CT,FIRST_DATA_DT,LAST_DATA_DT,SCORE_CT,PREV_MATCH_CT,PREV_MATCH_CT_ALL,PREV_MATCH_CT_SM_SCNRO_CLASS,PRCSNG_BATCH_NM,TSHLD_SET_ID,HILGT_TX,SCORE_TX,TSHLD_TX) VALUES(:BREAK_ID, :PRNT_BREAK_ID, :ROOT_BREAK_ID, :PTTRN_ID, :RUN_ID, :CREAT_ID, :DPSTN_CD, :BREAK_MATCH_CT, :FIRST_DATA_DT, :LAST_DATA_DT, :SCORE_CT, :PREV_MATCH_CT, :PREV_MATCH_CT_ALL, :PREV_MATCH_CT_SM_SCNRO_CLASS, :PRCSNG_BATCH_NM,:TSHLD_SET_ID, :HILGT_TX, :SCORE_TX, :TSHLD_TX)
05/21/2026 12:24:56 DEBUG : Thread ID = 139648306579200:  Rule Matcher:   File = TableBreak.cc:  Line = 432:  INSERT INTO fccmatomic.KDD_BREAK(BREAK_ID,PRNT_BREAK_ID,ROOT_BREAK_ID,PTTRN_ID,RUN_ID,CREAT_ID,DPSTN_CD,BREAK_MATCH_CT,FIRST_DATA_DT,LAST_DATA_DT,SCORE_CT,PREV_MATCH_CT,PREV_MATCH_CT_ALL,PREV_MATCH_CT_SM_SCNRO_CLASS,PRCSNG_BATCH_NM,TSHLD_SET_ID,HILGT_TX,SCORE_TX,TSHLD_TX) VALUES(:BREAK_ID, :PRNT_BREAK_ID, :ROOT_BREAK_ID, :PTTRN_ID, :RUN_ID, :CREAT_ID, :DPSTN_CD, :BREAK_MATCH_CT, :FIRST_DATA_DT, :LAST_DATA_DT, :SCORE_CT, :PREV_MATCH_CT, :PREV_MATCH_CT_ALL, :PREV_MATCH_CT_SM_SCNRO_CLASS, :PRCSNG_BATCH_NM,:TSHLD_SET_ID, :HILGT_TX, :SCORE_TX, :TSHLD_TX)
05/21/2026 12:24:56 DEBUG : Thread ID = 139648306579200:  Rule Matcher:   File = TableBreak.cc:  Line = 262:  INSERT INTO fccmatomic.KDD_BREAK(BREAK_ID,PRNT_BREAK_ID,ROOT_BREAK_ID,PTTRN_ID,RUN_ID,CREAT_ID,DPSTN_CD,BREAK_MATCH_CT,FIRST_DATA_DT,LAST_DATA_DT,SCORE_CT,PREV_MATCH_CT,PREV_MATCH_CT_ALL,PREV_MATCH_CT_SM_SCNRO_CLASS,PRCSNG_BATCH_NM,TSHLD_SET_ID,HILGT_TX,SCORE_TX,TSHLD_TX) VALUES(:BREAK_ID, :PRNT_BREAK_ID, :ROOT_BREAK_ID, :PTTRN_ID, :RUN_ID, :CREAT_ID, :DPSTN_CD, :BREAK_MATCH_CT, :FIRST_DATA_DT, :LAST_DATA_DT, :SCORE_CT, :PREV_MATCH_CT, :PREV_MATCH_CT_ALL, :PREV_MATCH_CT_SM_SCNRO_CLASS, :PRCSNG_BATCH_NM,:TSHLD_SET_ID, :HILGT_TX, :SCORE_TX, :TSHLD_TX)
05/21/2026 12:24:56 DEBUG : Thread ID = 139648306579200:  Rule Matcher:   File = TableBreak.cc:  Line = 432:  INSERT INTO fccmatomic.KDD_BREAK(BREAK_ID,PRNT_BREAK_ID,ROOT_BREAK_ID,PTTRN_ID,RUN_ID,CREAT_ID,DPSTN_CD,BREAK_MATCH_CT,FIRST_DATA_DT,LAST_DATA_DT,SCORE_CT,PREV_MATCH_CT,PREV_MATCH_CT_ALL,PREV_MATCH_CT_SM_SCNRO_CLASS,PRCSNG_BATCH_NM,TSHLD_SET_ID,HILGT_TX,SCORE_TX,TSHLD_TX) VALUES(:BREAK_ID, :PRNT_BREAK_ID, :ROOT_BREAK_ID, :PTTRN_ID, :RUN_ID, :CREAT_ID, :DPSTN_CD, :BREAK_MATCH_CT, :FIRST_DATA_DT, :LAST_DATA_DT, :SCORE_CT, :PREV_MATCH_CT, :PREV_MATCH_CT_ALL, :PREV_MATCH_CT_SM_SCNRO_CLASS, :PRCSNG_BATCH_NM,:TSHLD_SET_ID, :HILGT_TX, :SCORE_TX, :TSHLD_TX)
05/21/2026 12:24:56 INFO : Thread ID = 139648306579200:  Rule Matcher:   File = WriteToDBAction.cc:  Line = 412:  Inserting 100 records into KDD_BREAK_BINDING. 
05/21/2026 12:24:56 DEBUG : Thread ID = 139648306579200:  Rule Matcher:   File = TableBreakBinding.cc:  Line = 96:  INSERT INTO fccmatomic.KDD_BREAK_BINDING (BREAK_ID,BINDG_NM,VALUE_TX) VALUES(:BREAK_ID, :BINDING_NM, :VALUE_TX)
05/21/2026 12:24:57 DEBUG : Thread ID = 139648306579200:  Rule Matcher:   File = TableBreakBinding.cc:  Line = 168:  INSERT INTO fccmatomic.KDD_BREAK_BINDING (BREAK_ID,BINDG_NM,VALUE_TX) VALUES(:BREAK_ID, :BINDING_NM, :VALUE_TX)
05/21/2026 12:24:57 DEBUG : Thread ID = 139648306579200:  Rule Matcher:   File = TableBreakBinding.cc:  Line = 168:  INSERT INTO fccmatomic.KDD_BREAK_BINDING (BREAK_ID,BINDG_NM,VALUE_TX) VALUES(:BREAK_ID, :BINDING_NM, :VALUE_TX)
05/21/2026 12:24:57 DEBUG : Thread ID = 139648306579200:  Rule Matcher:   File = TableBreakBinding.cc:  Line = 168:  INSERT INTO fccmatomic.KDD_BREAK_BINDING (BREAK_ID,BINDG_NM,VALUE_TX) VALUES(:BREAK_ID, :BINDING_NM, :VALUE_TX)
05/21/2026 12:24:57 DEBUG : Thread ID = 139648306579200:  Rule Matcher:   File = TableBreakBinding.cc:  Line = 168:  INSERT INTO fccmatomic.KDD_BREAK_BINDING (BREAK_ID,BINDG_NM,VALUE_TX) VALUES(:BREAK_ID, :BINDING_NM, :VALUE_TX)
05/21/2026 12:24:57 DEBUG : Thread ID = 139648306579200:  Rule Matcher:   File = TableBreakBinding.cc:  Line = 168:  INSERT INTO fccmatomic.KDD_BREAK_BINDING (BREAK_ID,BINDG_NM,VALUE_TX) VALUES(:BREAK_ID, :BINDING_NM, :VALUE_TX)
05/21/2026 12:24:57 DEBUG : Thread ID = 139648306579200:  Rule Matcher:   File = TableBreakBinding.cc:  Line = 168:  INSERT INTO fccmatomic.KDD_BREAK_BINDING (BREAK_ID,BINDG_NM,VALUE_TX) VALUES(:BREAK_ID, :BINDING_NM, :VALUE_TX)
05/21/2026 12:24:57 DEBUG : Thread ID = 139648306579200:  Rule Matcher:   File = TableBreakBinding.cc:  Line = 168:  INSERT INTO fccmatomic.KDD_BREAK_BINDING (BREAK_ID,BINDG_NM,VALUE_TX) VALUES(:BREAK_ID, :BINDING_NM, :VALUE_TX)
05/21/2026 12:24:57 DEBUG : Thread ID = 139648306579200:  Rule Matcher:   File = TableBreakBinding.cc:  Line = 168:  INSERT INTO fccmatomic.KDD_BREAK_BINDING (BREAK_ID,BINDG_NM,VALUE_TX) VALUES(:BREAK_ID, :BINDING_NM, :VALUE_TX)
05/21/2026 12:24:57 DEBUG : Thread ID = 139648306579200:  Rule Matcher:   File = TableBreakBinding.cc:  Line = 168:  INSERT INTO fccmatomic.KDD_BREAK_BINDING (BREAK_ID,BINDG_NM,VALUE_TX) VALUES(:BREAK_ID, :BINDING_NM, :VALUE_TX)
05/21/2026 12:24:57 DEBUG : Thread ID = 139648306579200:  Rule Matcher:   File = TableBreakBinding.cc:  Line = 168:  INSERT INTO fccmatomic.KDD_BREAK_BINDING (BREAK_ID,BINDG_NM,VALUE_TX) VALUES(:BREAK_ID, :BINDING_NM, :VALUE_TX)
05/21/2026 12:24:57 DEBUG : Thread ID = 139648306579200:  Rule Matcher:   File = TableBreakBinding.cc:  Line = 168:  INSERT INTO fccmatomic.KDD_BREAK_BINDING (BREAK_ID,BINDG_NM,VALUE_TX) VALUES(:BREAK_ID, :BINDING_NM, :VALUE_TX)
05/21/2026 12:24:57 DEBUG : Thread ID = 139648306579200:  Rule Matcher:   File = TableBreakBinding.cc:  Line = 168:  INSERT INTO fccmatomic.KDD_BREAK_BINDING (BREAK_ID,BINDG_NM,VALUE_TX) VALUES(:BREAK_ID, :BINDING_NM, :VALUE_TX)
05/21/2026 12:24:57 DEBUG : Thread ID = 139648306579200:  Rule Matcher:   File = TableBreakBinding.cc:  Line = 168:  INSERT INTO fccmatomic.KDD_BREAK_BINDING (BREAK_ID,BINDG_NM,VALUE_TX) VALUES(:BREAK_ID, :BINDING_NM, :VALUE_TX)
05/21/2026 12:24:57 DEBUG : Thread ID = 139648306579200:  Rule Matcher:   File = TableBreakBinding.cc:  Line = 168:  INSERT INTO fccmatomic.KDD_BREAK_BINDING (BREAK_ID,BINDG_NM,VALUE_TX) VALUES(:BREAK_ID, :BINDING_NM, :VALUE_TX)
05/21/2026 12:24:57 DEBUG : Thread ID = 139648306579200:  Rule Matcher:   File = TableBreakBinding.cc:  Line = 168:  INSERT INTO fccmatomic.KDD_BREAK_BINDING (BREAK_ID,BINDG_NM,VALUE_TX) VALUES(:BREAK_ID, :BINDING_NM, :VALUE_TX)
05/21/2026 12:24:57 DEBUG : Thread ID = 139648306579200:  Rule Matcher:   File = TableBreakBinding.cc:  Line = 168:  INSERT INTO fccmatomic.KDD_BREAK_BINDING (BREAK_ID,BINDG_NM,VALUE_TX) VALUES(:BREAK_ID, :BINDING_NM, :VALUE_TX)
05/21/2026 12:24:57 DEBUG : Thread ID = 139648306579200:  Rule Matcher:   File = TableBreakBinding.cc:  Line = 168:  INSERT INTO fccmatomic.KDD_BREAK_BINDING (BREAK_ID,BINDG_NM,VALUE_TX) VALUES(:BREAK_ID, :BINDING_NM, :VALUE_TX)
05/21/2026 12:24:57 DEBUG : Thread ID = 139648306579200:  Rule Matcher:   File = TableBreakBinding.cc:  Line = 168:  INSERT INTO fccmatomic.KDD_BREAK_BINDING (BREAK_ID,BINDG_NM,VALUE_TX) VALUES(:BREAK_ID, :BINDING_NM, :VALUE_TX)
05/21/2026 12:24:57 DEBUG : Thread ID = 139648306579200:  Rule Matcher:   File = TableBreakBinding.cc:  Line = 168:  INSERT INTO fccmatomic.KDD_BREAK_BINDING (BREAK_ID,BINDG_NM,VALUE_TX) VALUES(:BREAK_ID, :BINDING_NM, :VALUE_TX)
05/21/2026 12:24:57 DEBUG : Thread ID = 139648306579200:  Rule Matcher:   File = TableBreakBinding.cc:  Line = 168:  INSERT INTO fccmatomic.KDD_BREAK_BINDING (BREAK_ID,BINDG_NM,VALUE_TX) VALUES(:BREAK_ID, :BINDING_NM, :VALUE_TX)
05/21/2026 12:24:57 DEBUG : Thread ID = 139648306579200:  Rule Matcher:   File = TableBreakBinding.cc:  Line = 168:  INSERT INTO fccmatomic.KDD_BREAK_BINDING (BREAK_ID,BINDG_NM,VALUE_TX) VALUES(:BREAK_ID, :BINDING_NM, :VALUE_TX)
05/21/2026 12:24:57 DEBUG : Thread ID = 139648306579200:  Rule Matcher:   File = TableBreakBinding.cc:  Line = 168:  INSERT INTO fccmatomic.KDD_BREAK_BINDING (BREAK_ID,BINDG_NM,VALUE_TX) VALUES(:BREAK_ID, :BINDING_NM, :VALUE_TX)
05/21/2026 12:24:57 DEBUG : Thread ID = 139648306579200:  Rule Matcher:   File = TableBreakBinding.cc:  Line = 168:  INSERT INTO fccmatomic.KDD_BREAK_BINDING (BREAK_ID,BINDG_NM,VALUE_TX) VALUES(:BREAK_ID, :BINDING_NM, :VALUE_TX)
05/21/2026 12:24:57 DEBUG : Thread ID = 139648306579200:  Rule Matcher:   File = TableBreakBinding.cc:  Line = 168:  INSERT INTO fccmatomic.KDD_BREAK_BINDING (BREAK_ID,BINDG_NM,VALUE_TX) VALUES(:BREAK_ID, :BINDING_NM, :VALUE_TX)
05/21/2026 12:24:57 DEBUG : Thread ID = 139648306579200:  Rule Matcher:   File = TableBreakBinding.cc:  Line = 168:  INSERT INTO fccmatomic.KDD_BREAK_BINDING (BREAK_ID,BINDG_NM,VALUE_TX) VALUES(:BREAK_ID, :BINDING_NM, :VALUE_TX)
05/21/2026 12:24:57 DEBUG : Thread ID = 139648306579200:  Rule Matcher:   File = TableBreakBinding.cc:  Line = 168:  INSERT INTO fccmatomic.KDD_BREAK_BINDING (BREAK_ID,BINDG_NM,VALUE_TX) VALUES(:BREAK_ID, :BINDING_NM, :VALUE_TX)
05/21/2026 12:24:57 DEBUG : Thread ID = 139648306579200:  Rule Matcher:   File = TableBreakBinding.cc:  Line = 168:  INSERT INTO fccmatomic.KDD_BREAK_BINDING (BREAK_ID,BINDG_NM,VALUE_TX) VALUES(:BREAK_ID, :BINDING_NM, :VALUE_TX)
05/21/2026 12:24:57 DEBUG : Thread ID = 139648306579200:  Rule Matcher:   File = TableBreakBinding.cc:  Line = 168:  INSERT INTO fccmatomic.KDD_BREAK_BINDING (BREAK_ID,BINDG_NM,VALUE_TX) VALUES(:BREAK_ID, :BINDING_NM, :VALUE_TX)
05/21/2026 12:24:57 DEBUG : Thread ID = 139648306579200:  Rule Matcher:   File = TableBreakBinding.cc:  Line = 168:  INSERT INTO fccmatomic.KDD_BREAK_BINDING (BREAK_ID,BINDG_NM,VALUE_TX) VALUES(:BREAK_ID, :BINDING_NM, :VALUE_TX)
05/21/2026 12:24:57 DEBUG : Thread ID = 139648306579200:  Rule Matcher:   File = TableBreakBinding.cc:  Line = 168:  INSERT INTO fccmatomic.KDD_BREAK_BINDING (BREAK_ID,BINDG_NM,VALUE_TX) VALUES(:BREAK_ID, :BINDING_NM, :VALUE_TX)
05/21/2026 12:24:57 DEBUG : Thread ID = 139648306579200:  Rule Matcher:   File = TableBreakBinding.cc:  Line = 168:  INSERT INTO fccmatomic.KDD_BREAK_BINDING (BREAK_ID,BINDG_NM,VALUE_TX) VALUES(:BREAK_ID, :BINDING_NM, :VALUE_TX)
05/21/2026 12:24:57 DEBUG : Thread ID = 139648306579200:  Rule Matcher:   File = TableBreakBinding.cc:  Line = 168:  INSERT INTO fccmatomic.KDD_BREAK_BINDING (BREAK_ID,BINDG_NM,VALUE_TX) VALUES(:BREAK_ID, :BINDING_NM, :VALUE_TX)
05/21/2026 12:24:57 DEBUG : Thread ID = 139648306579200:  Rule Matcher:   File = TableBreakBinding.cc:  Line = 168:  INSERT INTO fccmatomic.KDD_BREAK_BINDING (BREAK_ID,BINDG_NM,VALUE_TX) VALUES(:BREAK_ID, :BINDING_NM, :VALUE_TX)
05/21/2026 12:24:57 DEBUG : Thread ID = 139648306579200:  Rule Matcher:   File = TableBreakBinding.cc:  Line = 168:  INSERT INTO fccmatomic.KDD_BREAK_BINDING (BREAK_ID,BINDG_NM,VALUE_TX) VALUES(:BREAK_ID, :BINDING_NM, :VALUE_TX)
05/21/2026 12:24:57 DEBUG : Thread ID = 139648306579200:  Rule Matcher:   File = TableBreakBinding.cc:  Line = 168:  INSERT INTO fccmatomic.KDD_BREAK_BINDING (BREAK_ID,BINDG_NM,VALUE_TX) VALUES(:BREAK_ID, :BINDING_NM, :VALUE_TX)
05/21/2026 12:24:57 DEBUG : Thread ID = 139648306579200:  Rule Matcher:   File = TableBreakBinding.cc:  Line = 168:  INSERT INTO fccmatomic.KDD_BREAK_BINDING (BREAK_ID,BINDG_NM,VALUE_TX) VALUES(:BREAK_ID, :BINDING_NM, :VALUE_TX)
05/21/2026 12:24:57 DEBUG : Thread ID = 139648306579200:  Rule Matcher:   File = TableBreakBinding.cc:  Line = 168:  INSERT INTO fccmatomic.KDD_BREAK_BINDING (BREAK_ID,BINDG_NM,VALUE_TX) VALUES(:BREAK_ID, :BINDING_NM, :VALUE_TX)
05/21/2026 12:24:57 DEBUG : Thread ID = 139648306579200:  Rule Matcher:   File = TableBreakBinding.cc:  Line = 168:  INSERT INTO fccmatomic.KDD_BREAK_BINDING (BREAK_ID,BINDG_NM,VALUE_TX) VALUES(:BREAK_ID, :BINDING_NM, :VALUE_TX)
05/21/2026 12:24:57 DEBUG : Thread ID = 139648306579200:  Rule Matcher:   File = TableBreakBinding.cc:  Line = 168:  INSERT INTO fccmatomic.KDD_BREAK_BINDING (BREAK_ID,BINDG_NM,VALUE_TX) VALUES(:BREAK_ID, :BINDING_NM, :VALUE_TX)
05/21/2026 12:24:57 DEBUG : Thread ID = 139648306579200:  Rule Matcher:   File = TableBreakBinding.cc:  Line = 168:  INSERT INTO fccmatomic.KDD_BREAK_BINDING (BREAK_ID,BINDG_NM,VALUE_TX) VALUES(:BREAK_ID, :BINDING_NM, :VALUE_TX)
05/21/2026 12:24:57 DEBUG : Thread ID = 139648306579200:  Rule Matcher:   File = TableBreakBinding.cc:  Line = 168:  INSERT INTO fccmatomic.KDD_BREAK_BINDING (BREAK_ID,BINDG_NM,VALUE_TX) VALUES(:BREAK_ID, :BINDING_NM, :VALUE_TX)
05/21/2026 12:24:57 DEBUG : Thread ID = 139648306579200:  Rule Matcher:   File = TableBreakBinding.cc:  Line = 168:  INSERT INTO fccmatomic.KDD_BREAK_BINDING (BREAK_ID,BINDG_NM,VALUE_TX) VALUES(:BREAK_ID, :BINDING_NM, :VALUE_TX)
05/21/2026 12:24:57 DEBUG : Thread ID = 139648306579200:  Rule Matcher:   File = TableBreakBinding.cc:  Line = 168:  INSERT INTO fccmatomic.KDD_BREAK_BINDING (BREAK_ID,BINDG_NM,VALUE_TX) VALUES(:BREAK_ID, :BINDING_NM, :VALUE_TX)
05/21/2026 12:24:57 DEBUG : Thread ID = 139648306579200:  Rule Matcher:   File = TableBreakBinding.cc:  Line = 168:  INSERT INTO fccmatomic.KDD_BREAK_BINDING (BREAK_ID,BINDG_NM,VALUE_TX) VALUES(:BREAK_ID, :BINDING_NM, :VALUE_TX)
05/21/2026 12:24:57 DEBUG : Thread ID = 139648306579200:  Rule Matcher:   File = TableBreakBinding.cc:  Line = 168:  INSERT INTO fccmatomic.KDD_BREAK_BINDING (BREAK_ID,BINDG_NM,VALUE_TX) VALUES(:BREAK_ID, :BINDING_NM, :VALUE_TX)
05/21/2026 12:24:57 DEBUG : Thread ID = 139648306579200:  Rule Matcher:   File = TableBreakBinding.cc:  Line = 168:  INSERT INTO fccmatomic.KDD_BREAK_BINDING (BREAK_ID,BINDG_NM,VALUE_TX) VALUES(:BREAK_ID, :BINDING_NM, :VALUE_TX)
05/21/2026 12:24:57 DEBUG : Thread ID = 139648306579200:  Rule Matcher:   File = TableBreakBinding.cc:  Line = 168:  INSERT INTO fccmatomic.KDD_BREAK_BINDING (BREAK_ID,BINDG_NM,VALUE_TX) VALUES(:BREAK_ID, :BINDING_NM, :VALUE_TX)
05/21/2026 12:24:57 DEBUG : Thread ID = 139648306579200:  Rule Matcher:   File = TableBreakBinding.cc:  Line = 168:  INSERT INTO fccmatomic.KDD_BREAK_BINDING (BREAK_ID,BINDG_NM,VALUE_TX) VALUES(:BREAK_ID, :BINDING_NM, :VALUE_TX)
05/21/2026 12:24:57 DEBUG : Thread ID = 139648306579200:  Rule Matcher:   File = TableBreakBinding.cc:  Line = 168:  INSERT INTO fccmatomic.KDD_BREAK_BINDING (BREAK_ID,BINDG_NM,VALUE_TX) VALUES(:BREAK_ID, :BINDING_NM, :VALUE_TX)
05/21/2026 12:24:57 DEBUG : Thread ID = 139648306579200:  Rule Matcher:   File = TableBreakBinding.cc:  Line = 168:  INSERT INTO fccmatomic.KDD_BREAK_BINDING (BREAK_ID,BINDG_NM,VALUE_TX) VALUES(:BREAK_ID, :BINDING_NM, :VALUE_TX)
05/21/2026 12:24:57 DEBUG : Thread ID = 139648306579200:  Rule Matcher:   File = TableBreakBinding.cc:  Line = 168:  INSERT INTO fccmatomic.KDD_BREAK_BINDING (BREAK_ID,BINDG_NM,VALUE_TX) VALUES(:BREAK_ID, :BINDING_NM, :VALUE_TX)
05/21/2026 12:24:57 DEBUG : Thread ID = 139648306579200:  Rule Matcher:   File = TableBreakBinding.cc:  Line = 168:  INSERT INTO fccmatomic.KDD_BREAK_BINDING (BREAK_ID,BINDG_NM,VALUE_TX) VALUES(:BREAK_ID, :BINDING_NM, :VALUE_TX)
05/21/2026 12:24:57 DEBUG : Thread ID = 139648306579200:  Rule Matcher:   File = TableBreakBinding.cc:  Line = 168:  INSERT INTO fccmatomic.KDD_BREAK_BINDING (BREAK_ID,BINDG_NM,VALUE_TX) VALUES(:BREAK_ID, :BINDING_NM, :VALUE_TX)
05/21/2026 12:24:57 DEBUG : Thread ID = 139648306579200:  Rule Matcher:   File = TableBreakBinding.cc:  Line = 168:  INSERT INTO fccmatomic.KDD_BREAK_BINDING (BREAK_ID,BINDG_NM,VALUE_TX) VALUES(:BREAK_ID, :BINDING_NM, :VALUE_TX)
05/21/2026 12:24:57 DEBUG : Thread ID = 139648306579200:  Rule Matcher:   File = TableBreakBinding.cc:  Line = 168:  INSERT INTO fccmatomic.KDD_BREAK_BINDING (BREAK_ID,BINDG_NM,VALUE_TX) VALUES(:BREAK_ID, :BINDING_NM, :VALUE_TX)
05/21/2026 12:24:57 DEBUG : Thread ID = 139648306579200:  Rule Matcher:   File = TableBreakBinding.cc:  Line = 168:  INSERT INTO fccmatomic.KDD_BREAK_BINDING (BREAK_ID,BINDG_NM,VALUE_TX) VALUES(:BREAK_ID, :BINDING_NM, :VALUE_TX)
05/21/2026 12:24:57 DEBUG : Thread ID = 139648306579200:  Rule Matcher:   File = TableBreakBinding.cc:  Line = 168:  INSERT INTO fccmatomic.KDD_BREAK_BINDING (BREAK_ID,BINDG_NM,VALUE_TX) VALUES(:BREAK_ID, :BINDING_NM, :VALUE_TX)
05/21/2026 12:24:57 DEBUG : Thread ID = 139648306579200:  Rule Matcher:   File = TableBreakBinding.cc:  Line = 168:  INSERT INTO fccmatomic.KDD_BREAK_BINDING (BREAK_ID,BINDG_NM,VALUE_TX) VALUES(:BREAK_ID, :BINDING_NM, :VALUE_TX)
05/21/2026 12:24:57 DEBUG : Thread ID = 139648306579200:  Rule Matcher:   File = TableBreakBinding.cc:  Line = 168:  INSERT INTO fccmatomic.KDD_BREAK_BINDING (BREAK_ID,BINDG_NM,VALUE_TX) VALUES(:BREAK_ID, :BINDING_NM, :VALUE_TX)
05/21/2026 12:24:57 DEBUG : Thread ID = 139648306579200:  Rule Matcher:   File = TableBreakBinding.cc:  Line = 168:  INSERT INTO fccmatomic.KDD_BREAK_BINDING (BREAK_ID,BINDG_NM,VALUE_TX) VALUES(:BREAK_ID, :BINDING_NM, :VALUE_TX)
05/21/2026 12:24:57 DEBUG : Thread ID = 139648306579200:  Rule Matcher:   File = TableBreakBinding.cc:  Line = 168:  INSERT INTO fccmatomic.KDD_BREAK_BINDING (BREAK_ID,BINDG_NM,VALUE_TX) VALUES(:BREAK_ID, :BINDING_NM, :VALUE_TX)
05/21/2026 12:24:57 DEBUG : Thread ID = 139648306579200:  Rule Matcher:   File = TableBreakBinding.cc:  Line = 168:  INSERT INTO fccmatomic.KDD_BREAK_BINDING (BREAK_ID,BINDG_NM,VALUE_TX) VALUES(:BREAK_ID, :BINDING_NM, :VALUE_TX)
05/21/2026 12:24:57 DEBUG : Thread ID = 139648306579200:  Rule Matcher:   File = TableBreakBinding.cc:  Line = 168:  INSERT INTO fccmatomic.KDD_BREAK_BINDING (BREAK_ID,BINDG_NM,VALUE_TX) VALUES(:BREAK_ID, :BINDING_NM, :VALUE_TX)
05/21/2026 12:24:57 DEBUG : Thread ID = 139648306579200:  Rule Matcher:   File = TableBreakBinding.cc:  Line = 168:  INSERT INTO fccmatomic.KDD_BREAK_BINDING (BREAK_ID,BINDG_NM,VALUE_TX) VALUES(:BREAK_ID, :BINDING_NM, :VALUE_TX)
05/21/2026 12:24:57 DEBUG : Thread ID = 139648306579200:  Rule Matcher:   File = TableBreakBinding.cc:  Line = 168:  INSERT INTO fccmatomic.KDD_BREAK_BINDING (BREAK_ID,BINDG_NM,VALUE_TX) VALUES(:BREAK_ID, :BINDING_NM, :VALUE_TX)
05/21/2026 12:24:57 DEBUG : Thread ID = 139648306579200:  Rule Matcher:   File = TableBreakBinding.cc:  Line = 168:  INSERT INTO fccmatomic.KDD_BREAK_BINDING (BREAK_ID,BINDG_NM,VALUE_TX) VALUES(:BREAK_ID, :BINDING_NM, :VALUE_TX)
05/21/2026 12:24:57 DEBUG : Thread ID = 139648306579200:  Rule Matcher:   File = TableBreakBinding.cc:  Line = 168:  INSERT INTO fccmatomic.KDD_BREAK_BINDING (BREAK_ID,BINDG_NM,VALUE_TX) VALUES(:BREAK_ID, :BINDING_NM, :VALUE_TX)
05/21/2026 12:24:57 DEBUG : Thread ID = 139648306579200:  Rule Matcher:   File = TableBreakBinding.cc:  Line = 168:  INSERT INTO fccmatomic.KDD_BREAK_BINDING (BREAK_ID,BINDG_NM,VALUE_TX) VALUES(:BREAK_ID, :BINDING_NM, :VALUE_TX)
05/21/2026 12:24:57 DEBUG : Thread ID = 139648306579200:  Rule Matcher:   File = TableBreakBinding.cc:  Line = 168:  INSERT INTO fccmatomic.KDD_BREAK_BINDING (BREAK_ID,BINDG_NM,VALUE_TX) VALUES(:BREAK_ID, :BINDING_NM, :VALUE_TX)
05/21/2026 12:24:57 DEBUG : Thread ID = 139648306579200:  Rule Matcher:   File = TableBreakBinding.cc:  Line = 168:  INSERT INTO fccmatomic.KDD_BREAK_BINDING (BREAK_ID,BINDG_NM,VALUE_TX) VALUES(:BREAK_ID, :BINDING_NM, :VALUE_TX)
05/21/2026 12:24:57 DEBUG : Thread ID = 139648306579200:  Rule Matcher:   File = TableBreakBinding.cc:  Line = 168:  INSERT INTO fccmatomic.KDD_BREAK_BINDING (BREAK_ID,BINDG_NM,VALUE_TX) VALUES(:BREAK_ID, :BINDING_NM, :VALUE_TX)
05/21/2026 12:24:57 DEBUG : Thread ID = 139648306579200:  Rule Matcher:   File = TableBreakBinding.cc:  Line = 168:  INSERT INTO fccmatomic.KDD_BREAK_BINDING (BREAK_ID,BINDG_NM,VALUE_TX) VALUES(:BREAK_ID, :BINDING_NM, :VALUE_TX)
05/21/2026 12:24:57 DEBUG : Thread ID = 139648306579200:  Rule Matcher:   File = TableBreakBinding.cc:  Line = 168:  INSERT INTO fccmatomic.KDD_BREAK_BINDING (BREAK_ID,BINDG_NM,VALUE_TX) VALUES(:BREAK_ID, :BINDING_NM, :VALUE_TX)
05/21/2026 12:24:57 DEBUG : Thread ID = 139648306579200:  Rule Matcher:   File = TableBreakBinding.cc:  Line = 168:  INSERT INTO fccmatomic.KDD_BREAK_BINDING (BREAK_ID,BINDG_NM,VALUE_TX) VALUES(:BREAK_ID, :BINDING_NM, :VALUE_TX)
05/21/2026 12:24:57 DEBUG : Thread ID = 139648306579200:  Rule Matcher:   File = TableBreakBinding.cc:  Line = 168:  INSERT INTO fccmatomic.KDD_BREAK_BINDING (BREAK_ID,BINDG_NM,VALUE_TX) VALUES(:BREAK_ID, :BINDING_NM, :VALUE_TX)
05/21/2026 12:24:57 DEBUG : Thread ID = 139648306579200:  Rule Matcher:   File = TableBreakBinding.cc:  Line = 168:  INSERT INTO fccmatomic.KDD_BREAK_BINDING (BREAK_ID,BINDG_NM,VALUE_TX) VALUES(:BREAK_ID, :BINDING_NM, :VALUE_TX)
05/21/2026 12:24:57 DEBUG : Thread ID = 139648306579200:  Rule Matcher:   File = TableBreakBinding.cc:  Line = 168:  INSERT INTO fccmatomic.KDD_BREAK_BINDING (BREAK_ID,BINDG_NM,VALUE_TX) VALUES(:BREAK_ID, :BINDING_NM, :VALUE_TX)
05/21/2026 12:24:57 DEBUG : Thread ID = 139648306579200:  Rule Matcher:   File = TableBreakBinding.cc:  Line = 168:  INSERT INTO fccmatomic.KDD_BREAK_BINDING (BREAK_ID,BINDG_NM,VALUE_TX) VALUES(:BREAK_ID, :BINDING_NM, :VALUE_TX)
05/21/2026 12:24:57 DEBUG : Thread ID = 139648306579200:  Rule Matcher:   File = TableBreakBinding.cc:  Line = 168:  INSERT INTO fccmatomic.KDD_BREAK_BINDING (BREAK_ID,BINDG_NM,VALUE_TX) VALUES(:BREAK_ID, :BINDING_NM, :VALUE_TX)
05/21/2026 12:24:57 DEBUG : Thread ID = 139648306579200:  Rule Matcher:   File = TableBreakBinding.cc:  Line = 168:  INSERT INTO fccmatomic.KDD_BREAK_BINDING (BREAK_ID,BINDG_NM,VALUE_TX) VALUES(:BREAK_ID, :BINDING_NM, :VALUE_TX)
05/21/2026 12:24:57 DEBUG : Thread ID = 139648306579200:  Rule Matcher:   File = TableBreakBinding.cc:  Line = 168:  INSERT INTO fccmatomic.KDD_BREAK_BINDING (BREAK_ID,BINDG_NM,VALUE_TX) VALUES(:BREAK_ID, :BINDING_NM, :VALUE_TX)
05/21/2026 12:24:57 DEBUG : Thread ID = 139648306579200:  Rule Matcher:   File = TableBreakBinding.cc:  Line = 168:  INSERT INTO fccmatomic.KDD_BREAK_BINDING (BREAK_ID,BINDG_NM,VALUE_TX) VALUES(:BREAK_ID, :BINDING_NM, :VALUE_TX)
05/21/2026 12:24:57 DEBUG : Thread ID = 139648306579200:  Rule Matcher:   File = TableBreakBinding.cc:  Line = 168:  INSERT INTO fccmatomic.KDD_BREAK_BINDING (BREAK_ID,BINDG_NM,VALUE_TX) VALUES(:BREAK_ID, :BINDING_NM, :VALUE_TX)
05/21/2026 12:24:57 DEBUG : Thread ID = 139648306579200:  Rule Matcher:   File = TableBreakBinding.cc:  Line = 168:  INSERT INTO fccmatomic.KDD_BREAK_BINDING (BREAK_ID,BINDG_NM,VALUE_TX) VALUES(:BREAK_ID, :BINDING_NM, :VALUE_TX)
05/21/2026 12:24:57 DEBUG : Thread ID = 139648306579200:  Rule Matcher:   File = TableBreakBinding.cc:  Line = 168:  INSERT INTO fccmatomic.KDD_BREAK_BINDING (BREAK_ID,BINDG_NM,VALUE_TX) VALUES(:BREAK_ID, :BINDING_NM, :VALUE_TX)
05/21/2026 12:24:57 DEBUG : Thread ID = 139648306579200:  Rule Matcher:   File = TableBreakBinding.cc:  Line = 168:  INSERT INTO fccmatomic.KDD_BREAK_BINDING (BREAK_ID,BINDG_NM,VALUE_TX) VALUES(:BREAK_ID, :BINDING_NM, :VALUE_TX)
05/21/2026 12:24:57 DEBUG : Thread ID = 139648306579200:  Rule Matcher:   File = TableBreakBinding.cc:  Line = 168:  INSERT INTO fccmatomic.KDD_BREAK_BINDING (BREAK_ID,BINDG_NM,VALUE_TX) VALUES(:BREAK_ID, :BINDING_NM, :VALUE_TX)
05/21/2026 12:24:57 DEBUG : Thread ID = 139648306579200:  Rule Matcher:   File = TableBreakBinding.cc:  Line = 168:  INSERT INTO fccmatomic.KDD_BREAK_BINDING (BREAK_ID,BINDG_NM,VALUE_TX) VALUES(:BREAK_ID, :BINDING_NM, :VALUE_TX)
05/21/2026 12:24:57 DEBUG : Thread ID = 139648306579200:  Rule Matcher:   File = TableBreakBinding.cc:  Line = 168:  INSERT INTO fccmatomic.KDD_BREAK_BINDING (BREAK_ID,BINDG_NM,VALUE_TX) VALUES(:BREAK_ID, :BINDING_NM, :VALUE_TX)
05/21/2026 12:24:57 DEBUG : Thread ID = 139648306579200:  Rule Matcher:   File = TableBreakBinding.cc:  Line = 168:  INSERT INTO fccmatomic.KDD_BREAK_BINDING (BREAK_ID,BINDG_NM,VALUE_TX) VALUES(:BREAK_ID, :BINDING_NM, :VALUE_TX)
05/21/2026 12:24:57 DEBUG : Thread ID = 139648306579200:  Rule Matcher:   File = TableBreakBinding.cc:  Line = 168:  INSERT INTO fccmatomic.KDD_BREAK_BINDING (BREAK_ID,BINDG_NM,VALUE_TX) VALUES(:BREAK_ID, :BINDING_NM, :VALUE_TX)
05/21/2026 12:24:57 DEBUG : Thread ID = 139648306579200:  Rule Matcher:   File = TableBreakBinding.cc:  Line = 168:  INSERT INTO fccmatomic.KDD_BREAK_BINDING (BREAK_ID,BINDG_NM,VALUE_TX) VALUES(:BREAK_ID, :BINDING_NM, :VALUE_TX)
05/21/2026 12:24:57 DEBUG : Thread ID = 139648306579200:  Rule Matcher:   File = TableBreakBinding.cc:  Line = 168:  INSERT INTO fccmatomic.KDD_BREAK_BINDING (BREAK_ID,BINDG_NM,VALUE_TX) VALUES(:BREAK_ID, :BINDING_NM, :VALUE_TX)
05/21/2026 12:24:57 DEBUG : Thread ID = 139648306579200:  Rule Matcher:   File = TableBreakBinding.cc:  Line = 168:  INSERT INTO fccmatomic.KDD_BREAK_BINDING (BREAK_ID,BINDG_NM,VALUE_TX) VALUES(:BREAK_ID, :BINDING_NM, :VALUE_TX)
05/21/2026 12:24:57 DEBUG : Thread ID = 139648306579200:  Rule Matcher:   File = TableBreakBinding.cc:  Line = 168:  INSERT INTO fccmatomic.KDD_BREAK_BINDING (BREAK_ID,BINDG_NM,VALUE_TX) VALUES(:BREAK_ID, :BINDING_NM, :VALUE_TX)
05/21/2026 12:24:57 DEBUG : Thread ID = 139648306579200:  Rule Matcher:   File = TableBreakBinding.cc:  Line = 168:  INSERT INTO fccmatomic.KDD_BREAK_BINDING (BREAK_ID,BINDG_NM,VALUE_TX) VALUES(:BREAK_ID, :BINDING_NM, :VALUE_TX)
05/21/2026 12:24:57 DEBUG : Thread ID = 139648306579200:  Rule Matcher:   File = TableBreakBinding.cc:  Line = 168:  INSERT INTO fccmatomic.KDD_BREAK_BINDING (BREAK_ID,BINDG_NM,VALUE_TX) VALUES(:BREAK_ID, :BINDING_NM, :VALUE_TX)
05/21/2026 12:24:57 DEBUG : Thread ID = 139648306579200:  Rule Matcher:   File = TableBreakBinding.cc:  Line = 168:  INSERT INTO fccmatomic.KDD_BREAK_BINDING (BREAK_ID,BINDG_NM,VALUE_TX) VALUES(:BREAK_ID, :BINDING_NM, :VALUE_TX)
05/21/2026 12:24:57 DEBUG : Thread ID = 139648306579200:  Rule Matcher:   File = TableBreakBinding.cc:  Line = 168:  INSERT INTO fccmatomic.KDD_BREAK_BINDING (BREAK_ID,BINDG_NM,VALUE_TX) VALUES(:BREAK_ID, :BINDING_NM, :VALUE_TX)
05/21/2026 12:24:57 DEBUG : Thread ID = 139648306579200:  Rule Matcher:   File = TableBreakBinding.cc:  Line = 168:  INSERT INTO fccmatomic.KDD_BREAK_BINDING (BREAK_ID,BINDG_NM,VALUE_TX) VALUES(:BREAK_ID, :BINDING_NM, :VALUE_TX)
05/21/2026 12:24:57 INFO : Thread ID = 139648306579200:  Rule Matcher:   File = WriteToDBAction.cc:  Line = 452:  Inserting 157 records into KDD_BREAK_MTCHS. 
05/21/2026 12:24:57 DEBUG : Thread ID = 139648306579200:  Rule Matcher:   File = TableBreakMatches.cc:  Line = 99:  INSERT INTO fccmatomic.KDD_BREAK_MTCHS (BREAK_ID,DATASET_ID,KEY_ID,MATCH_CD) VALUES (:BREAK_ID, : DATASET_ID, :KEY_ID, :MTCH_CD)
05/21/2026 12:24:57 DEBUG : Thread ID = 139648306579200:  Rule Matcher:   File = TableBreakMatches.cc:  Line = 164:  Placeholder Values are  : BREAK_ID : 3001, DATASET_ID : 1.13001e+08, KEY_ID : 375130

05/21/2026 12:24:57 DEBUG : Thread ID = 139648306579200:  Rule Matcher:   File = TableBreakMatches.cc:  Line = 183:  INSERT INTO fccmatomic.KDD_BREAK_MTCHS (BREAK_ID,DATASET_ID,KEY_ID,MATCH_CD) VALUES (:BREAK_ID, : DATASET_ID, :KEY_ID, :MTCH_CD)
05/21/2026 12:24:57 DEBUG : Thread ID = 139648306579200:  Rule Matcher:   File = TableBreakMatches.cc:  Line = 164:  Placeholder Values are  : BREAK_ID : 3001, DATASET_ID : 1.13001e+08, KEY_ID : 375131

05/21/2026 12:24:57 DEBUG : Thread ID = 139648306579200:  Rule Matcher:   File = TableBreakMatches.cc:  Line = 183:  INSERT INTO fccmatomic.KDD_BREAK_MTCHS (BREAK_ID,DATASET_ID,KEY_ID,MATCH_CD) VALUES (:BREAK_ID, : DATASET_ID, :KEY_ID, :MTCH_CD)
05/21/2026 12:24:57 DEBUG : Thread ID = 139648306579200:  Rule Matcher:   File = TableBreakMatches.cc:  Line = 164:  Placeholder Values are  : BREAK_ID : 3001, DATASET_ID : 1.13001e+08, KEY_ID : 375132

05/21/2026 12:24:57 DEBUG : Thread ID = 139648306579200:  Rule Matcher:   File = TableBreakMatches.cc:  Line = 183:  INSERT INTO fccmatomic.KDD_BREAK_MTCHS (BREAK_ID,DATASET_ID,KEY_ID,MATCH_CD) VALUES (:BREAK_ID, : DATASET_ID, :KEY_ID, :MTCH_CD)
05/21/2026 12:24:57 DEBUG : Thread ID = 139648306579200:  Rule Matcher:   File = TableBreakMatches.cc:  Line = 164:  Placeholder Values are  : BREAK_ID : 3001, DATASET_ID : 1.13001e+08, KEY_ID : 400130

05/21/2026 12:24:57 DEBUG : Thread ID = 139648306579200:  Rule Matcher:   File = TableBreakMatches.cc:  Line = 183:  INSERT INTO fccmatomic.KDD_BREAK_MTCHS (BREAK_ID,DATASET_ID,KEY_ID,MATCH_CD) VALUES (:BREAK_ID, : DATASET_ID, :KEY_ID, :MTCH_CD)
05/21/2026 12:24:57 DEBUG : Thread ID = 139648306579200:  Rule Matcher:   File = TableBreakMatches.cc:  Line = 164:  Placeholder Values are  : BREAK_ID : 3001, DATASET_ID : 1.13001e+08, KEY_ID : 400131

05/21/2026 12:24:57 DEBUG : Thread ID = 139648306579200:  Rule Matcher:   File = TableBreakMatches.cc:  Line = 183:  INSERT INTO fccmatomic.KDD_BREAK_MTCHS (BREAK_ID,DATASET_ID,KEY_ID,MATCH_CD) VALUES (:BREAK_ID, : DATASET_ID, :KEY_ID, :MTCH_CD)
05/21/2026 12:24:57 DEBUG : Thread ID = 139648306579200:  Rule Matcher:   File = TableBreakMatches.cc:  Line = 164:  Placeholder Values are  : BREAK_ID : 3001, DATASET_ID : 1.13001e+08, KEY_ID : 400132

05/21/2026 12:24:57 DEBUG : Thread ID = 139648306579200:  Rule Matcher:   File = TableBreakMatches.cc:  Line = 183:  INSERT INTO fccmatomic.KDD_BREAK_MTCHS (BREAK_ID,DATASET_ID,KEY_ID,MATCH_CD) VALUES (:BREAK_ID, : DATASET_ID, :KEY_ID, :MTCH_CD)
05/21/2026 12:24:57 DEBUG : Thread ID = 139648306579200:  Rule Matcher:   File = TableBreakMatches.cc:  Line = 164:  Placeholder Values are  : BREAK_ID : 3001, DATASET_ID : 1.13001e+08, KEY_ID : 500130

05/21/2026 12:24:57 DEBUG : Thread ID = 139648306579200:  Rule Matcher:   File = TableBreakMatches.cc:  Line = 183:  INSERT INTO fccmatomic.KDD_BREAK_MTCHS (BREAK_ID,DATASET_ID,KEY_ID,MATCH_CD) VALUES (:BREAK_ID, : DATASET_ID, :KEY_ID, :MTCH_CD)
05/21/2026 12:24:57 DEBUG : Thread ID = 139648306579200:  Rule Matcher:   File = TableBreakMatches.cc:  Line = 164:  Placeholder Values are  : BREAK_ID : 3001, DATASET_ID : 1.13001e+08, KEY_ID : 500131

05/21/2026 12:24:57 DEBUG : Thread ID = 139648306579200:  Rule Matcher:   File = TableBreakMatches.cc:  Line = 183:  INSERT INTO fccmatomic.KDD_BREAK_MTCHS (BREAK_ID,DATASET_ID,KEY_ID,MATCH_CD) VALUES (:BREAK_ID, : DATASET_ID, :KEY_ID, :MTCH_CD)
05/21/2026 12:24:57 DEBUG : Thread ID = 139648306579200:  Rule Matcher:   File = TableBreakMatches.cc:  Line = 164:  Placeholder Values are  : BREAK_ID : 3001, DATASET_ID : 1.13001e+08, KEY_ID : 500132

05/21/2026 12:24:57 DEBUG : Thread ID = 139648306579200:  Rule Matcher:   File = TableBreakMatches.cc:  Line = 183:  INSERT INTO fccmatomic.KDD_BREAK_MTCHS (BREAK_ID,DATASET_ID,KEY_ID,MATCH_CD) VALUES (:BREAK_ID, : DATASET_ID, :KEY_ID, :MTCH_CD)
05/21/2026 12:24:57 DEBUG : Thread ID = 139648306579200:  Rule Matcher:   File = TableBreakMatches.cc:  Line = 164:  Placeholder Values are  : BREAK_ID : 3001, DATASET_ID : 1.13001e+08, KEY_ID : 100130

05/21/2026 12:24:57 DEBUG : Thread ID = 139648306579200:  Rule Matcher:   File = TableBreakMatches.cc:  Line = 183:  INSERT INTO fccmatomic.KDD_BREAK_MTCHS (BREAK_ID,DATASET_ID,KEY_ID,MATCH_CD) VALUES (:BREAK_ID, : DATASET_ID, :KEY_ID, :MTCH_CD)
05/21/2026 12:24:57 DEBUG : Thread ID = 139648306579200:  Rule Matcher:   File = TableBreakMatches.cc:  Line = 164:  Placeholder Values are  : BREAK_ID : 3001, DATASET_ID : 1.13001e+08, KEY_ID : 100131

05/21/2026 12:24:57 DEBUG : Thread ID = 139648306579200:  Rule Matcher:   File = TableBreakMatches.cc:  Line = 183:  INSERT INTO fccmatomic.KDD_BREAK_MTCHS (BREAK_ID,DATASET_ID,KEY_ID,MATCH_CD) VALUES (:BREAK_ID, : DATASET_ID, :KEY_ID, :MTCH_CD)
05/21/2026 12:24:57 DEBUG : Thread ID = 139648306579200:  Rule Matcher:   File = TableBreakMatches.cc:  Line = 164:  Placeholder Values are  : BREAK_ID : 3001, DATASET_ID : 1.13001e+08, KEY_ID : 100132

05/21/2026 12:24:57 DEBUG : Thread ID = 139648306579200:  Rule Matcher:   File = TableBreakMatches.cc:  Line = 183:  INSERT INTO fccmatomic.KDD_BREAK_MTCHS (BREAK_ID,DATASET_ID,KEY_ID,MATCH_CD) VALUES (:BREAK_ID, : DATASET_ID, :KEY_ID, :MTCH_CD)
05/21/2026 12:24:57 DEBUG : Thread ID = 139648306579200:  Rule Matcher:   File = TableBreakMatches.cc:  Line = 164:  Placeholder Values are  : BREAK_ID : 3001, DATASET_ID : 1.13001e+08, KEY_ID : 24392

05/21/2026 12:24:57 DEBUG : Thread ID = 139648306579200:  Rule Matcher:   File = TableBreakMatches.cc:  Line = 183:  INSERT INTO fccmatomic.KDD_BREAK_MTCHS (BREAK_ID,DATASET_ID,KEY_ID,MATCH_CD) VALUES (:BREAK_ID, : DATASET_ID, :KEY_ID, :MTCH_CD)
05/21/2026 12:24:57 DEBUG : Thread ID = 139648306579200:  Rule Matcher:   File = TableBreakMatches.cc:  Line = 164:  Placeholder Values are  : BREAK_ID : 3001, DATASET_ID : 1.13001e+08, KEY_ID : 24393

05/21/2026 12:24:57 DEBUG : Thread ID = 139648306579200:  Rule Matcher:   File = TableBreakMatches.cc:  Line = 183:  INSERT INTO fccmatomic.KDD_BREAK_MTCHS (BREAK_ID,DATASET_ID,KEY_ID,MATCH_CD) VALUES (:BREAK_ID, : DATASET_ID, :KEY_ID, :MTCH_CD)
05/21/2026 12:24:57 DEBUG : Thread ID = 139648306579200:  Rule Matcher:   File = TableBreakMatches.cc:  Line = 164:  Placeholder Values are  : BREAK_ID : 3001, DATASET_ID : 1.13001e+08, KEY_ID : 24394

05/21/2026 12:24:57 DEBUG : Thread ID = 139648306579200:  Rule Matcher:   File = TableBreakMatches.cc:  Line = 183:  INSERT INTO fccmatomic.KDD_BREAK_MTCHS (BREAK_ID,DATASET_ID,KEY_ID,MATCH_CD) VALUES (:BREAK_ID, : DATASET_ID, :KEY_ID, :MTCH_CD)
05/21/2026 12:24:57 DEBUG : Thread ID = 139648306579200:  Rule Matcher:   File = TableBreakMatches.cc:  Line = 164:  Placeholder Values are  : BREAK_ID : 3001, DATASET_ID : 1.13001e+08, KEY_ID : 3924

05/21/2026 12:24:57 DEBUG : Thread ID = 139648306579200:  Rule Matcher:   File = TableBreakMatches.cc:  Line = 183:  INSERT INTO fccmatomic.KDD_BREAK_MTCHS (BREAK_ID,DATASET_ID,KEY_ID,MATCH_CD) VALUES (:BREAK_ID, : DATASET_ID, :KEY_ID, :MTCH_CD)
05/21/2026 12:24:57 DEBUG : Thread ID = 139648306579200:  Rule Matcher:   File = TableBreakMatches.cc:  Line = 164:  Placeholder Values are  : BREAK_ID : 3001, DATASET_ID : 1.13001e+08, KEY_ID : 3925

05/21/2026 12:24:57 DEBUG : Thread ID = 139648306579200:  Rule Matcher:   File = TableBreakMatches.cc:  Line = 183:  INSERT INTO fccmatomic.KDD_BREAK_MTCHS (BREAK_ID,DATASET_ID,KEY_ID,MATCH_CD) VALUES (:BREAK_ID, : DATASET_ID, :KEY_ID, :MTCH_CD)
05/21/2026 12:24:57 DEBUG : Thread ID = 139648306579200:  Rule Matcher:   File = TableBreakMatches.cc:  Line = 164:  Placeholder Values are  : BREAK_ID : 3001, DATASET_ID : 1.13001e+08, KEY_ID : 3926

05/21/2026 12:24:57 DEBUG : Thread ID = 139648306579200:  Rule Matcher:   File = TableBreakMatches.cc:  Line = 183:  INSERT INTO fccmatomic.KDD_BREAK_MTCHS (BREAK_ID,DATASET_ID,KEY_ID,MATCH_CD) VALUES (:BREAK_ID, : DATASET_ID, :KEY_ID, :MTCH_CD)
05/21/2026 12:24:57 DEBUG : Thread ID = 139648306579200:  Rule Matcher:   File = TableBreakMatches.cc:  Line = 164:  Placeholder Values are  : BREAK_ID : 3001, DATASET_ID : 1.13001e+08, KEY_ID : 325580

05/21/2026 12:24:57 DEBUG : Thread ID = 139648306579200:  Rule Matcher:   File = TableBreakMatches.cc:  Line = 183:  INSERT INTO fccmatomic.KDD_BREAK_MTCHS (BREAK_ID,DATASET_ID,KEY_ID,MATCH_CD) VALUES (:BREAK_ID, : DATASET_ID, :KEY_ID, :MTCH_CD)
05/21/2026 12:24:57 DEBUG : Thread ID = 139648306579200:  Rule Matcher:   File = TableBreakMatches.cc:  Line = 164:  Placeholder Values are  : BREAK_ID : 3001, DATASET_ID : 1.13001e+08, KEY_ID : 300070

05/21/2026 12:24:57 DEBUG : Thread ID = 139648306579200:  Rule Matcher:   File = TableBreakMatches.cc:  Line = 183:  INSERT INTO fccmatomic.KDD_BREAK_MTCHS (BREAK_ID,DATASET_ID,KEY_ID,MATCH_CD) VALUES (:BREAK_ID, : DATASET_ID, :KEY_ID, :MTCH_CD)
05/21/2026 12:24:57 DEBUG : Thread ID = 139648306579200:  Rule Matcher:   File = TableBreakMatches.cc:  Line = 164:  Placeholder Values are  : BREAK_ID : 3001, DATASET_ID : 1.13001e+08, KEY_ID : 327462

05/21/2026 12:24:57 DEBUG : Thread ID = 139648306579200:  Rule Matcher:   File = TableBreakMatches.cc:  Line = 183:  INSERT INTO fccmatomic.KDD_BREAK_MTCHS (BREAK_ID,DATASET_ID,KEY_ID,MATCH_CD) VALUES (:BREAK_ID, : DATASET_ID, :KEY_ID, :MTCH_CD)
05/21/2026 12:24:57 DEBUG : Thread ID = 139648306579200:  Rule Matcher:   File = TableBreakMatches.cc:  Line = 164:  Placeholder Values are  : BREAK_ID : 3001, DATASET_ID : 1.13001e+08, KEY_ID : 327580

05/21/2026 12:24:57 DEBUG : Thread ID = 139648306579200:  Rule Matcher:   File = TableBreakMatches.cc:  Line = 183:  INSERT INTO fccmatomic.KDD_BREAK_MTCHS (BREAK_ID,DATASET_ID,KEY_ID,MATCH_CD) VALUES (:BREAK_ID, : DATASET_ID, :KEY_ID, :MTCH_CD)
05/21/2026 12:24:57 DEBUG : Thread ID = 139648306579200:  Rule Matcher:   File = TableBreakMatches.cc:  Line = 164:  Placeholder Values are  : BREAK_ID : 3001, DATASET_ID : 1.13001e+08, KEY_ID : 328279

05/21/2026 12:24:57 DEBUG : Thread ID = 139648306579200:  Rule Matcher:   File = TableBreakMatches.cc:  Line = 183:  INSERT INTO fccmatomic.KDD_BREAK_MTCHS (BREAK_ID,DATASET_ID,KEY_ID,MATCH_CD) VALUES (:BREAK_ID, : DATASET_ID, :KEY_ID, :MTCH_CD)
05/21/2026 12:24:57 DEBUG : Thread ID = 139648306579200:  Rule Matcher:   File = TableBreakMatches.cc:  Line = 164:  Placeholder Values are  : BREAK_ID : 3001, DATASET_ID : 1.13001e+08, KEY_ID : 330259

05/21/2026 12:24:57 DEBUG : Thread ID = 139648306579200:  Rule Matcher:   File = TableBreakMatches.cc:  Line = 183:  INSERT INTO fccmatomic.KDD_BREAK_MTCHS (BREAK_ID,DATASET_ID,KEY_ID,MATCH_CD) VALUES (:BREAK_ID, : DATASET_ID, :KEY_ID, :MTCH_CD)
05/21/2026 12:24:57 DEBUG : Thread ID = 139648306579200:  Rule Matcher:   File = TableBreakMatches.cc:  Line = 164:  Placeholder Values are  : BREAK_ID : 3001, DATASET_ID : 1.13001e+08, KEY_ID : 330260

05/21/2026 12:24:57 DEBUG : Thread ID = 139648306579200:  Rule Matcher:   File = TableBreakMatches.cc:  Line = 183:  INSERT INTO fccmatomic.KDD_BREAK_MTCHS (BREAK_ID,DATASET_ID,KEY_ID,MATCH_CD) VALUES (:BREAK_ID, : DATASET_ID, :KEY_ID, :MTCH_CD)
05/21/2026 12:24:57 DEBUG : Thread ID = 139648306579200:  Rule Matcher:   File = TableBreakMatches.cc:  Line = 164:  Placeholder Values are  : BREAK_ID : 3001, DATASET_ID : 1.13001e+08, KEY_ID : 330261

05/21/2026 12:24:57 DEBUG : Thread ID = 139648306579200:  Rule Matcher:   File = TableBreakMatches.cc:  Line = 183:  INSERT INTO fccmatomic.KDD_BREAK_MTCHS (BREAK_ID,DATASET_ID,KEY_ID,MATCH_CD) VALUES (:BREAK_ID, : DATASET_ID, :KEY_ID, :MTCH_CD)
05/21/2026 12:24:57 DEBUG : Thread ID = 139648306579200:  Rule Matcher:   File = TableBreakMatches.cc:  Line = 164:  Placeholder Values are  : BREAK_ID : 3001, DATASET_ID : 1.13001e+08, KEY_ID : 330262

05/21/2026 12:24:57 DEBUG : Thread ID = 139648306579200:  Rule Matcher:   File = TableBreakMatches.cc:  Line = 183:  INSERT INTO fccmatomic.KDD_BREAK_MTCHS (BREAK_ID,DATASET_ID,KEY_ID,MATCH_CD) VALUES (:BREAK_ID, : DATASET_ID, :KEY_ID, :MTCH_CD)
05/21/2026 12:24:57 DEBUG : Thread ID = 139648306579200:  Rule Matcher:   File = TableBreakMatches.cc:  Line = 164:  Placeholder Values are  : BREAK_ID : 3001, DATASET_ID : 1.13001e+08, KEY_ID : 330263

05/21/2026 12:24:57 DEBUG : Thread ID = 139648306579200:  Rule Matcher:   File = TableBreakMatches.cc:  Line = 183:  INSERT INTO fccmatomic.KDD_BREAK_MTCHS (BREAK_ID,DATASET_ID,KEY_ID,MATCH_CD) VALUES (:BREAK_ID, : DATASET_ID, :KEY_ID, :MTCH_CD)
05/21/2026 12:24:57 DEBUG : Thread ID = 139648306579200:  Rule Matcher:   File = TableBreakMatches.cc:  Line = 164:  Placeholder Values are  : BREAK_ID : 3001, DATASET_ID : 1.13001e+08, KEY_ID : 330264

05/21/2026 12:24:57 DEBUG : Thread ID = 139648306579200:  Rule Matcher:   File = TableBreakMatches.cc:  Line = 183:  INSERT INTO fccmatomic.KDD_BREAK_MTCHS (BREAK_ID,DATASET_ID,KEY_ID,MATCH_CD) VALUES (:BREAK_ID, : DATASET_ID, :KEY_ID, :MTCH_CD)
05/21/2026 12:24:57 DEBUG : Thread ID = 139648306579200:  Rule Matcher:   File = TableBreakMatches.cc:  Line = 164:  Placeholder Values are  : BREAK_ID : 3002, DATASET_ID : 1.13001e+08, KEY_ID : 325941

05/21/2026 12:24:57 DEBUG : Thread ID = 139648306579200:  Rule Matcher:   File = TableBreakMatches.cc:  Line = 183:  INSERT INTO fccmatomic.KDD_BREAK_MTCHS (BREAK_ID,DATASET_ID,KEY_ID,MATCH_CD) VALUES (:BREAK_ID, : DATASET_ID, :KEY_ID, :MTCH_CD)
05/21/2026 12:24:57 DEBUG : Thread ID = 139648306579200:  Rule Matcher:   File = TableBreakMatches.cc:  Line = 164:  Placeholder Values are  : BREAK_ID : 3002, DATASET_ID : 1.13001e+08, KEY_ID : 325942

05/21/2026 12:24:57 DEBUG : Thread ID = 139648306579200:  Rule Matcher:   File = TableBreakMatches.cc:  Line = 183:  INSERT INTO fccmatomic.KDD_BREAK_MTCHS (BREAK_ID,DATASET_ID,KEY_ID,MATCH_CD) VALUES (:BREAK_ID, : DATASET_ID, :KEY_ID, :MTCH_CD)
05/21/2026 12:24:57 DEBUG : Thread ID = 139648306579200:  Rule Matcher:   File = TableBreakMatches.cc:  Line = 164:  Placeholder Values are  : BREAK_ID : 3002, DATASET_ID : 1.13001e+08, KEY_ID : 325943

05/21/2026 12:24:57 DEBUG : Thread ID = 139648306579200:  Rule Matcher:   File = TableBreakMatches.cc:  Line = 183:  INSERT INTO fccmatomic.KDD_BREAK_MTCHS (BREAK_ID,DATASET_ID,KEY_ID,MATCH_CD) VALUES (:BREAK_ID, : DATASET_ID, :KEY_ID, :MTCH_CD)
05/21/2026 12:24:57 DEBUG : Thread ID = 139648306579200:  Rule Matcher:   File = TableBreakMatches.cc:  Line = 164:  Placeholder Values are  : BREAK_ID : 3002, DATASET_ID : 1.13001e+08, KEY_ID : 327527

05/21/2026 12:24:57 DEBUG : Thread ID = 139648306579200:  Rule Matcher:   File = TableBreakMatches.cc:  Line = 183:  INSERT INTO fccmatomic.KDD_BREAK_MTCHS (BREAK_ID,DATASET_ID,KEY_ID,MATCH_CD) VALUES (:BREAK_ID, : DATASET_ID, :KEY_ID, :MTCH_CD)
05/21/2026 12:24:57 DEBUG : Thread ID = 139648306579200:  Rule Matcher:   File = TableBreakMatches.cc:  Line = 164:  Placeholder Values are  : BREAK_ID : 3002, DATASET_ID : 1.13001e+08, KEY_ID : 450939

05/21/2026 12:24:57 DEBUG : Thread ID = 139648306579200:  Rule Matcher:   File = TableBreakMatches.cc:  Line = 183:  INSERT INTO fccmatomic.KDD_BREAK_MTCHS (BREAK_ID,DATASET_ID,KEY_ID,MATCH_CD) VALUES (:BREAK_ID, : DATASET_ID, :KEY_ID, :MTCH_CD)
05/21/2026 12:24:57 DEBUG : Thread ID = 139648306579200:  Rule Matcher:   File = TableBreakMatches.cc:  Line = 164:  Placeholder Values are  : BREAK_ID : 3002, DATASET_ID : 1.13001e+08, KEY_ID : 450940

05/21/2026 12:24:57 DEBUG : Thread ID = 139648306579200:  Rule Matcher:   File = TableBreakMatches.cc:  Line = 183:  INSERT INTO fccmatomic.KDD_BREAK_MTCHS (BREAK_ID,DATASET_ID,KEY_ID,MATCH_CD) VALUES (:BREAK_ID, : DATASET_ID, :KEY_ID, :MTCH_CD)
05/21/2026 12:24:57 DEBUG : Thread ID = 139648306579200:  Rule Matcher:   File = TableBreakMatches.cc:  Line = 164:  Placeholder Values are  : BREAK_ID : 3002, DATASET_ID : 1.13001e+08, KEY_ID : 450941

05/21/2026 12:24:57 DEBUG : Thread ID = 139648306579200:  Rule Matcher:   File = TableBreakMatches.cc:  Line = 183:  INSERT INTO fccmatomic.KDD_BREAK_MTCHS (BREAK_ID,DATASET_ID,KEY_ID,MATCH_CD) VALUES (:BREAK_ID, : DATASET_ID, :KEY_ID, :MTCH_CD)
05/21/2026 12:24:57 DEBUG : Thread ID = 139648306579200:  Rule Matcher:   File = TableBreakMatches.cc:  Line = 164:  Placeholder Values are  : BREAK_ID : 3002, DATASET_ID : 1.13001e+08, KEY_ID : 452525

05/21/2026 12:24:57 DEBUG : Thread ID = 139648306579200:  Rule Matcher:   File = TableBreakMatches.cc:  Line = 183:  INSERT INTO fccmatomic.KDD_BREAK_MTCHS (BREAK_ID,DATASET_ID,KEY_ID,MATCH_CD) VALUES (:BREAK_ID, : DATASET_ID, :KEY_ID, :MTCH_CD)
05/21/2026 12:24:57 DEBUG : Thread ID = 139648306579200:  Rule Matcher:   File = TableBreakMatches.cc:  Line = 164:  Placeholder Values are  : BREAK_ID : 3002, DATASET_ID : 1.13001e+08, KEY_ID : 550942

05/21/2026 12:24:57 DEBUG : Thread ID = 139648306579200:  Rule Matcher:   File = TableBreakMatches.cc:  Line = 183:  INSERT INTO fccmatomic.KDD_BREAK_MTCHS (BREAK_ID,DATASET_ID,KEY_ID,MATCH_CD) VALUES (:BREAK_ID, : DATASET_ID, :KEY_ID, :MTCH_CD)
05/21/2026 12:24:57 DEBUG : Thread ID = 139648306579200:  Rule Matcher:   File = TableBreakMatches.cc:  Line = 164:  Placeholder Values are  : BREAK_ID : 3002, DATASET_ID : 1.13001e+08, KEY_ID : 550943

05/21/2026 12:24:57 DEBUG : Thread ID = 139648306579200:  Rule Matcher:   File = TableBreakMatches.cc:  Line = 183:  INSERT INTO fccmatomic.KDD_BREAK_MTCHS (BREAK_ID,DATASET_ID,KEY_ID,MATCH_CD) VALUES (:BREAK_ID, : DATASET_ID, :KEY_ID, :MTCH_CD)
05/21/2026 12:24:57 DEBUG : Thread ID = 139648306579200:  Rule Matcher:   File = TableBreakMatches.cc:  Line = 164:  Placeholder Values are  : BREAK_ID : 3002, DATASET_ID : 1.13001e+08, KEY_ID : 550944

05/21/2026 12:24:57 DEBUG : Thread ID = 139648306579200:  Rule Matcher:   File = TableBreakMatches.cc:  Line = 183:  INSERT INTO fccmatomic.KDD_BREAK_MTCHS (BREAK_ID,DATASET_ID,KEY_ID,MATCH_CD) VALUES (:BREAK_ID, : DATASET_ID, :KEY_ID, :MTCH_CD)
05/21/2026 12:24:57 DEBUG : Thread ID = 139648306579200:  Rule Matcher:   File = TableBreakMatches.cc:  Line = 164:  Placeholder Values are  : BREAK_ID : 3002, DATASET_ID : 1.13001e+08, KEY_ID : 552528

05/21/2026 12:24:57 DEBUG : Thread ID = 139648306579200:  Rule Matcher:   File = TableBreakMatches.cc:  Line = 183:  INSERT INTO fccmatomic.KDD_BREAK_MTCHS (BREAK_ID,DATASET_ID,KEY_ID,MATCH_CD) VALUES (:BREAK_ID, : DATASET_ID, :KEY_ID, :MTCH_CD)
05/21/2026 12:24:57 DEBUG : Thread ID = 139648306579200:  Rule Matcher:   File = TableBreakMatches.cc:  Line = 164:  Placeholder Values are  : BREAK_ID : 3002, DATASET_ID : 1.13001e+08, KEY_ID : 108622

05/21/2026 12:24:57 DEBUG : Thread ID = 139648306579200:  Rule Matcher:   File = TableBreakMatches.cc:  Line = 183:  INSERT INTO fccmatomic.KDD_BREAK_MTCHS (BREAK_ID,DATASET_ID,KEY_ID,MATCH_CD) VALUES (:BREAK_ID, : DATASET_ID, :KEY_ID, :MTCH_CD)
05/21/2026 12:24:57 DEBUG : Thread ID = 139648306579200:  Rule Matcher:   File = TableBreakMatches.cc:  Line = 164:  Placeholder Values are  : BREAK_ID : 3002, DATASET_ID : 1.13001e+08, KEY_ID : 108623

05/21/2026 12:24:57 DEBUG : Thread ID = 139648306579200:  Rule Matcher:   File = TableBreakMatches.cc:  Line = 183:  INSERT INTO fccmatomic.KDD_BREAK_MTCHS (BREAK_ID,DATASET_ID,KEY_ID,MATCH_CD) VALUES (:BREAK_ID, : DATASET_ID, :KEY_ID, :MTCH_CD)
05/21/2026 12:24:57 DEBUG : Thread ID = 139648306579200:  Rule Matcher:   File = TableBreakMatches.cc:  Line = 164:  Placeholder Values are  : BREAK_ID : 3002, DATASET_ID : 1.13001e+08, KEY_ID : 108624

05/21/2026 12:24:57 DEBUG : Thread ID = 139648306579200:  Rule Matcher:   File = TableBreakMatches.cc:  Line = 183:  INSERT INTO fccmatomic.KDD_BREAK_MTCHS (BREAK_ID,DATASET_ID,KEY_ID,MATCH_CD) VALUES (:BREAK_ID, : DATASET_ID, :KEY_ID, :MTCH_CD)
05/21/2026 12:24:57 DEBUG : Thread ID = 139648306579200:  Rule Matcher:   File = TableBreakMatches.cc:  Line = 164:  Placeholder Values are  : BREAK_ID : 3002, DATASET_ID : 1.13001e+08, KEY_ID : 110208

05/21/2026 12:24:57 DEBUG : Thread ID = 139648306579200:  Rule Matcher:   File = TableBreakMatches.cc:  Line = 183:  INSERT INTO fccmatomic.KDD_BREAK_MTCHS (BREAK_ID,DATASET_ID,KEY_ID,MATCH_CD) VALUES (:BREAK_ID, : DATASET_ID, :KEY_ID, :MTCH_CD)
05/21/2026 12:24:57 DEBUG : Thread ID = 139648306579200:  Rule Matcher:   File = TableBreakMatches.cc:  Line = 164:  Placeholder Values are  : BREAK_ID : 3002, DATASET_ID : 1.13001e+08, KEY_ID : 12416

05/21/2026 12:24:57 DEBUG : Thread ID = 139648306579200:  Rule Matcher:   File = TableBreakMatches.cc:  Line = 183:  INSERT INTO fccmatomic.KDD_BREAK_MTCHS (BREAK_ID,DATASET_ID,KEY_ID,MATCH_CD) VALUES (:BREAK_ID, : DATASET_ID, :KEY_ID, :MTCH_CD)
05/21/2026 12:24:57 DEBUG : Thread ID = 139648306579200:  Rule Matcher:   File = TableBreakMatches.cc:  Line = 164:  Placeholder Values are  : BREAK_ID : 3002, DATASET_ID : 1.13001e+08, KEY_ID : 12417

05/21/2026 12:24:57 DEBUG : Thread ID = 139648306579200:  Rule Matcher:   File = TableBreakMatches.cc:  Line = 183:  INSERT INTO fccmatomic.KDD_BREAK_MTCHS (BREAK_ID,DATASET_ID,KEY_ID,MATCH_CD) VALUES (:BREAK_ID, : DATASET_ID, :KEY_ID, :MTCH_CD)
05/21/2026 12:24:57 DEBUG : Thread ID = 139648306579200:  Rule Matcher:   File = TableBreakMatches.cc:  Line = 164:  Placeholder Values are  : BREAK_ID : 3002, DATASET_ID : 1.13001e+08, KEY_ID : 12418

05/21/2026 12:24:57 DEBUG : Thread ID = 139648306579200:  Rule Matcher:   File = TableBreakMatches.cc:  Line = 183:  INSERT INTO fccmatomic.KDD_BREAK_MTCHS (BREAK_ID,DATASET_ID,KEY_ID,MATCH_CD) VALUES (:BREAK_ID, : DATASET_ID, :KEY_ID, :MTCH_CD)
05/21/2026 12:24:57 DEBUG : Thread ID = 139648306579200:  Rule Matcher:   File = TableBreakMatches.cc:  Line = 164:  Placeholder Values are  : BREAK_ID : 3002, DATASET_ID : 1.13001e+08, KEY_ID : 14002

05/21/2026 12:24:57 DEBUG : Thread ID = 139648306579200:  Rule Matcher:   File = TableBreakMatches.cc:  Line = 183:  INSERT INTO fccmatomic.KDD_BREAK_MTCHS (BREAK_ID,DATASET_ID,KEY_ID,MATCH_CD) VALUES (:BREAK_ID, : DATASET_ID, :KEY_ID, :MTCH_CD)
05/21/2026 12:24:57 DEBUG : Thread ID = 139648306579200:  Rule Matcher:   File = TableBreakMatches.cc:  Line = 164:  Placeholder Values are  : BREAK_ID : 3002, DATASET_ID : 1.13001e+08, KEY_ID : 32884

05/21/2026 12:24:57 DEBUG : Thread ID = 139648306579200:  Rule Matcher:   File = TableBreakMatches.cc:  Line = 183:  INSERT INTO fccmatomic.KDD_BREAK_MTCHS (BREAK_ID,DATASET_ID,KEY_ID,MATCH_CD) VALUES (:BREAK_ID, : DATASET_ID, :KEY_ID, :MTCH_CD)
05/21/2026 12:24:57 DEBUG : Thread ID = 139648306579200:  Rule Matcher:   File = TableBreakMatches.cc:  Line = 164:  Placeholder Values are  : BREAK_ID : 3002, DATASET_ID : 1.13001e+08, KEY_ID : 32885

05/21/2026 12:24:57 DEBUG : Thread ID = 139648306579200:  Rule Matcher:   File = TableBreakMatches.cc:  Line = 183:  INSERT INTO fccmatomic.KDD_BREAK_MTCHS (BREAK_ID,DATASET_ID,KEY_ID,MATCH_CD) VALUES (:BREAK_ID, : DATASET_ID, :KEY_ID, :MTCH_CD)
05/21/2026 12:24:57 DEBUG : Thread ID = 139648306579200:  Rule Matcher:   File = TableBreakMatches.cc:  Line = 164:  Placeholder Values are  : BREAK_ID : 3002, DATASET_ID : 1.13001e+08, KEY_ID : 32886

05/21/2026 12:24:57 DEBUG : Thread ID = 139648306579200:  Rule Matcher:   File = TableBreakMatches.cc:  Line = 183:  INSERT INTO fccmatomic.KDD_BREAK_MTCHS (BREAK_ID,DATASET_ID,KEY_ID,MATCH_CD) VALUES (:BREAK_ID, : DATASET_ID, :KEY_ID, :MTCH_CD)
05/21/2026 12:24:57 DEBUG : Thread ID = 139648306579200:  Rule Matcher:   File = TableBreakMatches.cc:  Line = 164:  Placeholder Values are  : BREAK_ID : 3002, DATASET_ID : 1.13001e+08, KEY_ID : 34470

05/21/2026 12:24:57 DEBUG : Thread ID = 139648306579200:  Rule Matcher:   File = TableBreakMatches.cc:  Line = 183:  INSERT INTO fccmatomic.KDD_BREAK_MTCHS (BREAK_ID,DATASET_ID,KEY_ID,MATCH_CD) VALUES (:BREAK_ID, : DATASET_ID, :KEY_ID, :MTCH_CD)
05/21/2026 12:24:57 DEBUG : Thread ID = 139648306579200:  Rule Matcher:   File = TableBreakMatches.cc:  Line = 164:  Placeholder Values are  : BREAK_ID : 3002, DATASET_ID : 1.13001e+08, KEY_ID : 350554

05/21/2026 12:24:57 DEBUG : Thread ID = 139648306579200:  Rule Matcher:   File = TableBreakMatches.cc:  Line = 183:  INSERT INTO fccmatomic.KDD_BREAK_MTCHS (BREAK_ID,DATASET_ID,KEY_ID,MATCH_CD) VALUES (:BREAK_ID, : DATASET_ID, :KEY_ID, :MTCH_CD)
05/21/2026 12:24:57 DEBUG : Thread ID = 139648306579200:  Rule Matcher:   File = TableBreakMatches.cc:  Line = 164:  Placeholder Values are  : BREAK_ID : 3002, DATASET_ID : 1.13001e+08, KEY_ID : 302709

05/21/2026 12:24:57 DEBUG : Thread ID = 139648306579200:  Rule Matcher:   File = TableBreakMatches.cc:  Line = 183:  INSERT INTO fccmatomic.KDD_BREAK_MTCHS (BREAK_ID,DATASET_ID,KEY_ID,MATCH_CD) VALUES (:BREAK_ID, : DATASET_ID, :KEY_ID, :MTCH_CD)
05/21/2026 12:24:57 DEBUG : Thread ID = 139648306579200:  Rule Matcher:   File = TableBreakMatches.cc:  Line = 164:  Placeholder Values are  : BREAK_ID : 3002, DATASET_ID : 1.13001e+08, KEY_ID : 302710

05/21/2026 12:24:57 DEBUG : Thread ID = 139648306579200:  Rule Matcher:   File = TableBreakMatches.cc:  Line = 183:  INSERT INTO fccmatomic.KDD_BREAK_MTCHS (BREAK_ID,DATASET_ID,KEY_ID,MATCH_CD) VALUES (:BREAK_ID, : DATASET_ID, :KEY_ID, :MTCH_CD)
05/21/2026 12:24:57 DEBUG : Thread ID = 139648306579200:  Rule Matcher:   File = TableBreakMatches.cc:  Line = 164:  Placeholder Values are  : BREAK_ID : 3002, DATASET_ID : 1.13001e+08, KEY_ID : 302711

05/21/2026 12:24:57 DEBUG : Thread ID = 139648306579200:  Rule Matcher:   File = TableBreakMatches.cc:  Line = 183:  INSERT INTO fccmatomic.KDD_BREAK_MTCHS (BREAK_ID,DATASET_ID,KEY_ID,MATCH_CD) VALUES (:BREAK_ID, : DATASET_ID, :KEY_ID, :MTCH_CD)
05/21/2026 12:24:57 DEBUG : Thread ID = 139648306579200:  Rule Matcher:   File = TableBreakMatches.cc:  Line = 164:  Placeholder Values are  : BREAK_ID : 3002, DATASET_ID : 1.13001e+08, KEY_ID : 302712

05/21/2026 12:24:57 DEBUG : Thread ID = 139648306579200:  Rule Matcher:   File = TableBreakMatches.cc:  Line = 183:  INSERT INTO fccmatomic.KDD_BREAK_MTCHS (BREAK_ID,DATASET_ID,KEY_ID,MATCH_CD) VALUES (:BREAK_ID, : DATASET_ID, :KEY_ID, :MTCH_CD)
05/21/2026 12:24:57 DEBUG : Thread ID = 139648306579200:  Rule Matcher:   File = TableBreakMatches.cc:  Line = 164:  Placeholder Values are  : BREAK_ID : 3002, DATASET_ID : 1.13001e+08, KEY_ID : 302713

05/21/2026 12:24:57 DEBUG : Thread ID = 139648306579200:  Rule Matcher:   File = TableBreakMatches.cc:  Line = 183:  INSERT INTO fccmatomic.KDD_BREAK_MTCHS (BREAK_ID,DATASET_ID,KEY_ID,MATCH_CD) VALUES (:BREAK_ID, : DATASET_ID, :KEY_ID, :MTCH_CD)
05/21/2026 12:24:57 DEBUG : Thread ID = 139648306579200:  Rule Matcher:   File = TableBreakMatches.cc:  Line = 164:  Placeholder Values are  : BREAK_ID : 3002, DATASET_ID : 1.13001e+08, KEY_ID : 302714

05/21/2026 12:24:57 DEBUG : Thread ID = 139648306579200:  Rule Matcher:   File = TableBreakMatches.cc:  Line = 183:  INSERT INTO fccmatomic.KDD_BREAK_MTCHS (BREAK_ID,DATASET_ID,KEY_ID,MATCH_CD) VALUES (:BREAK_ID, : DATASET_ID, :KEY_ID, :MTCH_CD)
05/21/2026 12:24:57 DEBUG : Thread ID = 139648306579200:  Rule Matcher:   File = TableBreakMatches.cc:  Line = 164:  Placeholder Values are  : BREAK_ID : 3002, DATASET_ID : 1.13001e+08, KEY_ID : 305881

05/21/2026 12:24:57 DEBUG : Thread ID = 139648306579200:  Rule Matcher:   File = TableBreakMatches.cc:  Line = 183:  INSERT INTO fccmatomic.KDD_BREAK_MTCHS (BREAK_ID,DATASET_ID,KEY_ID,MATCH_CD) VALUES (:BREAK_ID, : DATASET_ID, :KEY_ID, :MTCH_CD)
05/21/2026 12:24:57 DEBUG : Thread ID = 139648306579200:  Rule Matcher:   File = TableBreakMatches.cc:  Line = 164:  Placeholder Values are  : BREAK_ID : 3002, DATASET_ID : 1.13001e+08, KEY_ID : 305882

05/21/2026 12:24:57 DEBUG : Thread ID = 139648306579200:  Rule Matcher:   File = TableBreakMatches.cc:  Line = 183:  INSERT INTO fccmatomic.KDD_BREAK_MTCHS (BREAK_ID,DATASET_ID,KEY_ID,MATCH_CD) VALUES (:BREAK_ID, : DATASET_ID, :KEY_ID, :MTCH_CD)
05/21/2026 12:24:57 DEBUG : Thread ID = 139648306579200:  Rule Matcher:   File = TableBreakMatches.cc:  Line = 164:  Placeholder Values are  : BREAK_ID : 3002, DATASET_ID : 1.13001e+08, KEY_ID : 306381

05/21/2026 12:24:57 DEBUG : Thread ID = 139648306579200:  Rule Matcher:   File = TableBreakMatches.cc:  Line = 183:  INSERT INTO fccmatomic.KDD_BREAK_MTCHS (BREAK_ID,DATASET_ID,KEY_ID,MATCH_CD) VALUES (:BREAK_ID, : DATASET_ID, :KEY_ID, :MTCH_CD)
05/21/2026 12:24:57 DEBUG : Thread ID = 139648306579200:  Rule Matcher:   File = TableBreakMatches.cc:  Line = 164:  Placeholder Values are  : BREAK_ID : 3002, DATASET_ID : 1.13001e+08, KEY_ID : 306382

05/21/2026 12:24:57 DEBUG : Thread ID = 139648306579200:  Rule Matcher:   File = TableBreakMatches.cc:  Line = 183:  INSERT INTO fccmatomic.KDD_BREAK_MTCHS (BREAK_ID,DATASET_ID,KEY_ID,MATCH_CD) VALUES (:BREAK_ID, : DATASET_ID, :KEY_ID, :MTCH_CD)
05/21/2026 12:24:57 DEBUG : Thread ID = 139648306579200:  Rule Matcher:   File = TableBreakMatches.cc:  Line = 164:  Placeholder Values are  : BREAK_ID : 3003, DATASET_ID : 1.13001e+08, KEY_ID : 326169

05/21/2026 12:24:57 DEBUG : Thread ID = 139648306579200:  Rule Matcher:   File = TableBreakMatches.cc:  Line = 183:  INSERT INTO fccmatomic.KDD_BREAK_MTCHS (BREAK_ID,DATASET_ID,KEY_ID,MATCH_CD) VALUES (:BREAK_ID, : DATASET_ID, :KEY_ID, :MTCH_CD)
05/21/2026 12:24:57 DEBUG : Thread ID = 139648306579200:  Rule Matcher:   File = TableBreakMatches.cc:  Line = 164:  Placeholder Values are  : BREAK_ID : 3003, DATASET_ID : 1.13001e+08, KEY_ID : 326170

05/21/2026 12:24:57 DEBUG : Thread ID = 139648306579200:  Rule Matcher:   File = TableBreakMatches.cc:  Line = 183:  INSERT INTO fccmatomic.KDD_BREAK_MTCHS (BREAK_ID,DATASET_ID,KEY_ID,MATCH_CD) VALUES (:BREAK_ID, : DATASET_ID, :KEY_ID, :MTCH_CD)
05/21/2026 12:24:57 DEBUG : Thread ID = 139648306579200:  Rule Matcher:   File = TableBreakMatches.cc:  Line = 164:  Placeholder Values are  : BREAK_ID : 3003, DATASET_ID : 1.13001e+08, KEY_ID : 326171

05/21/2026 12:24:57 DEBUG : Thread ID = 139648306579200:  Rule Matcher:   File = TableBreakMatches.cc:  Line = 183:  INSERT INTO fccmatomic.KDD_BREAK_MTCHS (BREAK_ID,DATASET_ID,KEY_ID,MATCH_CD) VALUES (:BREAK_ID, : DATASET_ID, :KEY_ID, :MTCH_CD)
05/21/2026 12:24:57 DEBUG : Thread ID = 139648306579200:  Rule Matcher:   File = TableBreakMatches.cc:  Line = 164:  Placeholder Values are  : BREAK_ID : 3003, DATASET_ID : 1.13001e+08, KEY_ID : 327403

05/21/2026 12:24:57 DEBUG : Thread ID = 139648306579200:  Rule Matcher:   File = TableBreakMatches.cc:  Line = 183:  INSERT INTO fccmatomic.KDD_BREAK_MTCHS (BREAK_ID,DATASET_ID,KEY_ID,MATCH_CD) VALUES (:BREAK_ID, : DATASET_ID, :KEY_ID, :MTCH_CD)
05/21/2026 12:24:57 DEBUG : Thread ID = 139648306579200:  Rule Matcher:   File = TableBreakMatches.cc:  Line = 164:  Placeholder Values are  : BREAK_ID : 3003, DATASET_ID : 1.13001e+08, KEY_ID : 451167

05/21/2026 12:24:57 DEBUG : Thread ID = 139648306579200:  Rule Matcher:   File = TableBreakMatches.cc:  Line = 183:  INSERT INTO fccmatomic.KDD_BREAK_MTCHS (BREAK_ID,DATASET_ID,KEY_ID,MATCH_CD) VALUES (:BREAK_ID, : DATASET_ID, :KEY_ID, :MTCH_CD)
05/21/2026 12:24:57 DEBUG : Thread ID = 139648306579200:  Rule Matcher:   File = TableBreakMatches.cc:  Line = 164:  Placeholder Values are  : BREAK_ID : 3003, DATASET_ID : 1.13001e+08, KEY_ID : 451168

05/21/2026 12:24:57 DEBUG : Thread ID = 139648306579200:  Rule Matcher:   File = TableBreakMatches.cc:  Line = 183:  INSERT INTO fccmatomic.KDD_BREAK_MTCHS (BREAK_ID,DATASET_ID,KEY_ID,MATCH_CD) VALUES (:BREAK_ID, : DATASET_ID, :KEY_ID, :MTCH_CD)
05/21/2026 12:24:57 DEBUG : Thread ID = 139648306579200:  Rule Matcher:   File = TableBreakMatches.cc:  Line = 164:  Placeholder Values are  : BREAK_ID : 3003, DATASET_ID : 1.13001e+08, KEY_ID : 451169

05/21/2026 12:24:57 DEBUG : Thread ID = 139648306579200:  Rule Matcher:   File = TableBreakMatches.cc:  Line = 183:  INSERT INTO fccmatomic.KDD_BREAK_MTCHS (BREAK_ID,DATASET_ID,KEY_ID,MATCH_CD) VALUES (:BREAK_ID, : DATASET_ID, :KEY_ID, :MTCH_CD)
05/21/2026 12:24:57 DEBUG : Thread ID = 139648306579200:  Rule Matcher:   File = TableBreakMatches.cc:  Line = 164:  Placeholder Values are  : BREAK_ID : 3003, DATASET_ID : 1.13001e+08, KEY_ID : 452401

05/21/2026 12:24:57 DEBUG : Thread ID = 139648306579200:  Rule Matcher:   File = TableBreakMatches.cc:  Line = 183:  INSERT INTO fccmatomic.KDD_BREAK_MTCHS (BREAK_ID,DATASET_ID,KEY_ID,MATCH_CD) VALUES (:BREAK_ID, : DATASET_ID, :KEY_ID, :MTCH_CD)
05/21/2026 12:24:57 DEBUG : Thread ID = 139648306579200:  Rule Matcher:   File = TableBreakMatches.cc:  Line = 164:  Placeholder Values are  : BREAK_ID : 3003, DATASET_ID : 1.13001e+08, KEY_ID : 551170

05/21/2026 12:24:57 DEBUG : Thread ID = 139648306579200:  Rule Matcher:   File = TableBreakMatches.cc:  Line = 183:  INSERT INTO fccmatomic.KDD_BREAK_MTCHS (BREAK_ID,DATASET_ID,KEY_ID,MATCH_CD) VALUES (:BREAK_ID, : DATASET_ID, :KEY_ID, :MTCH_CD)
05/21/2026 12:24:57 DEBUG : Thread ID = 139648306579200:  Rule Matcher:   File = TableBreakMatches.cc:  Line = 164:  Placeholder Values are  : BREAK_ID : 3003, DATASET_ID : 1.13001e+08, KEY_ID : 551171

05/21/2026 12:24:57 DEBUG : Thread ID = 139648306579200:  Rule Matcher:   File = TableBreakMatches.cc:  Line = 183:  INSERT INTO fccmatomic.KDD_BREAK_MTCHS (BREAK_ID,DATASET_ID,KEY_ID,MATCH_CD) VALUES (:BREAK_ID, : DATASET_ID, :KEY_ID, :MTCH_CD)
05/21/2026 12:24:57 DEBUG : Thread ID = 139648306579200:  Rule Matcher:   File = TableBreakMatches.cc:  Line = 164:  Placeholder Values are  : BREAK_ID : 3003, DATASET_ID : 1.13001e+08, KEY_ID : 551172

05/21/2026 12:24:57 DEBUG : Thread ID = 139648306579200:  Rule Matcher:   File = TableBreakMatches.cc:  Line = 183:  INSERT INTO fccmatomic.KDD_BREAK_MTCHS (BREAK_ID,DATASET_ID,KEY_ID,MATCH_CD) VALUES (:BREAK_ID, : DATASET_ID, :KEY_ID, :MTCH_CD)
05/21/2026 12:24:57 DEBUG : Thread ID = 139648306579200:  Rule Matcher:   File = TableBreakMatches.cc:  Line = 164:  Placeholder Values are  : BREAK_ID : 3003, DATASET_ID : 1.13001e+08, KEY_ID : 552404

05/21/2026 12:24:57 DEBUG : Thread ID = 139648306579200:  Rule Matcher:   File = TableBreakMatches.cc:  Line = 183:  INSERT INTO fccmatomic.KDD_BREAK_MTCHS (BREAK_ID,DATASET_ID,KEY_ID,MATCH_CD) VALUES (:BREAK_ID, : DATASET_ID, :KEY_ID, :MTCH_CD)
05/21/2026 12:24:57 DEBUG : Thread ID = 139648306579200:  Rule Matcher:   File = TableBreakMatches.cc:  Line = 164:  Placeholder Values are  : BREAK_ID : 3003, DATASET_ID : 1.13001e+08, KEY_ID : 108850

05/21/2026 12:24:57 DEBUG : Thread ID = 139648306579200:  Rule Matcher:   File = TableBreakMatches.cc:  Line = 183:  INSERT INTO fccmatomic.KDD_BREAK_MTCHS (BREAK_ID,DATASET_ID,KEY_ID,MATCH_CD) VALUES (:BREAK_ID, : DATASET_ID, :KEY_ID, :MTCH_CD)
05/21/2026 12:24:57 DEBUG : Thread ID = 139648306579200:  Rule Matcher:   File = TableBreakMatches.cc:  Line = 164:  Placeholder Values are  : BREAK_ID : 3003, DATASET_ID : 1.13001e+08, KEY_ID : 108851

05/21/2026 12:24:57 DEBUG : Thread ID = 139648306579200:  Rule Matcher:   File = TableBreakMatches.cc:  Line = 183:  INSERT INTO fccmatomic.KDD_BREAK_MTCHS (BREAK_ID,DATASET_ID,KEY_ID,MATCH_CD) VALUES (:BREAK_ID, : DATASET_ID, :KEY_ID, :MTCH_CD)
05/21/2026 12:24:57 DEBUG : Thread ID = 139648306579200:  Rule Matcher:   File = TableBreakMatches.cc:  Line = 164:  Placeholder Values are  : BREAK_ID : 3003, DATASET_ID : 1.13001e+08, KEY_ID : 108852

05/21/2026 12:24:57 DEBUG : Thread ID = 139648306579200:  Rule Matcher:   File = TableBreakMatches.cc:  Line = 183:  INSERT INTO fccmatomic.KDD_BREAK_MTCHS (BREAK_ID,DATASET_ID,KEY_ID,MATCH_CD) VALUES (:BREAK_ID, : DATASET_ID, :KEY_ID, :MTCH_CD)
05/21/2026 12:24:57 DEBUG : Thread ID = 139648306579200:  Rule Matcher:   File = TableBreakMatches.cc:  Line = 164:  Placeholder Values are  : BREAK_ID : 3003, DATASET_ID : 1.13001e+08, KEY_ID : 110084

05/21/2026 12:24:57 DEBUG : Thread ID = 139648306579200:  Rule Matcher:   File = TableBreakMatches.cc:  Line = 183:  INSERT INTO fccmatomic.KDD_BREAK_MTCHS (BREAK_ID,DATASET_ID,KEY_ID,MATCH_CD) VALUES (:BREAK_ID, : DATASET_ID, :KEY_ID, :MTCH_CD)
05/21/2026 12:24:57 DEBUG : Thread ID = 139648306579200:  Rule Matcher:   File = TableBreakMatches.cc:  Line = 164:  Placeholder Values are  : BREAK_ID : 3003, DATASET_ID : 1.13001e+08, KEY_ID : 12644

05/21/2026 12:24:57 DEBUG : Thread ID = 139648306579200:  Rule Matcher:   File = TableBreakMatches.cc:  Line = 183:  INSERT INTO fccmatomic.KDD_BREAK_MTCHS (BREAK_ID,DATASET_ID,KEY_ID,MATCH_CD) VALUES (:BREAK_ID, : DATASET_ID, :KEY_ID, :MTCH_CD)
05/21/2026 12:24:57 DEBUG : Thread ID = 139648306579200:  Rule Matcher:   File = TableBreakMatches.cc:  Line = 164:  Placeholder Values are  : BREAK_ID : 3003, DATASET_ID : 1.13001e+08, KEY_ID : 12645

05/21/2026 12:24:57 DEBUG : Thread ID = 139648306579200:  Rule Matcher:   File = TableBreakMatches.cc:  Line = 183:  INSERT INTO fccmatomic.KDD_BREAK_MTCHS (BREAK_ID,DATASET_ID,KEY_ID,MATCH_CD) VALUES (:BREAK_ID, : DATASET_ID, :KEY_ID, :MTCH_CD)
05/21/2026 12:24:57 DEBUG : Thread ID = 139648306579200:  Rule Matcher:   File = TableBreakMatches.cc:  Line = 164:  Placeholder Values are  : BREAK_ID : 3003, DATASET_ID : 1.13001e+08, KEY_ID : 12646

05/21/2026 12:24:57 DEBUG : Thread ID = 139648306579200:  Rule Matcher:   File = TableBreakMatches.cc:  Line = 183:  INSERT INTO fccmatomic.KDD_BREAK_MTCHS (BREAK_ID,DATASET_ID,KEY_ID,MATCH_CD) VALUES (:BREAK_ID, : DATASET_ID, :KEY_ID, :MTCH_CD)
05/21/2026 12:24:57 DEBUG : Thread ID = 139648306579200:  Rule Matcher:   File = TableBreakMatches.cc:  Line = 164:  Placeholder Values are  : BREAK_ID : 3003, DATASET_ID : 1.13001e+08, KEY_ID : 13878

05/21/2026 12:24:57 DEBUG : Thread ID = 139648306579200:  Rule Matcher:   File = TableBreakMatches.cc:  Line = 183:  INSERT INTO fccmatomic.KDD_BREAK_MTCHS (BREAK_ID,DATASET_ID,KEY_ID,MATCH_CD) VALUES (:BREAK_ID, : DATASET_ID, :KEY_ID, :MTCH_CD)
05/21/2026 12:24:57 DEBUG : Thread ID = 139648306579200:  Rule Matcher:   File = TableBreakMatches.cc:  Line = 164:  Placeholder Values are  : BREAK_ID : 3003, DATASET_ID : 1.13001e+08, KEY_ID : 33112

05/21/2026 12:24:57 DEBUG : Thread ID = 139648306579200:  Rule Matcher:   File = TableBreakMatches.cc:  Line = 183:  INSERT INTO fccmatomic.KDD_BREAK_MTCHS (BREAK_ID,DATASET_ID,KEY_ID,MATCH_CD) VALUES (:BREAK_ID, : DATASET_ID, :KEY_ID, :MTCH_CD)
05/21/2026 12:24:57 DEBUG : Thread ID = 139648306579200:  Rule Matcher:   File = TableBreakMatches.cc:  Line = 164:  Placeholder Values are  : BREAK_ID : 3003, DATASET_ID : 1.13001e+08, KEY_ID : 33113

05/21/2026 12:24:57 DEBUG : Thread ID = 139648306579200:  Rule Matcher:   File = TableBreakMatches.cc:  Line = 183:  INSERT INTO fccmatomic.KDD_BREAK_MTCHS (BREAK_ID,DATASET_ID,KEY_ID,MATCH_CD) VALUES (:BREAK_ID, : DATASET_ID, :KEY_ID, :MTCH_CD)
05/21/2026 12:24:57 DEBUG : Thread ID = 139648306579200:  Rule Matcher:   File = TableBreakMatches.cc:  Line = 164:  Placeholder Values are  : BREAK_ID : 3003, DATASET_ID : 1.13001e+08, KEY_ID : 33114

05/21/2026 12:24:57 DEBUG : Thread ID = 139648306579200:  Rule Matcher:   File = TableBreakMatches.cc:  Line = 183:  INSERT INTO fccmatomic.KDD_BREAK_MTCHS (BREAK_ID,DATASET_ID,KEY_ID,MATCH_CD) VALUES (:BREAK_ID, : DATASET_ID, :KEY_ID, :MTCH_CD)
05/21/2026 12:24:57 DEBUG : Thread ID = 139648306579200:  Rule Matcher:   File = TableBreakMatches.cc:  Line = 164:  Placeholder Values are  : BREAK_ID : 3003, DATASET_ID : 1.13001e+08, KEY_ID : 34346

05/21/2026 12:24:57 DEBUG : Thread ID = 139648306579200:  Rule Matcher:   File = TableBreakMatches.cc:  Line = 183:  INSERT INTO fccmatomic.KDD_BREAK_MTCHS (BREAK_ID,DATASET_ID,KEY_ID,MATCH_CD) VALUES (:BREAK_ID, : DATASET_ID, :KEY_ID, :MTCH_CD)
05/21/2026 12:24:57 DEBUG : Thread ID = 139648306579200:  Rule Matcher:   File = TableBreakMatches.cc:  Line = 164:  Placeholder Values are  : BREAK_ID : 3003, DATASET_ID : 1.13001e+08, KEY_ID : 350670

05/21/2026 12:24:57 DEBUG : Thread ID = 139648306579200:  Rule Matcher:   File = TableBreakMatches.cc:  Line = 183:  INSERT INTO fccmatomic.KDD_BREAK_MTCHS (BREAK_ID,DATASET_ID,KEY_ID,MATCH_CD) VALUES (:BREAK_ID, : DATASET_ID, :KEY_ID, :MTCH_CD)
05/21/2026 12:24:57 DEBUG : Thread ID = 139648306579200:  Rule Matcher:   File = TableBreakMatches.cc:  Line = 164:  Placeholder Values are  : BREAK_ID : 3003, DATASET_ID : 1.13001e+08, KEY_ID : 326033

05/21/2026 12:24:57 DEBUG : Thread ID = 139648306579200:  Rule Matcher:   File = TableBreakMatches.cc:  Line = 183:  INSERT INTO fccmatomic.KDD_BREAK_MTCHS (BREAK_ID,DATASET_ID,KEY_ID,MATCH_CD) VALUES (:BREAK_ID, : DATASET_ID, :KEY_ID, :MTCH_CD)
05/21/2026 12:24:57 DEBUG : Thread ID = 139648306579200:  Rule Matcher:   File = TableBreakMatches.cc:  Line = 164:  Placeholder Values are  : BREAK_ID : 3003, DATASET_ID : 1.13001e+08, KEY_ID : 303165

05/21/2026 12:24:57 DEBUG : Thread ID = 139648306579200:  Rule Matcher:   File = TableBreakMatches.cc:  Line = 183:  INSERT INTO fccmatomic.KDD_BREAK_MTCHS (BREAK_ID,DATASET_ID,KEY_ID,MATCH_CD) VALUES (:BREAK_ID, : DATASET_ID, :KEY_ID, :MTCH_CD)
05/21/2026 12:24:57 DEBUG : Thread ID = 139648306579200:  Rule Matcher:   File = TableBreakMatches.cc:  Line = 164:  Placeholder Values are  : BREAK_ID : 3003, DATASET_ID : 1.13001e+08, KEY_ID : 303166

05/21/2026 12:24:57 DEBUG : Thread ID = 139648306579200:  Rule Matcher:   File = TableBreakMatches.cc:  Line = 183:  INSERT INTO fccmatomic.KDD_BREAK_MTCHS (BREAK_ID,DATASET_ID,KEY_ID,MATCH_CD) VALUES (:BREAK_ID, : DATASET_ID, :KEY_ID, :MTCH_CD)
05/21/2026 12:24:57 DEBUG : Thread ID = 139648306579200:  Rule Matcher:   File = TableBreakMatches.cc:  Line = 164:  Placeholder Values are  : BREAK_ID : 3003, DATASET_ID : 1.13001e+08, KEY_ID : 303167

05/21/2026 12:24:57 DEBUG : Thread ID = 139648306579200:  Rule Matcher:   File = TableBreakMatches.cc:  Line = 183:  INSERT INTO fccmatomic.KDD_BREAK_MTCHS (BREAK_ID,DATASET_ID,KEY_ID,MATCH_CD) VALUES (:BREAK_ID, : DATASET_ID, :KEY_ID, :MTCH_CD)
05/21/2026 12:24:57 DEBUG : Thread ID = 139648306579200:  Rule Matcher:   File = TableBreakMatches.cc:  Line = 164:  Placeholder Values are  : BREAK_ID : 3003, DATASET_ID : 1.13001e+08, KEY_ID : 303168

05/21/2026 12:24:57 DEBUG : Thread ID = 139648306579200:  Rule Matcher:   File = TableBreakMatches.cc:  Line = 183:  INSERT INTO fccmatomic.KDD_BREAK_MTCHS (BREAK_ID,DATASET_ID,KEY_ID,MATCH_CD) VALUES (:BREAK_ID, : DATASET_ID, :KEY_ID, :MTCH_CD)
05/21/2026 12:24:57 DEBUG : Thread ID = 139648306579200:  Rule Matcher:   File = TableBreakMatches.cc:  Line = 164:  Placeholder Values are  : BREAK_ID : 3003, DATASET_ID : 1.13001e+08, KEY_ID : 303169

05/21/2026 12:24:57 DEBUG : Thread ID = 139648306579200:  Rule Matcher:   File = TableBreakMatches.cc:  Line = 183:  INSERT INTO fccmatomic.KDD_BREAK_MTCHS (BREAK_ID,DATASET_ID,KEY_ID,MATCH_CD) VALUES (:BREAK_ID, : DATASET_ID, :KEY_ID, :MTCH_CD)
05/21/2026 12:24:57 DEBUG : Thread ID = 139648306579200:  Rule Matcher:   File = TableBreakMatches.cc:  Line = 164:  Placeholder Values are  : BREAK_ID : 3003, DATASET_ID : 1.13001e+08, KEY_ID : 303170

05/21/2026 12:24:57 DEBUG : Thread ID = 139648306579200:  Rule Matcher:   File = TableBreakMatches.cc:  Line = 183:  INSERT INTO fccmatomic.KDD_BREAK_MTCHS (BREAK_ID,DATASET_ID,KEY_ID,MATCH_CD) VALUES (:BREAK_ID, : DATASET_ID, :KEY_ID, :MTCH_CD)
05/21/2026 12:24:57 DEBUG : Thread ID = 139648306579200:  Rule Matcher:   File = TableBreakMatches.cc:  Line = 164:  Placeholder Values are  : BREAK_ID : 3003, DATASET_ID : 1.13001e+08, KEY_ID : 305633

05/21/2026 12:24:57 DEBUG : Thread ID = 139648306579200:  Rule Matcher:   File = TableBreakMatches.cc:  Line = 183:  INSERT INTO fccmatomic.KDD_BREAK_MTCHS (BREAK_ID,DATASET_ID,KEY_ID,MATCH_CD) VALUES (:BREAK_ID, : DATASET_ID, :KEY_ID, :MTCH_CD)
05/21/2026 12:24:57 DEBUG : Thread ID = 139648306579200:  Rule Matcher:   File = TableBreakMatches.cc:  Line = 164:  Placeholder Values are  : BREAK_ID : 3003, DATASET_ID : 1.13001e+08, KEY_ID : 305634

05/21/2026 12:24:57 DEBUG : Thread ID = 139648306579200:  Rule Matcher:   File = TableBreakMatches.cc:  Line = 183:  INSERT INTO fccmatomic.KDD_BREAK_MTCHS (BREAK_ID,DATASET_ID,KEY_ID,MATCH_CD) VALUES (:BREAK_ID, : DATASET_ID, :KEY_ID, :MTCH_CD)
05/21/2026 12:24:57 DEBUG : Thread ID = 139648306579200:  Rule Matcher:   File = TableBreakMatches.cc:  Line = 164:  Placeholder Values are  : BREAK_ID : 3003, DATASET_ID : 1.13001e+08, KEY_ID : 306133

05/21/2026 12:24:57 DEBUG : Thread ID = 139648306579200:  Rule Matcher:   File = TableBreakMatches.cc:  Line = 183:  INSERT INTO fccmatomic.KDD_BREAK_MTCHS (BREAK_ID,DATASET_ID,KEY_ID,MATCH_CD) VALUES (:BREAK_ID, : DATASET_ID, :KEY_ID, :MTCH_CD)
05/21/2026 12:24:57 DEBUG : Thread ID = 139648306579200:  Rule Matcher:   File = TableBreakMatches.cc:  Line = 164:  Placeholder Values are  : BREAK_ID : 3003, DATASET_ID : 1.13001e+08, KEY_ID : 306134

05/21/2026 12:24:57 DEBUG : Thread ID = 139648306579200:  Rule Matcher:   File = TableBreakMatches.cc:  Line = 183:  INSERT INTO fccmatomic.KDD_BREAK_MTCHS (BREAK_ID,DATASET_ID,KEY_ID,MATCH_CD) VALUES (:BREAK_ID, : DATASET_ID, :KEY_ID, :MTCH_CD)
05/21/2026 12:24:57 DEBUG : Thread ID = 139648306579200:  Rule Matcher:   File = TableBreakMatches.cc:  Line = 164:  Placeholder Values are  : BREAK_ID : 3004, DATASET_ID : 1.13001e+08, KEY_ID : 375008

05/21/2026 12:24:57 DEBUG : Thread ID = 139648306579200:  Rule Matcher:   File = TableBreakMatches.cc:  Line = 183:  INSERT INTO fccmatomic.KDD_BREAK_MTCHS (BREAK_ID,DATASET_ID,KEY_ID,MATCH_CD) VALUES (:BREAK_ID, : DATASET_ID, :KEY_ID, :MTCH_CD)
05/21/2026 12:24:57 DEBUG : Thread ID = 139648306579200:  Rule Matcher:   File = TableBreakMatches.cc:  Line = 164:  Placeholder Values are  : BREAK_ID : 3004, DATASET_ID : 1.13001e+08, KEY_ID : 375009

05/21/2026 12:24:57 DEBUG : Thread ID = 139648306579200:  Rule Matcher:   File = TableBreakMatches.cc:  Line = 183:  INSERT INTO fccmatomic.KDD_BREAK_MTCHS (BREAK_ID,DATASET_ID,KEY_ID,MATCH_CD) VALUES (:BREAK_ID, : DATASET_ID, :KEY_ID, :MTCH_CD)
05/21/2026 12:24:57 DEBUG : Thread ID = 139648306579200:  Rule Matcher:   File = TableBreakMatches.cc:  Line = 164:  Placeholder Values are  : BREAK_ID : 3004, DATASET_ID : 1.13001e+08, KEY_ID : 375010

05/21/2026 12:24:57 DEBUG : Thread ID = 139648306579200:  Rule Matcher:   File = TableBreakMatches.cc:  Line = 183:  INSERT INTO fccmatomic.KDD_BREAK_MTCHS (BREAK_ID,DATASET_ID,KEY_ID,MATCH_CD) VALUES (:BREAK_ID, : DATASET_ID, :KEY_ID, :MTCH_CD)
05/21/2026 12:24:57 DEBUG : Thread ID = 139648306579200:  Rule Matcher:   File = TableBreakMatches.cc:  Line = 164:  Placeholder Values are  : BREAK_ID : 3004, DATASET_ID : 1.13001e+08, KEY_ID : 400008

05/21/2026 12:24:57 DEBUG : Thread ID = 139648306579200:  Rule Matcher:   File = TableBreakMatches.cc:  Line = 183:  INSERT INTO fccmatomic.KDD_BREAK_MTCHS (BREAK_ID,DATASET_ID,KEY_ID,MATCH_CD) VALUES (:BREAK_ID, : DATASET_ID, :KEY_ID, :MTCH_CD)
05/21/2026 12:24:57 DEBUG : Thread ID = 139648306579200:  Rule Matcher:   File = TableBreakMatches.cc:  Line = 164:  Placeholder Values are  : BREAK_ID : 3004, DATASET_ID : 1.13001e+08, KEY_ID : 400009

05/21/2026 12:24:57 DEBUG : Thread ID = 139648306579200:  Rule Matcher:   File = TableBreakMatches.cc:  Line = 183:  INSERT INTO fccmatomic.KDD_BREAK_MTCHS (BREAK_ID,DATASET_ID,KEY_ID,MATCH_CD) VALUES (:BREAK_ID, : DATASET_ID, :KEY_ID, :MTCH_CD)
05/21/2026 12:24:57 DEBUG : Thread ID = 139648306579200:  Rule Matcher:   File = TableBreakMatches.cc:  Line = 164:  Placeholder Values are  : BREAK_ID : 3004, DATASET_ID : 1.13001e+08, KEY_ID : 400010

05/21/2026 12:24:57 DEBUG : Thread ID = 139648306579200:  Rule Matcher:   File = TableBreakMatches.cc:  Line = 183:  INSERT INTO fccmatomic.KDD_BREAK_MTCHS (BREAK_ID,DATASET_ID,KEY_ID,MATCH_CD) VALUES (:BREAK_ID, : DATASET_ID, :KEY_ID, :MTCH_CD)
05/21/2026 12:24:57 DEBUG : Thread ID = 139648306579200:  Rule Matcher:   File = TableBreakMatches.cc:  Line = 164:  Placeholder Values are  : BREAK_ID : 3004, DATASET_ID : 1.13001e+08, KEY_ID : 500008

05/21/2026 12:24:57 DEBUG : Thread ID = 139648306579200:  Rule Matcher:   File = TableBreakMatches.cc:  Line = 183:  INSERT INTO fccmatomic.KDD_BREAK_MTCHS (BREAK_ID,DATASET_ID,KEY_ID,MATCH_CD) VALUES (:BREAK_ID, : DATASET_ID, :KEY_ID, :MTCH_CD)
05/21/2026 12:24:57 DEBUG : Thread ID = 139648306579200:  Rule Matcher:   File = TableBreakMatches.cc:  Line = 164:  Placeholder Values are  : BREAK_ID : 3004, DATASET_ID : 1.13001e+08, KEY_ID : 500009

05/21/2026 12:24:57 DEBUG : Thread ID = 139648306579200:  Rule Matcher:   File = TableBreakMatches.cc:  Line = 183:  INSERT INTO fccmatomic.KDD_BREAK_MTCHS (BREAK_ID,DATASET_ID,KEY_ID,MATCH_CD) VALUES (:BREAK_ID, : DATASET_ID, :KEY_ID, :MTCH_CD)
05/21/2026 12:24:57 DEBUG : Thread ID = 139648306579200:  Rule Matcher:   File = TableBreakMatches.cc:  Line = 164:  Placeholder Values are  : BREAK_ID : 3004, DATASET_ID : 1.13001e+08, KEY_ID : 500010

05/21/2026 12:24:57 DEBUG : Thread ID = 139648306579200:  Rule Matcher:   File = TableBreakMatches.cc:  Line = 183:  INSERT INTO fccmatomic.KDD_BREAK_MTCHS (BREAK_ID,DATASET_ID,KEY_ID,MATCH_CD) VALUES (:BREAK_ID, : DATASET_ID, :KEY_ID, :MTCH_CD)
05/21/2026 12:24:57 DEBUG : Thread ID = 139648306579200:  Rule Matcher:   File = TableBreakMatches.cc:  Line = 164:  Placeholder Values are  : BREAK_ID : 3004, DATASET_ID : 1.13001e+08, KEY_ID : 100008

05/21/2026 12:24:57 DEBUG : Thread ID = 139648306579200:  Rule Matcher:   File = TableBreakMatches.cc:  Line = 183:  INSERT INTO fccmatomic.KDD_BREAK_MTCHS (BREAK_ID,DATASET_ID,KEY_ID,MATCH_CD) VALUES (:BREAK_ID, : DATASET_ID, :KEY_ID, :MTCH_CD)
05/21/2026 12:24:57 DEBUG : Thread ID = 139648306579200:  Rule Matcher:   File = TableBreakMatches.cc:  Line = 164:  Placeholder Values are  : BREAK_ID : 3004, DATASET_ID : 1.13001e+08, KEY_ID : 100009

05/21/2026 12:24:57 DEBUG : Thread ID = 139648306579200:  Rule Matcher:   File = TableBreakMatches.cc:  Line = 183:  INSERT INTO fccmatomic.KDD_BREAK_MTCHS (BREAK_ID,DATASET_ID,KEY_ID,MATCH_CD) VALUES (:BREAK_ID, : DATASET_ID, :KEY_ID, :MTCH_CD)
05/21/2026 12:24:57 DEBUG : Thread ID = 139648306579200:  Rule Matcher:   File = TableBreakMatches.cc:  Line = 164:  Placeholder Values are  : BREAK_ID : 3004, DATASET_ID : 1.13001e+08, KEY_ID : 100010

05/21/2026 12:24:57 DEBUG : Thread ID = 139648306579200:  Rule Matcher:   File = TableBreakMatches.cc:  Line = 183:  INSERT INTO fccmatomic.KDD_BREAK_MTCHS (BREAK_ID,DATASET_ID,KEY_ID,MATCH_CD) VALUES (:BREAK_ID, : DATASET_ID, :KEY_ID, :MTCH_CD)
05/21/2026 12:24:57 DEBUG : Thread ID = 139648306579200:  Rule Matcher:   File = TableBreakMatches.cc:  Line = 164:  Placeholder Values are  : BREAK_ID : 3004, DATASET_ID : 1.13001e+08, KEY_ID : 24270

05/21/2026 12:24:57 DEBUG : Thread ID = 139648306579200:  Rule Matcher:   File = TableBreakMatches.cc:  Line = 183:  INSERT INTO fccmatomic.KDD_BREAK_MTCHS (BREAK_ID,DATASET_ID,KEY_ID,MATCH_CD) VALUES (:BREAK_ID, : DATASET_ID, :KEY_ID, :MTCH_CD)
05/21/2026 12:24:57 DEBUG : Thread ID = 139648306579200:  Rule Matcher:   File = TableBreakMatches.cc:  Line = 164:  Placeholder Values are  : BREAK_ID : 3004, DATASET_ID : 1.13001e+08, KEY_ID : 24271

05/21/2026 12:24:57 DEBUG : Thread ID = 139648306579200:  Rule Matcher:   File = TableBreakMatches.cc:  Line = 183:  INSERT INTO fccmatomic.KDD_BREAK_MTCHS (BREAK_ID,DATASET_ID,KEY_ID,MATCH_CD) VALUES (:BREAK_ID, : DATASET_ID, :KEY_ID, :MTCH_CD)
05/21/2026 12:24:57 DEBUG : Thread ID = 139648306579200:  Rule Matcher:   File = TableBreakMatches.cc:  Line = 164:  Placeholder Values are  : BREAK_ID : 3004, DATASET_ID : 1.13001e+08, KEY_ID : 24272

05/21/2026 12:24:57 DEBUG : Thread ID = 139648306579200:  Rule Matcher:   File = TableBreakMatches.cc:  Line = 183:  INSERT INTO fccmatomic.KDD_BREAK_MTCHS (BREAK_ID,DATASET_ID,KEY_ID,MATCH_CD) VALUES (:BREAK_ID, : DATASET_ID, :KEY_ID, :MTCH_CD)
05/21/2026 12:24:57 DEBUG : Thread ID = 139648306579200:  Rule Matcher:   File = TableBreakMatches.cc:  Line = 164:  Placeholder Values are  : BREAK_ID : 3004, DATASET_ID : 1.13001e+08, KEY_ID : 3802

05/21/2026 12:24:57 DEBUG : Thread ID = 139648306579200:  Rule Matcher:   File = TableBreakMatches.cc:  Line = 183:  INSERT INTO fccmatomic.KDD_BREAK_MTCHS (BREAK_ID,DATASET_ID,KEY_ID,MATCH_CD) VALUES (:BREAK_ID, : DATASET_ID, :KEY_ID, :MTCH_CD)
05/21/2026 12:24:57 DEBUG : Thread ID = 139648306579200:  Rule Matcher:   File = TableBreakMatches.cc:  Line = 164:  Placeholder Values are  : BREAK_ID : 3004, DATASET_ID : 1.13001e+08, KEY_ID : 3803

05/21/2026 12:24:57 DEBUG : Thread ID = 139648306579200:  Rule Matcher:   File = TableBreakMatches.cc:  Line = 183:  INSERT INTO fccmatomic.KDD_BREAK_MTCHS (BREAK_ID,DATASET_ID,KEY_ID,MATCH_CD) VALUES (:BREAK_ID, : DATASET_ID, :KEY_ID, :MTCH_CD)
05/21/2026 12:24:57 DEBUG : Thread ID = 139648306579200:  Rule Matcher:   File = TableBreakMatches.cc:  Line = 164:  Placeholder Values are  : BREAK_ID : 3004, DATASET_ID : 1.13001e+08, KEY_ID : 3804

05/21/2026 12:24:57 DEBUG : Thread ID = 139648306579200:  Rule Matcher:   File = TableBreakMatches.cc:  Line = 183:  INSERT INTO fccmatomic.KDD_BREAK_MTCHS (BREAK_ID,DATASET_ID,KEY_ID,MATCH_CD) VALUES (:BREAK_ID, : DATASET_ID, :KEY_ID, :MTCH_CD)
05/21/2026 12:24:57 DEBUG : Thread ID = 139648306579200:  Rule Matcher:   File = TableBreakMatches.cc:  Line = 164:  Placeholder Values are  : BREAK_ID : 3004, DATASET_ID : 1.13001e+08, KEY_ID : 300005

05/21/2026 12:24:57 DEBUG : Thread ID = 139648306579200:  Rule Matcher:   File = TableBreakMatches.cc:  Line = 183:  INSERT INTO fccmatomic.KDD_BREAK_MTCHS (BREAK_ID,DATASET_ID,KEY_ID,MATCH_CD) VALUES (:BREAK_ID, : DATASET_ID, :KEY_ID, :MTCH_CD)
05/21/2026 12:24:57 DEBUG : Thread ID = 139648306579200:  Rule Matcher:   File = TableBreakMatches.cc:  Line = 164:  Placeholder Values are  : BREAK_ID : 3004, DATASET_ID : 1.13001e+08, KEY_ID : 306437

05/21/2026 12:24:57 DEBUG : Thread ID = 139648306579200:  Rule Matcher:   File = TableBreakMatches.cc:  Line = 183:  INSERT INTO fccmatomic.KDD_BREAK_MTCHS (BREAK_ID,DATASET_ID,KEY_ID,MATCH_CD) VALUES (:BREAK_ID, : DATASET_ID, :KEY_ID, :MTCH_CD)
05/21/2026 12:24:57 DEBUG : Thread ID = 139648306579200:  Rule Matcher:   File = TableBreakMatches.cc:  Line = 164:  Placeholder Values are  : BREAK_ID : 3004, DATASET_ID : 1.13001e+08, KEY_ID : 306438

05/21/2026 12:24:57 DEBUG : Thread ID = 139648306579200:  Rule Matcher:   File = TableBreakMatches.cc:  Line = 183:  INSERT INTO fccmatomic.KDD_BREAK_MTCHS (BREAK_ID,DATASET_ID,KEY_ID,MATCH_CD) VALUES (:BREAK_ID, : DATASET_ID, :KEY_ID, :MTCH_CD)
05/21/2026 12:24:57 DEBUG : Thread ID = 139648306579200:  Rule Matcher:   File = TableBreakMatches.cc:  Line = 164:  Placeholder Values are  : BREAK_ID : 3004, DATASET_ID : 1.13001e+08, KEY_ID : 326234

05/21/2026 12:24:57 DEBUG : Thread ID = 139648306579200:  Rule Matcher:   File = TableBreakMatches.cc:  Line = 183:  INSERT INTO fccmatomic.KDD_BREAK_MTCHS (BREAK_ID,DATASET_ID,KEY_ID,MATCH_CD) VALUES (:BREAK_ID, : DATASET_ID, :KEY_ID, :MTCH_CD)
05/21/2026 12:24:57 DEBUG : Thread ID = 139648306579200:  Rule Matcher:   File = TableBreakMatches.cc:  Line = 164:  Placeholder Values are  : BREAK_ID : 3004, DATASET_ID : 1.13001e+08, KEY_ID : 330015

05/21/2026 12:24:57 DEBUG : Thread ID = 139648306579200:  Rule Matcher:   File = TableBreakMatches.cc:  Line = 183:  INSERT INTO fccmatomic.KDD_BREAK_MTCHS (BREAK_ID,DATASET_ID,KEY_ID,MATCH_CD) VALUES (:BREAK_ID, : DATASET_ID, :KEY_ID, :MTCH_CD)
05/21/2026 12:24:57 DEBUG : Thread ID = 139648306579200:  Rule Matcher:   File = TableBreakMatches.cc:  Line = 164:  Placeholder Values are  : BREAK_ID : 3004, DATASET_ID : 1.13001e+08, KEY_ID : 330016

05/21/2026 12:24:57 DEBUG : Thread ID = 139648306579200:  Rule Matcher:   File = TableBreakMatches.cc:  Line = 183:  INSERT INTO fccmatomic.KDD_BREAK_MTCHS (BREAK_ID,DATASET_ID,KEY_ID,MATCH_CD) VALUES (:BREAK_ID, : DATASET_ID, :KEY_ID, :MTCH_CD)
05/21/2026 12:24:57 DEBUG : Thread ID = 139648306579200:  Rule Matcher:   File = TableBreakMatches.cc:  Line = 164:  Placeholder Values are  : BREAK_ID : 3004, DATASET_ID : 1.13001e+08, KEY_ID : 330017

05/21/2026 12:24:57 DEBUG : Thread ID = 139648306579200:  Rule Matcher:   File = TableBreakMatches.cc:  Line = 183:  INSERT INTO fccmatomic.KDD_BREAK_MTCHS (BREAK_ID,DATASET_ID,KEY_ID,MATCH_CD) VALUES (:BREAK_ID, : DATASET_ID, :KEY_ID, :MTCH_CD)
05/21/2026 12:24:57 DEBUG : Thread ID = 139648306579200:  Rule Matcher:   File = TableBreakMatches.cc:  Line = 164:  Placeholder Values are  : BREAK_ID : 3004, DATASET_ID : 1.13001e+08, KEY_ID : 330018

05/21/2026 12:24:57 DEBUG : Thread ID = 139648306579200:  Rule Matcher:   File = TableBreakMatches.cc:  Line = 183:  INSERT INTO fccmatomic.KDD_BREAK_MTCHS (BREAK_ID,DATASET_ID,KEY_ID,MATCH_CD) VALUES (:BREAK_ID, : DATASET_ID, :KEY_ID, :MTCH_CD)
05/21/2026 12:24:57 DEBUG : Thread ID = 139648306579200:  Rule Matcher:   File = TableBreakMatches.cc:  Line = 164:  Placeholder Values are  : BREAK_ID : 3004, DATASET_ID : 1.13001e+08, KEY_ID : 330019

05/21/2026 12:24:57 DEBUG : Thread ID = 139648306579200:  Rule Matcher:   File = TableBreakMatches.cc:  Line = 183:  INSERT INTO fccmatomic.KDD_BREAK_MTCHS (BREAK_ID,DATASET_ID,KEY_ID,MATCH_CD) VALUES (:BREAK_ID, : DATASET_ID, :KEY_ID, :MTCH_CD)
05/21/2026 12:24:57 DEBUG : Thread ID = 139648306579200:  Rule Matcher:   File = TableBreakMatches.cc:  Line = 164:  Placeholder Values are  : BREAK_ID : 3004, DATASET_ID : 1.13001e+08, KEY_ID : 330020

05/21/2026 12:24:57 DEBUG : Thread ID = 139648306579200:  Rule Matcher:   File = TableBreakMatches.cc:  Line = 183:  INSERT INTO fccmatomic.KDD_BREAK_MTCHS (BREAK_ID,DATASET_ID,KEY_ID,MATCH_CD) VALUES (:BREAK_ID, : DATASET_ID, :KEY_ID, :MTCH_CD)
05/21/2026 12:24:57 DEBUG : Thread ID = 139648306579200:  Rule Matcher:   File = TableBreakMatches.cc:  Line = 164:  Placeholder Values are  : BREAK_ID : 3005, DATASET_ID : 1.13001e+08, KEY_ID : 326625

05/21/2026 12:24:57 DEBUG : Thread ID = 139648306579200:  Rule Matcher:   File = TableBreakMatches.cc:  Line = 183:  INSERT INTO fccmatomic.KDD_BREAK_MTCHS (BREAK_ID,DATASET_ID,KEY_ID,MATCH_CD) VALUES (:BREAK_ID, : DATASET_ID, :KEY_ID, :MTCH_CD)
05/21/2026 12:24:57 DEBUG : Thread ID = 139648306579200:  Rule Matcher:   File = TableBreakMatches.cc:  Line = 164:  Placeholder Values are  : BREAK_ID : 3005, DATASET_ID : 1.13001e+08, KEY_ID : 326626

05/21/2026 12:24:57 DEBUG : Thread ID = 139648306579200:  Rule Matcher:   File = TableBreakMatches.cc:  Line = 183:  INSERT INTO fccmatomic.KDD_BREAK_MTCHS (BREAK_ID,DATASET_ID,KEY_ID,MATCH_CD) VALUES (:BREAK_ID, : DATASET_ID, :KEY_ID, :MTCH_CD)
05/21/2026 12:24:57 DEBUG : Thread ID = 139648306579200:  Rule Matcher:   File = TableBreakMatches.cc:  Line = 164:  Placeholder Values are  : BREAK_ID : 3005, DATASET_ID : 1.13001e+08, KEY_ID : 326627

05/21/2026 12:24:57 DEBUG : Thread ID = 139648306579200:  Rule Matcher:   File = TableBreakMatches.cc:  Line = 183:  INSERT INTO fccmatomic.KDD_BREAK_MTCHS (BREAK_ID,DATASET_ID,KEY_ID,MATCH_CD) VALUES (:BREAK_ID, : DATASET_ID, :KEY_ID, :MTCH_CD)
05/21/2026 12:24:57 DEBUG : Thread ID = 139648306579200:  Rule Matcher:   File = TableBreakMatches.cc:  Line = 164:  Placeholder Values are  : BREAK_ID : 3005, DATASET_ID : 1.13001e+08, KEY_ID : 451623

05/21/2026 12:24:57 DEBUG : Thread ID = 139648306579200:  Rule Matcher:   File = TableBreakMatches.cc:  Line = 183:  INSERT INTO fccmatomic.KDD_BREAK_MTCHS (BREAK_ID,DATASET_ID,KEY_ID,MATCH_CD) VALUES (:BREAK_ID, : DATASET_ID, :KEY_ID, :MTCH_CD)
05/21/2026 12:24:57 DEBUG : Thread ID = 139648306579200:  Rule Matcher:   File = TableBreakMatches.cc:  Line = 164:  Placeholder Values are  : BREAK_ID : 3005, DATASET_ID : 1.13001e+08, KEY_ID : 451624

05/21/2026 12:24:57 DEBUG : Thread ID = 139648306579200:  Rule Matcher:   File = TableBreakMatches.cc:  Line = 183:  INSERT INTO fccmatomic.KDD_BREAK_MTCHS (BREAK_ID,DATASET_ID,KEY_ID,MATCH_CD) VALUES (:BREAK_ID, : DATASET_ID, :KEY_ID, :MTCH_CD)
05/21/2026 12:24:57 DEBUG : Thread ID = 139648306579200:  Rule Matcher:   File = TableBreakMatches.cc:  Line = 164:  Placeholder Values are  : BREAK_ID : 3005, DATASET_ID : 1.13001e+08, KEY_ID : 451625

05/21/2026 12:24:57 DEBUG : Thread ID = 139648306579200:  Rule Matcher:   File = TableBreakMatches.cc:  Line = 183:  INSERT INTO fccmatomic.KDD_BREAK_MTCHS (BREAK_ID,DATASET_ID,KEY_ID,MATCH_CD) VALUES (:BREAK_ID, : DATASET_ID, :KEY_ID, :MTCH_CD)
05/21/2026 12:24:57 DEBUG : Thread ID = 139648306579200:  Rule Matcher:   File = TableBreakMatches.cc:  Line = 164:  Placeholder Values are  : BREAK_ID : 3005, DATASET_ID : 1.13001e+08, KEY_ID : 551626

05/21/2026 12:24:57 DEBUG : Thread ID = 139648306579200:  Rule Matcher:   File = TableBreakMatches.cc:  Line = 183:  INSERT INTO fccmatomic.KDD_BREAK_MTCHS (BREAK_ID,DATASET_ID,KEY_ID,MATCH_CD) VALUES (:BREAK_ID, : DATASET_ID, :KEY_ID, :MTCH_CD)
05/21/2026 12:24:57 DEBUG : Thread ID = 139648306579200:  Rule Matcher:   File = TableBreakMatches.cc:  Line = 164:  Placeholder Values are  : BREAK_ID : 3005, DATASET_ID : 1.13001e+08, KEY_ID : 551627

05/21/2026 12:24:57 DEBUG : Thread ID = 139648306579200:  Rule Matcher:   File = TableBreakMatches.cc:  Line = 183:  INSERT INTO fccmatomic.KDD_BREAK_MTCHS (BREAK_ID,DATASET_ID,KEY_ID,MATCH_CD) VALUES (:BREAK_ID, : DATASET_ID, :KEY_ID, :MTCH_CD)
05/21/2026 12:24:57 DEBUG : Thread ID = 139648306579200:  Rule Matcher:   File = TableBreakMatches.cc:  Line = 164:  Placeholder Values are  : BREAK_ID : 3005, DATASET_ID : 1.13001e+08, KEY_ID : 551628

05/21/2026 12:24:57 DEBUG : Thread ID = 139648306579200:  Rule Matcher:   File = TableBreakMatches.cc:  Line = 183:  INSERT INTO fccmatomic.KDD_BREAK_MTCHS (BREAK_ID,DATASET_ID,KEY_ID,MATCH_CD) VALUES (:BREAK_ID, : DATASET_ID, :KEY_ID, :MTCH_CD)
05/21/2026 12:24:57 DEBUG : Thread ID = 139648306579200:  Rule Matcher:   File = TableBreakMatches.cc:  Line = 164:  Placeholder Values are  : BREAK_ID : 3005, DATASET_ID : 1.13001e+08, KEY_ID : 109306

05/21/2026 12:24:57 DEBUG : Thread ID = 139648306579200:  Rule Matcher:   File = TableBreakMatches.cc:  Line = 183:  INSERT INTO fccmatomic.KDD_BREAK_MTCHS (BREAK_ID,DATASET_ID,KEY_ID,MATCH_CD) VALUES (:BREAK_ID, : DATASET_ID, :KEY_ID, :MTCH_CD)
05/21/2026 12:24:57 DEBUG : Thread ID = 139648306579200:  Rule Matcher:   File = TableBreakMatches.cc:  Line = 164:  Placeholder Values are  : BREAK_ID : 3005, DATASET_ID : 1.13001e+08, KEY_ID : 109307

05/21/2026 12:24:57 DEBUG : Thread ID = 139648306579200:  Rule Matcher:   File = TableBreakMatches.cc:  Line = 183:  INSERT INTO fccmatomic.KDD_BREAK_MTCHS (BREAK_ID,DATASET_ID,KEY_ID,MATCH_CD) VALUES (:BREAK_ID, : DATASET_ID, :KEY_ID, :MTCH_CD)
05/21/2026 12:24:57 DEBUG : Thread ID = 139648306579200:  Rule Matcher:   File = TableBreakMatches.cc:  Line = 164:  Placeholder Values are  : BREAK_ID : 3005, DATASET_ID : 1.13001e+08, KEY_ID : 109308

05/21/2026 12:24:57 DEBUG : Thread ID = 139648306579200:  Rule Matcher:   File = TableBreakMatches.cc:  Line = 183:  INSERT INTO fccmatomic.KDD_BREAK_MTCHS (BREAK_ID,DATASET_ID,KEY_ID,MATCH_CD) VALUES (:BREAK_ID, : DATASET_ID, :KEY_ID, :MTCH_CD)
05/21/2026 12:24:57 DEBUG : Thread ID = 139648306579200:  Rule Matcher:   File = TableBreakMatches.cc:  Line = 164:  Placeholder Values are  : BREAK_ID : 3005, DATASET_ID : 1.13001e+08, KEY_ID : 13100

05/21/2026 12:24:57 DEBUG : Thread ID = 139648306579200:  Rule Matcher:   File = TableBreakMatches.cc:  Line = 183:  INSERT INTO fccmatomic.KDD_BREAK_MTCHS (BREAK_ID,DATASET_ID,KEY_ID,MATCH_CD) VALUES (:BREAK_ID, : DATASET_ID, :KEY_ID, :MTCH_CD)
05/21/2026 12:24:57 DEBUG : Thread ID = 139648306579200:  Rule Matcher:   File = TableBreakMatches.cc:  Line = 164:  Placeholder Values are  : BREAK_ID : 3005, DATASET_ID : 1.13001e+08, KEY_ID : 13101

05/21/2026 12:24:57 DEBUG : Thread ID = 139648306579200:  Rule Matcher:   File = TableBreakMatches.cc:  Line = 183:  INSERT INTO fccmatomic.KDD_BREAK_MTCHS (BREAK_ID,DATASET_ID,KEY_ID,MATCH_CD) VALUES (:BREAK_ID, : DATASET_ID, :KEY_ID, :MTCH_CD)
05/21/2026 12:24:57 DEBUG : Thread ID = 139648306579200:  Rule Matcher:   File = TableBreakMatches.cc:  Line = 164:  Placeholder Values are  : BREAK_ID : 3005, DATASET_ID : 1.13001e+08, KEY_ID : 13102

05/21/2026 12:24:57 DEBUG : Thread ID = 139648306579200:  Rule Matcher:   File = TableBreakMatches.cc:  Line = 183:  INSERT INTO fccmatomic.KDD_BREAK_MTCHS (BREAK_ID,DATASET_ID,KEY_ID,MATCH_CD) VALUES (:BREAK_ID, : DATASET_ID, :KEY_ID, :MTCH_CD)
05/21/2026 12:24:57 DEBUG : Thread ID = 139648306579200:  Rule Matcher:   File = TableBreakMatches.cc:  Line = 164:  Placeholder Values are  : BREAK_ID : 3005, DATASET_ID : 1.13001e+08, KEY_ID : 33568

05/21/2026 12:24:57 DEBUG : Thread ID = 139648306579200:  Rule Matcher:   File = TableBreakMatches.cc:  Line = 183:  INSERT INTO fccmatomic.KDD_BREAK_MTCHS (BREAK_ID,DATASET_ID,KEY_ID,MATCH_CD) VALUES (:BREAK_ID, : DATASET_ID, :KEY_ID, :MTCH_CD)
05/21/2026 12:24:57 DEBUG : Thread ID = 139648306579200:  Rule Matcher:   File = TableBreakMatches.cc:  Line = 164:  Placeholder Values are  : BREAK_ID : 3005, DATASET_ID : 1.13001e+08, KEY_ID : 33569

05/21/2026 12:24:57 DEBUG : Thread ID = 139648306579200:  Rule Matcher:   File = TableBreakMatches.cc:  Line = 183:  INSERT INTO fccmatomic.KDD_BREAK_MTCHS (BREAK_ID,DATASET_ID,KEY_ID,MATCH_CD) VALUES (:BREAK_ID, : DATASET_ID, :KEY_ID, :MTCH_CD)
05/21/2026 12:24:57 DEBUG : Thread ID = 139648306579200:  Rule Matcher:   File = TableBreakMatches.cc:  Line = 164:  Placeholder Values are  : BREAK_ID : 3005, DATASET_ID : 1.13001e+08, KEY_ID : 33570

05/21/2026 12:24:57 DEBUG : Thread ID = 139648306579200:  Rule Matcher:   File = TableBreakMatches.cc:  Line = 183:  INSERT INTO fccmatomic.KDD_BREAK_MTCHS (BREAK_ID,DATASET_ID,KEY_ID,MATCH_CD) VALUES (:BREAK_ID, : DATASET_ID, :KEY_ID, :MTCH_CD)
05/21/2026 12:24:57 DEBUG : Thread ID = 139648306579200:  Rule Matcher:   File = TableBreakMatches.cc:  Line = 164:  Placeholder Values are  : BREAK_ID : 3005, DATASET_ID : 1.13001e+08, KEY_ID : 326950

05/21/2026 12:24:57 DEBUG : Thread ID = 139648306579200:  Rule Matcher:   File = TableBreakMatches.cc:  Line = 183:  INSERT INTO fccmatomic.KDD_BREAK_MTCHS (BREAK_ID,DATASET_ID,KEY_ID,MATCH_CD) VALUES (:BREAK_ID, : DATASET_ID, :KEY_ID, :MTCH_CD)
05/21/2026 12:24:57 DEBUG : Thread ID = 139648306579200:  Rule Matcher:   File = TableBreakMatches.cc:  Line = 164:  Placeholder Values are  : BREAK_ID : 3005, DATASET_ID : 1.13001e+08, KEY_ID : 329391

05/21/2026 12:24:57 DEBUG : Thread ID = 139648306579200:  Rule Matcher:   File = TableBreakMatches.cc:  Line = 183:  INSERT INTO fccmatomic.KDD_BREAK_MTCHS (BREAK_ID,DATASET_ID,KEY_ID,MATCH_CD) VALUES (:BREAK_ID, : DATASET_ID, :KEY_ID, :MTCH_CD)
05/21/2026 12:24:57 DEBUG : Thread ID = 139648306579200:  Rule Matcher:   File = TableBreakMatches.cc:  Line = 164:  Placeholder Values are  : BREAK_ID : 3005, DATASET_ID : 1.13001e+08, KEY_ID : 350900

05/21/2026 12:24:57 DEBUG : Thread ID = 139648306579200:  Rule Matcher:   File = TableBreakMatches.cc:  Line = 183:  INSERT INTO fccmatomic.KDD_BREAK_MTCHS (BREAK_ID,DATASET_ID,KEY_ID,MATCH_CD) VALUES (:BREAK_ID, : DATASET_ID, :KEY_ID, :MTCH_CD)
05/21/2026 12:24:57 DEBUG : Thread ID = 139648306579200:  Rule Matcher:   File = TableBreakMatches.cc:  Line = 164:  Placeholder Values are  : BREAK_ID : 3005, DATASET_ID : 1.13001e+08, KEY_ID : 304077

05/21/2026 12:24:57 DEBUG : Thread ID = 139648306579200:  Rule Matcher:   File = TableBreakMatches.cc:  Line = 183:  INSERT INTO fccmatomic.KDD_BREAK_MTCHS (BREAK_ID,DATASET_ID,KEY_ID,MATCH_CD) VALUES (:BREAK_ID, : DATASET_ID, :KEY_ID, :MTCH_CD)
05/21/2026 12:24:57 DEBUG : Thread ID = 139648306579200:  Rule Matcher:   File = TableBreakMatches.cc:  Line = 164:  Placeholder Values are  : BREAK_ID : 3005, DATASET_ID : 1.13001e+08, KEY_ID : 304078

05/21/2026 12:24:57 DEBUG : Thread ID = 139648306579200:  Rule Matcher:   File = TableBreakMatches.cc:  Line = 183:  INSERT INTO fccmatomic.KDD_BREAK_MTCHS (BREAK_ID,DATASET_ID,KEY_ID,MATCH_CD) VALUES (:BREAK_ID, : DATASET_ID, :KEY_ID, :MTCH_CD)
05/21/2026 12:24:57 DEBUG : Thread ID = 139648306579200:  Rule Matcher:   File = TableBreakMatches.cc:  Line = 164:  Placeholder Values are  : BREAK_ID : 3005, DATASET_ID : 1.13001e+08, KEY_ID : 304079

05/21/2026 12:24:57 DEBUG : Thread ID = 139648306579200:  Rule Matcher:   File = TableBreakMatches.cc:  Line = 183:  INSERT INTO fccmatomic.KDD_BREAK_MTCHS (BREAK_ID,DATASET_ID,KEY_ID,MATCH_CD) VALUES (:BREAK_ID, : DATASET_ID, :KEY_ID, :MTCH_CD)
05/21/2026 12:24:57 DEBUG : Thread ID = 139648306579200:  Rule Matcher:   File = TableBreakMatches.cc:  Line = 164:  Placeholder Values are  : BREAK_ID : 3005, DATASET_ID : 1.13001e+08, KEY_ID : 304080

05/21/2026 12:24:57 DEBUG : Thread ID = 139648306579200:  Rule Matcher:   File = TableBreakMatches.cc:  Line = 183:  INSERT INTO fccmatomic.KDD_BREAK_MTCHS (BREAK_ID,DATASET_ID,KEY_ID,MATCH_CD) VALUES (:BREAK_ID, : DATASET_ID, :KEY_ID, :MTCH_CD)
05/21/2026 12:24:57 DEBUG : Thread ID = 139648306579200:  Rule Matcher:   File = TableBreakMatches.cc:  Line = 164:  Placeholder Values are  : BREAK_ID : 3005, DATASET_ID : 1.13001e+08, KEY_ID : 304081

05/21/2026 12:24:57 DEBUG : Thread ID = 139648306579200:  Rule Matcher:   File = TableBreakMatches.cc:  Line = 183:  INSERT INTO fccmatomic.KDD_BREAK_MTCHS (BREAK_ID,DATASET_ID,KEY_ID,MATCH_CD) VALUES (:BREAK_ID, : DATASET_ID, :KEY_ID, :MTCH_CD)
05/21/2026 12:24:57 DEBUG : Thread ID = 139648306579200:  Rule Matcher:   File = TableBreakMatches.cc:  Line = 164:  Placeholder Values are  : BREAK_ID : 3005, DATASET_ID : 1.13001e+08, KEY_ID : 304082

05/21/2026 12:24:57 DEBUG : Thread ID = 139648306579200:  Rule Matcher:   File = TableBreakMatches.cc:  Line = 183:  INSERT INTO fccmatomic.KDD_BREAK_MTCHS (BREAK_ID,DATASET_ID,KEY_ID,MATCH_CD) VALUES (:BREAK_ID, : DATASET_ID, :KEY_ID, :MTCH_CD)
05/21/2026 12:24:57 DEBUG : Thread ID = 139648306579200:  Rule Matcher:   File = TableBreakMatches.cc:  Line = 164:  Placeholder Values are  : BREAK_ID : 3005, DATASET_ID : 1.13001e+08, KEY_ID : 325307

05/21/2026 12:24:57 DEBUG : Thread ID = 139648306579200:  Rule Matcher:   File = TableBreakMatches.cc:  Line = 183:  INSERT INTO fccmatomic.KDD_BREAK_MTCHS (BREAK_ID,DATASET_ID,KEY_ID,MATCH_CD) VALUES (:BREAK_ID, : DATASET_ID, :KEY_ID, :MTCH_CD)
05/21/2026 12:24:57 DEBUG : Thread ID = 139648306579200:  Rule Matcher:   File = TableBreakMatches.cc:  Line = 164:  Placeholder Values are  : BREAK_ID : 3005, DATASET_ID : 1.13001e+08, KEY_ID : 326494

05/21/2026 12:24:57 DEBUG : Thread ID = 139648306579200:  Rule Matcher:   File = TableBreakMatches.cc:  Line = 183:  INSERT INTO fccmatomic.KDD_BREAK_MTCHS (BREAK_ID,DATASET_ID,KEY_ID,MATCH_CD) VALUES (:BREAK_ID, : DATASET_ID, :KEY_ID, :MTCH_CD)
05/21/2026 12:24:57 INFO : Thread ID = 139648306579200:  Rule Matcher:   File = WriteToDBAction.cc:  Line = 488:  Successfully wrote out matches to the database
05/21/2026 12:24:57 INFO : Thread ID = 139648306579200:  Rule Matcher:   File = RuleMatcher.cc:  Line = 166:  
Run 21101 running against Pattern 114000526 generated 5 matches.
Elapsed time for matching: 00:00:21 
05/21/2026 12:24:57 DEBUG : Thread ID = 139648306579200:  Rule Matcher:   File = runupdater.cc:  Line = 104:  UPDATE fccmatomic.KDD_RUN SET RUN_MSG_TX = :Msg WHERE RUN_ID = 21101
05/21/2026 12:24:57 DEBUG : Thread ID = 139648306579200:  Rule Matcher:   File = runupdater.cc:  Line = 142:  UPDATE fccmatomic.KDD_RUN SET RUN_MSG_TX = :Msg WHERE RUN_ID = 21101
05/21/2026 12:24:57 DEBUG : Thread ID = 139648306579200:  Rule Matcher:   File = runupdater.cc:  Line = 59:  UPDATE fccmatomic.KDD_RUN SET RUN_STATUS_CD = 'FIN' WHERE RUN_ID = 21101
05/21/2026 12:24:57 DEBUG : Thread ID = 139648306579200:  Rule Matcher:   File = runupdater.cc:  Line = 198:  UPDATE fccmatomic.KDD_RUN SET END_TS = TO_DATE('21/05/2026 12:24:57 PM','DD/MM/YYYY HH:MI:SS AM') WHERE RUN_ID = 21101
05/21/2026 12:24:57 DEBUG : Thread ID = 139650182302912:  Rule Matcher:   File = jobupdater.cc:  Line = 57:  UPDATE fccmatomic.KDD_JOB SET STATUS_CD = 'FIN' WHERE JOB_ID = 102121
05/21/2026 12:24:57 INFO : Thread ID = 139650182302912:  Rule Matcher:   File = mantas.cc:  Line = 697:  
mantas: ============================================================
mantas: Exiting job 102121 at Thu May 21 12:24:57 IST 2026 with code 0
mantas: ============================================================
