05/21/2026 12:39:34 INFO : Thread ID = 139688262134976:  mantas:   File = mantas.cc:  Line = 180:  
mantas: ============================================================
mantas: Starting job 102251 at Thu May 21 12:39:34 IST 2026
mantas: ============================================================
05/21/2026 12:39:34 INFO : Thread ID = 139688262134976:  mantas:   File = mantas.cc:  Line = 182:  mantas initialized
05/21/2026 12:39:34 DEBUG : Thread ID = 139688262134976:  mantas:   File = DBAccess.cc:  Line = 140:  Connecting to infodom: FCCMINFO
05/21/2026 12:39:35 DEBUG : Thread ID = 139688262134976:  mantas:   File = DBAccessAAI.cc:  Line = 140:  Connecting to infodom: FCCMINFO
05/21/2026 12:39:35 DEBUG : Thread ID = 139688262134976:  mantas:   File = DBAccessAAI.cc:  Line = 150:  Obtained config schema details for: fccmconfigon: demofsaa.jmrinfotechble.com
05/21/2026 12:39:35 DEBUG : Thread ID = 139688262134976:  mantas:   File = job.cc:  Line = 87:  SELECT a.ALGORITHM_NM, a.EXECUTABLE_NM, b.PARAM_SET_ID, b.CREAT_ID, b.THREAD_CT, b.CLONED_JOB_ID, b.DMN_CD, c.DESC_TX FROM fccmatomic.KDD_ALGORITHM a, fccmatomic.KDD_JOB b, fccmatomic.KDD_PARAM_SET c WHERE b.JOB_ID = 102251 AND b.STATUS_CD != 'IGN' AND b.PARAM_SET_ID = c.PARAM_SET_ID AND a.ALGORITHM_NM = c.ALGORITHM_NM
05/21/2026 12:39:35 DEBUG : Thread ID = 139688262134976:  mantas:   File = job.cc:  Line = 134:  SELECT a.PARAM_VALUE_TX FROM fccmatomic.KDD_PARAM_BINDING a WHERE a.PARAM_SET_ID = 122501 AND a.ALGORITHM_NM = 'Rule Matcher' AND a.PARAM_NM = 'np'
05/21/2026 12:39:35 INFO : Thread ID = 139688262134976:  mantas:   File = mantas.cc:  Line = 981:  Job description: ML-TerroristFinancing_(ML-TerroristFinancing)_AIIN
05/21/2026 12:39:35 DEBUG : Thread ID = 139688262134976:  mantas:   File = jobupdater.cc:  Line = 57:  UPDATE fccmatomic.KDD_JOB SET STATUS_CD = 'RUN' WHERE JOB_ID = 102251
05/21/2026 12:39:35 DEBUG : Thread ID = 139688262134976:  mantas:   File = jobupdater.cc:  Line = 95:  UPDATE fccmatomic.KDD_JOB SET START_TS = TO_DATE('21/05/2026 12:39:35 PM', 'DD/MM/YYYY HH:MI:SS AM') WHERE JOB_ID = 102251
05/21/2026 12:39:35 DEBUG : Thread ID = 139688262134976:  mantas:   File = TableBatchControl.cc:  Line = 38:  SELECT a.PRCSNG_BATCH_ID, a.PRCSNG_BATCH_NM, a.DATA_DUMP_DT FROM fccmatomic.KDD_PRCSNG_BATCH_CONTROL a
05/21/2026 12:39:35 DEBUG : Thread ID = 139688262134976:  mantas:   File = TableJob.cc:  Line = 53:  UPDATE fccmatomic.KDD_JOB SET PRCSNG_BATCH_ID = 17 WHERE JOB_ID = 102251
05/21/2026 12:39:35 INFO : Thread ID = 139688262134976:  mantas:   File = mantas.cc:  Line = 1004:  Current business date: 31/01/2016
05/21/2026 12:39:35 DEBUG : Thread ID = 139688262134976:  mantas:   File = job.cc:  Line = 189:  SELECT a.DATASET_ID FROM fccmatomic.KDD_JOB_DATASET a WHERE a.JOB_ID = 102251 ORDER BY a.ORDER_NB
05/21/2026 12:39:35 DEBUG : Thread ID = 139688262134976:  mantas:   File = job.cc:  Line = 239:  SELECT a.BINDING_NM, a.ATTR_NM, a.LOOP_FL, a.IGNORE_FL, a.MULTIPLE_RUN_FL, a.MULTIPLE_RUN_VALUE_TX FROM fccmatomic.KDD_JOB_DATASET_BINDING a WHERE a.JOB_ID = 102251 AND a.DATASET_ID = 114017691 ORDER BY a.ORDER_NB
05/21/2026 12:39:35 DEBUG : Thread ID = 139688262134976:  mantas:   File = job.cc:  Line = 239:  SELECT a.BINDING_NM, a.ATTR_NM, a.LOOP_FL, a.IGNORE_FL, a.MULTIPLE_RUN_FL, a.MULTIPLE_RUN_VALUE_TX FROM fccmatomic.KDD_JOB_DATASET_BINDING a WHERE a.JOB_ID = 102251 AND a.DATASET_ID = 114017716 ORDER BY a.ORDER_NB
05/21/2026 12:39:35 DEBUG : Thread ID = 139688262134976:  mantas:   File = job.cc:  Line = 239:  SELECT a.BINDING_NM, a.ATTR_NM, a.LOOP_FL, a.IGNORE_FL, a.MULTIPLE_RUN_FL, a.MULTIPLE_RUN_VALUE_TX FROM fccmatomic.KDD_JOB_DATASET_BINDING a WHERE a.JOB_ID = 102251 AND a.DATASET_ID = 114017718 ORDER BY a.ORDER_NB
05/21/2026 12:39:35 DEBUG : Thread ID = 139688262134976:  mantas:   File = job.cc:  Line = 239:  SELECT a.BINDING_NM, a.ATTR_NM, a.LOOP_FL, a.IGNORE_FL, a.MULTIPLE_RUN_FL, a.MULTIPLE_RUN_VALUE_TX FROM fccmatomic.KDD_JOB_DATASET_BINDING a WHERE a.JOB_ID = 102251 AND a.DATASET_ID = 114017720 ORDER BY a.ORDER_NB
05/21/2026 12:39:35 DEBUG : Thread ID = 139688262134976:  mantas:   File = job.cc:  Line = 239:  SELECT a.BINDING_NM, a.ATTR_NM, a.LOOP_FL, a.IGNORE_FL, a.MULTIPLE_RUN_FL, a.MULTIPLE_RUN_VALUE_TX FROM fccmatomic.KDD_JOB_DATASET_BINDING a WHERE a.JOB_ID = 102251 AND a.DATASET_ID = 114017723 ORDER BY a.ORDER_NB
05/21/2026 12:39:35 DEBUG : Thread ID = 139688262134976:  mantas:   File = job.cc:  Line = 239:  SELECT a.BINDING_NM, a.ATTR_NM, a.LOOP_FL, a.IGNORE_FL, a.MULTIPLE_RUN_FL, a.MULTIPLE_RUN_VALUE_TX FROM fccmatomic.KDD_JOB_DATASET_BINDING a WHERE a.JOB_ID = 102251 AND a.DATASET_ID = 114017728 ORDER BY a.ORDER_NB
05/21/2026 12:39:35 DEBUG : Thread ID = 139688262134976:  mantas:   File = job.cc:  Line = 239:  SELECT a.BINDING_NM, a.ATTR_NM, a.LOOP_FL, a.IGNORE_FL, a.MULTIPLE_RUN_FL, a.MULTIPLE_RUN_VALUE_TX FROM fccmatomic.KDD_JOB_DATASET_BINDING a WHERE a.JOB_ID = 102251 AND a.DATASET_ID = 114017731 ORDER BY a.ORDER_NB
05/21/2026 12:39:35 DEBUG : Thread ID = 139688262134976:  mantas:   File = job.cc:  Line = 239:  SELECT a.BINDING_NM, a.ATTR_NM, a.LOOP_FL, a.IGNORE_FL, a.MULTIPLE_RUN_FL, a.MULTIPLE_RUN_VALUE_TX FROM fccmatomic.KDD_JOB_DATASET_BINDING a WHERE a.JOB_ID = 102251 AND a.DATASET_ID = 114017733 ORDER BY a.ORDER_NB
05/21/2026 12:39:35 DEBUG : Thread ID = 139688262134976:  mantas:   File = job.cc:  Line = 559:  INSERT INTO fccmatomic.KDD_RUN (RUN_ID, JOB_ID, RUN_STATUS_CD) VALUES (22401, 102251 , 'NEW')
05/21/2026 12:39:35 INFO : Thread ID = 139688262134976:  mantas:   File = mantas.cc:  Line = 549:  Loading librule_matcher.so
05/21/2026 12:39:35 DEBUG : Thread ID = 139687258707712:  mantas:   File = runupdater.cc:  Line = 59:  UPDATE fccmatomic.KDD_RUN SET RUN_STATUS_CD = 'RUN' WHERE RUN_ID = 22401
05/21/2026 12:39:35 DEBUG : Thread ID = 139687258707712:  mantas:   File = runupdater.cc:  Line = 104:  UPDATE fccmatomic.KDD_RUN SET RUN_MSG_TX = :Msg WHERE RUN_ID = 22401
05/21/2026 12:39:35 DEBUG : Thread ID = 139687258707712:  mantas:   File = runupdater.cc:  Line = 142:  UPDATE fccmatomic.KDD_RUN SET RUN_MSG_TX = :Msg WHERE RUN_ID = 22401
05/21/2026 12:39:35 DEBUG : Thread ID = 139687258707712:  mantas:   File = runupdater.cc:  Line = 163:  UPDATE fccmatomic.KDD_RUN SET START_TS = TO_DATE('21/05/2026 12:39:35 PM', 'DD/MM/YYYY HH:MI:SS AM') WHERE RUN_ID = 22401
05/21/2026 12:39:35 DEBUG : Thread ID = 139687258707712:  mantas:   File = run.cc:  Line = 147:  SELECT a.JOB_ID FROM fccmatomic.KDD_RUN a WHERE a.RUN_ID = 22401
05/21/2026 12:39:35 DEBUG : Thread ID = 139687258707712:  mantas:   File = job.cc:  Line = 87:  SELECT a.ALGORITHM_NM, a.EXECUTABLE_NM, b.PARAM_SET_ID, b.CREAT_ID, b.THREAD_CT, b.CLONED_JOB_ID, b.DMN_CD, c.DESC_TX FROM fccmatomic.KDD_ALGORITHM a, fccmatomic.KDD_JOB b, fccmatomic.KDD_PARAM_SET c WHERE b.JOB_ID = 102251 AND b.STATUS_CD != 'IGN' AND b.PARAM_SET_ID = c.PARAM_SET_ID AND a.ALGORITHM_NM = c.ALGORITHM_NM
05/21/2026 12:39:35 DEBUG : Thread ID = 139687258707712:  mantas:   File = job.cc:  Line = 134:  SELECT a.PARAM_VALUE_TX FROM fccmatomic.KDD_PARAM_BINDING a WHERE a.PARAM_SET_ID = 122501 AND a.ALGORITHM_NM = 'Rule Matcher' AND a.PARAM_NM = 'np'
05/21/2026 12:39:35 DEBUG : Thread ID = 139687258707712:  mantas:   File = job.cc:  Line = 189:  SELECT a.DATASET_ID FROM fccmatomic.KDD_JOB_DATASET a WHERE a.JOB_ID = 102251 ORDER BY a.ORDER_NB
05/21/2026 12:39:35 DEBUG : Thread ID = 139687258707712:  mantas:   File = job.cc:  Line = 239:  SELECT a.BINDING_NM, a.ATTR_NM, a.LOOP_FL, a.IGNORE_FL, a.MULTIPLE_RUN_FL, a.MULTIPLE_RUN_VALUE_TX FROM fccmatomic.KDD_JOB_DATASET_BINDING a WHERE a.JOB_ID = 102251 AND a.DATASET_ID = 114017691 ORDER BY a.ORDER_NB
05/21/2026 12:39:35 DEBUG : Thread ID = 139687258707712:  mantas:   File = job.cc:  Line = 239:  SELECT a.BINDING_NM, a.ATTR_NM, a.LOOP_FL, a.IGNORE_FL, a.MULTIPLE_RUN_FL, a.MULTIPLE_RUN_VALUE_TX FROM fccmatomic.KDD_JOB_DATASET_BINDING a WHERE a.JOB_ID = 102251 AND a.DATASET_ID = 114017716 ORDER BY a.ORDER_NB
05/21/2026 12:39:35 DEBUG : Thread ID = 139687258707712:  mantas:   File = job.cc:  Line = 239:  SELECT a.BINDING_NM, a.ATTR_NM, a.LOOP_FL, a.IGNORE_FL, a.MULTIPLE_RUN_FL, a.MULTIPLE_RUN_VALUE_TX FROM fccmatomic.KDD_JOB_DATASET_BINDING a WHERE a.JOB_ID = 102251 AND a.DATASET_ID = 114017718 ORDER BY a.ORDER_NB
05/21/2026 12:39:35 DEBUG : Thread ID = 139687258707712:  mantas:   File = job.cc:  Line = 239:  SELECT a.BINDING_NM, a.ATTR_NM, a.LOOP_FL, a.IGNORE_FL, a.MULTIPLE_RUN_FL, a.MULTIPLE_RUN_VALUE_TX FROM fccmatomic.KDD_JOB_DATASET_BINDING a WHERE a.JOB_ID = 102251 AND a.DATASET_ID = 114017720 ORDER BY a.ORDER_NB
05/21/2026 12:39:35 DEBUG : Thread ID = 139687258707712:  mantas:   File = job.cc:  Line = 239:  SELECT a.BINDING_NM, a.ATTR_NM, a.LOOP_FL, a.IGNORE_FL, a.MULTIPLE_RUN_FL, a.MULTIPLE_RUN_VALUE_TX FROM fccmatomic.KDD_JOB_DATASET_BINDING a WHERE a.JOB_ID = 102251 AND a.DATASET_ID = 114017723 ORDER BY a.ORDER_NB
05/21/2026 12:39:35 DEBUG : Thread ID = 139687258707712:  mantas:   File = job.cc:  Line = 239:  SELECT a.BINDING_NM, a.ATTR_NM, a.LOOP_FL, a.IGNORE_FL, a.MULTIPLE_RUN_FL, a.MULTIPLE_RUN_VALUE_TX FROM fccmatomic.KDD_JOB_DATASET_BINDING a WHERE a.JOB_ID = 102251 AND a.DATASET_ID = 114017728 ORDER BY a.ORDER_NB
05/21/2026 12:39:35 DEBUG : Thread ID = 139687258707712:  mantas:   File = job.cc:  Line = 239:  SELECT a.BINDING_NM, a.ATTR_NM, a.LOOP_FL, a.IGNORE_FL, a.MULTIPLE_RUN_FL, a.MULTIPLE_RUN_VALUE_TX FROM fccmatomic.KDD_JOB_DATASET_BINDING a WHERE a.JOB_ID = 102251 AND a.DATASET_ID = 114017731 ORDER BY a.ORDER_NB
05/21/2026 12:39:35 DEBUG : Thread ID = 139687258707712:  mantas:   File = job.cc:  Line = 239:  SELECT a.BINDING_NM, a.ATTR_NM, a.LOOP_FL, a.IGNORE_FL, a.MULTIPLE_RUN_FL, a.MULTIPLE_RUN_VALUE_TX FROM fccmatomic.KDD_JOB_DATASET_BINDING a WHERE a.JOB_ID = 102251 AND a.DATASET_ID = 114017733 ORDER BY a.ORDER_NB
05/21/2026 12:39:35 DEBUG : Thread ID = 139687258707712:  mantas:   File = job.cc:  Line = 356:  SELECT a.BINDING_NM, a.BINDING_VALUE_TX, a.LOWER_BOUND, a.UPPER_BOUND FROM fccmatomic.KDD_RUN_DATASET_BINDING a WHERE a.RUN_ID = 22401 AND a.DATASET_ID = 114017691
05/21/2026 12:39:35 DEBUG : Thread ID = 139687258707712:  mantas:   File = job.cc:  Line = 356:  SELECT a.BINDING_NM, a.BINDING_VALUE_TX, a.LOWER_BOUND, a.UPPER_BOUND FROM fccmatomic.KDD_RUN_DATASET_BINDING a WHERE a.RUN_ID = 22401 AND a.DATASET_ID = 114017716
05/21/2026 12:39:35 DEBUG : Thread ID = 139687258707712:  mantas:   File = job.cc:  Line = 356:  SELECT a.BINDING_NM, a.BINDING_VALUE_TX, a.LOWER_BOUND, a.UPPER_BOUND FROM fccmatomic.KDD_RUN_DATASET_BINDING a WHERE a.RUN_ID = 22401 AND a.DATASET_ID = 114017718
05/21/2026 12:39:35 DEBUG : Thread ID = 139687258707712:  mantas:   File = job.cc:  Line = 356:  SELECT a.BINDING_NM, a.BINDING_VALUE_TX, a.LOWER_BOUND, a.UPPER_BOUND FROM fccmatomic.KDD_RUN_DATASET_BINDING a WHERE a.RUN_ID = 22401 AND a.DATASET_ID = 114017720
05/21/2026 12:39:35 DEBUG : Thread ID = 139687258707712:  mantas:   File = job.cc:  Line = 356:  SELECT a.BINDING_NM, a.BINDING_VALUE_TX, a.LOWER_BOUND, a.UPPER_BOUND FROM fccmatomic.KDD_RUN_DATASET_BINDING a WHERE a.RUN_ID = 22401 AND a.DATASET_ID = 114017723
05/21/2026 12:39:35 DEBUG : Thread ID = 139687258707712:  mantas:   File = job.cc:  Line = 356:  SELECT a.BINDING_NM, a.BINDING_VALUE_TX, a.LOWER_BOUND, a.UPPER_BOUND FROM fccmatomic.KDD_RUN_DATASET_BINDING a WHERE a.RUN_ID = 22401 AND a.DATASET_ID = 114017728
05/21/2026 12:39:35 DEBUG : Thread ID = 139687258707712:  mantas:   File = job.cc:  Line = 356:  SELECT a.BINDING_NM, a.BINDING_VALUE_TX, a.LOWER_BOUND, a.UPPER_BOUND FROM fccmatomic.KDD_RUN_DATASET_BINDING a WHERE a.RUN_ID = 22401 AND a.DATASET_ID = 114017731
05/21/2026 12:39:35 DEBUG : Thread ID = 139687258707712:  mantas:   File = job.cc:  Line = 356:  SELECT a.BINDING_NM, a.BINDING_VALUE_TX, a.LOWER_BOUND, a.UPPER_BOUND FROM fccmatomic.KDD_RUN_DATASET_BINDING a WHERE a.RUN_ID = 22401 AND a.DATASET_ID = 114017733
05/21/2026 12:39:35 DEBUG : Thread ID = 139687258707712:  mantas:   File = dbparameter.cc:  Line = 51:  SELECT ALGORITHM_NM FROM fccmatomic.KDD_PARAM_SET a WHERE PARAM_SET_ID = 122501
05/21/2026 12:39:35 DEBUG : Thread ID = 139687258707712:  mantas:   File = dbparameter.cc:  Line = 134:  SELECT a.PARAM_NM, a.PARAM_TYPE_CD, b.DEFAULT_VALUE_TX FROM fccmatomic.KDD_ALGORITHM_PARAM a, fccmatomic.KDD_PARAM_DEFAULT b WHERE a.ALGORITHM_NM = 'Rule Matcher' AND a.ALGORITHM_NM = b.ALGORITHM_NM AND a.PARAM_NM = b.PARAM_NM
05/21/2026 12:39:35 DEBUG : Thread ID = 139687258707712:  mantas:   File = dbparameter.cc:  Line = 134:  SELECT a.PARAM_NM, a.PARAM_TYPE_CD, b.PARAM_VALUE_TX FROM fccmatomic.KDD_ALGORITHM_PARAM a, fccmatomic.KDD_PARAM_BINDING b WHERE b.PARAM_SET_ID = 122501 AND a.PARAM_NM = b.PARAM_NM AND a.ALGORITHM_NM = b.ALGORITHM_NM
05/21/2026 12:39:35 DEBUG : Thread ID = 139687258707712:  Rule Matcher:   File = TablePattern.cc:  Line = 94:  SELECT a.DEACT_TS, a.PTTRN_TYPE_CD FROM fccmatomic.KDD_PTTRN a WHERE a.PTTRN_ID = 114000563
05/21/2026 12:39:35 DEBUG : Thread ID = 139687258707712:  Rule Matcher:   File = TablePattern.cc:  Line = 63:  SELECT a.SCNRO_ID FROM fccmatomic.KDD_PTTRN a WHERE a.PTTRN_ID = 114000563
05/21/2026 12:39:35 DEBUG : Thread ID = 139687258707712:  Rule Matcher:   File = runupdater.cc:  Line = 104:  UPDATE fccmatomic.KDD_RUN SET RUN_MSG_TX = :Msg WHERE RUN_ID = 22401
05/21/2026 12:39:35 DEBUG : Thread ID = 139687258707712:  Rule Matcher:   File = runupdater.cc:  Line = 142:  UPDATE fccmatomic.KDD_RUN SET RUN_MSG_TX = :Msg WHERE RUN_ID = 22401
05/21/2026 12:39:35 DEBUG : Thread ID = 139687258707712:  Rule Matcher:   File = TablePatternDataset.cc:  Line = 35:  SELECT a.DATASET_ID FROM fccmatomic.KDD_PTTRN_DATASET a WHERE a.PTTRN_ID = 114000563 ORDER BY a.ORDER_NB
05/21/2026 12:39:35 DEBUG : Thread ID = 139687258707712:  Rule Matcher:   File = dsbuilder.cc:  Line = 66:  SELECT a.REALIZED_NM, a.DATASET_NM, a.PRNT_DATASET_ID FROM fccmatomic.KDD_DATASET a WHERE a.DATASET_ID = 114017691
05/21/2026 12:39:35 DEBUG : Thread ID = 139687258707712:  Rule Matcher:   File = dsbuilder.cc:  Line = 151:  SELECT a.ATTR_ID, UPPER(a.ATTR_NM) , a.TYPE_CD, a.ORDER_FL, a.DISCRETE_FL, b.KEY_FL, b.NAME_FL FROM fccmatomic.KDD_ATTR a, fccmatomic.KDD_DATASET_ATTR b WHERE b.DATASET_ID = 114017691 AND a.ATTR_ID = b.ATTR_ID
05/21/2026 12:39:36 DEBUG : Thread ID = 139687258707712:  Rule Matcher:   File = dsbuilder.cc:  Line = 248:  SELECT a.TAG_NM, a.TAG_VALUE_TX FROM fccmatomic.KDD_ATTR_TAG a WHERE a.ATTR_ID = 113001001
05/21/2026 12:39:36 DEBUG : Thread ID = 139687258707712:  Rule Matcher:   File = dsbuilder.cc:  Line = 248:  SELECT a.TAG_NM, a.TAG_VALUE_TX FROM fccmatomic.KDD_ATTR_TAG a WHERE a.ATTR_ID = 113001003
05/21/2026 12:39:36 DEBUG : Thread ID = 139687258707712:  Rule Matcher:   File = dsbuilder.cc:  Line = 248:  SELECT a.TAG_NM, a.TAG_VALUE_TX FROM fccmatomic.KDD_ATTR_TAG a WHERE a.ATTR_ID = 114004492
05/21/2026 12:39:36 DEBUG : Thread ID = 139687258707712:  Rule Matcher:   File = dsbuilder.cc:  Line = 248:  SELECT a.TAG_NM, a.TAG_VALUE_TX FROM fccmatomic.KDD_ATTR_TAG a WHERE a.ATTR_ID = 114004494
05/21/2026 12:39:36 DEBUG : Thread ID = 139687258707712:  Rule Matcher:   File = dsbuilder.cc:  Line = 248:  SELECT a.TAG_NM, a.TAG_VALUE_TX FROM fccmatomic.KDD_ATTR_TAG a WHERE a.ATTR_ID = 114004495
05/21/2026 12:39:36 DEBUG : Thread ID = 139687258707712:  Rule Matcher:   File = dsbuilder.cc:  Line = 248:  SELECT a.TAG_NM, a.TAG_VALUE_TX FROM fccmatomic.KDD_ATTR_TAG a WHERE a.ATTR_ID = 114004496
05/21/2026 12:39:36 DEBUG : Thread ID = 139687258707712:  Rule Matcher:   File = dsbuilder.cc:  Line = 248:  SELECT a.TAG_NM, a.TAG_VALUE_TX FROM fccmatomic.KDD_ATTR_TAG a WHERE a.ATTR_ID = 114004497
05/21/2026 12:39:36 DEBUG : Thread ID = 139687258707712:  Rule Matcher:   File = dsbuilder.cc:  Line = 248:  SELECT a.TAG_NM, a.TAG_VALUE_TX FROM fccmatomic.KDD_ATTR_TAG a WHERE a.ATTR_ID = 114004498
05/21/2026 12:39:36 DEBUG : Thread ID = 139687258707712:  Rule Matcher:   File = dsbuilder.cc:  Line = 248:  SELECT a.TAG_NM, a.TAG_VALUE_TX FROM fccmatomic.KDD_ATTR_TAG a WHERE a.ATTR_ID = 114004499
05/21/2026 12:39:36 DEBUG : Thread ID = 139687258707712:  Rule Matcher:   File = dsbuilder.cc:  Line = 248:  SELECT a.TAG_NM, a.TAG_VALUE_TX FROM fccmatomic.KDD_ATTR_TAG a WHERE a.ATTR_ID = 114004503
05/21/2026 12:39:36 DEBUG : Thread ID = 139687258707712:  Rule Matcher:   File = dsbuilder.cc:  Line = 248:  SELECT a.TAG_NM, a.TAG_VALUE_TX FROM fccmatomic.KDD_ATTR_TAG a WHERE a.ATTR_ID = 114004506
05/21/2026 12:39:36 DEBUG : Thread ID = 139687258707712:  Rule Matcher:   File = dsbuilder.cc:  Line = 248:  SELECT a.TAG_NM, a.TAG_VALUE_TX FROM fccmatomic.KDD_ATTR_TAG a WHERE a.ATTR_ID = 114004507
05/21/2026 12:39:36 DEBUG : Thread ID = 139687258707712:  Rule Matcher:   File = dsbuilder.cc:  Line = 248:  SELECT a.TAG_NM, a.TAG_VALUE_TX FROM fccmatomic.KDD_ATTR_TAG a WHERE a.ATTR_ID = 114004540
05/21/2026 12:39:36 DEBUG : Thread ID = 139687258707712:  Rule Matcher:   File = dsbuilder.cc:  Line = 248:  SELECT a.TAG_NM, a.TAG_VALUE_TX FROM fccmatomic.KDD_ATTR_TAG a WHERE a.ATTR_ID = 114004541
05/21/2026 12:39:36 DEBUG : Thread ID = 139687258707712:  Rule Matcher:   File = dsbuilder.cc:  Line = 248:  SELECT a.TAG_NM, a.TAG_VALUE_TX FROM fccmatomic.KDD_ATTR_TAG a WHERE a.ATTR_ID = 114004542
05/21/2026 12:39:36 DEBUG : Thread ID = 139687258707712:  Rule Matcher:   File = dsbuilder.cc:  Line = 248:  SELECT a.TAG_NM, a.TAG_VALUE_TX FROM fccmatomic.KDD_ATTR_TAG a WHERE a.ATTR_ID = 118747299
05/21/2026 12:39:36 DEBUG : Thread ID = 139687258707712:  Rule Matcher:   File = dsbuilder.cc:  Line = 248:  SELECT a.TAG_NM, a.TAG_VALUE_TX FROM fccmatomic.KDD_ATTR_TAG a WHERE a.ATTR_ID = 118810659
05/21/2026 12:39:36 DEBUG : Thread ID = 139687258707712:  Rule Matcher:   File = dsbuilder.cc:  Line = 248:  SELECT a.TAG_NM, a.TAG_VALUE_TX FROM fccmatomic.KDD_ATTR_TAG a WHERE a.ATTR_ID = 118860083
05/21/2026 12:39:36 DEBUG : Thread ID = 139687258707712:  Rule Matcher:   File = dsbuilder.cc:  Line = 248:  SELECT a.TAG_NM, a.TAG_VALUE_TX FROM fccmatomic.KDD_ATTR_TAG a WHERE a.ATTR_ID = 118861017
05/21/2026 12:39:36 DEBUG : Thread ID = 139687258707712:  Rule Matcher:   File = dsbuilder.cc:  Line = 290:  SELECT a.TRANSFORM_TX, a.REALIZED_FL FROM fccmatomic.KDD_TRANSFORM a WHERE a.DATASET_ID = 114017691 ORDER BY a.TRANSFORM_NB
05/21/2026 12:39:36 DEBUG : Thread ID = 139687258707712:  Rule Matcher:   File = dsbuilder.cc:  Line = 66:  SELECT a.REALIZED_NM, a.DATASET_NM, a.PRNT_DATASET_ID FROM fccmatomic.KDD_DATASET a WHERE a.DATASET_ID = 114017716
05/21/2026 12:39:36 DEBUG : Thread ID = 139687258707712:  Rule Matcher:   File = dsbuilder.cc:  Line = 151:  SELECT a.ATTR_ID, UPPER(a.ATTR_NM) , a.TYPE_CD, a.ORDER_FL, a.DISCRETE_FL, b.KEY_FL, b.NAME_FL FROM fccmatomic.KDD_ATTR a, fccmatomic.KDD_DATASET_ATTR b WHERE b.DATASET_ID = 114017716 AND a.ATTR_ID = b.ATTR_ID
05/21/2026 12:39:36 DEBUG : Thread ID = 139687258707712:  Rule Matcher:   File = dsbuilder.cc:  Line = 248:  SELECT a.TAG_NM, a.TAG_VALUE_TX FROM fccmatomic.KDD_ATTR_TAG a WHERE a.ATTR_ID = 113003600
05/21/2026 12:39:36 DEBUG : Thread ID = 139687258707712:  Rule Matcher:   File = dsbuilder.cc:  Line = 248:  SELECT a.TAG_NM, a.TAG_VALUE_TX FROM fccmatomic.KDD_ATTR_TAG a WHERE a.ATTR_ID = 114004509
05/21/2026 12:39:36 DEBUG : Thread ID = 139687258707712:  Rule Matcher:   File = dsbuilder.cc:  Line = 290:  SELECT a.TRANSFORM_TX, a.REALIZED_FL FROM fccmatomic.KDD_TRANSFORM a WHERE a.DATASET_ID = 114017716 ORDER BY a.TRANSFORM_NB
05/21/2026 12:39:36 DEBUG : Thread ID = 139687258707712:  Rule Matcher:   File = dsbuilder.cc:  Line = 66:  SELECT a.REALIZED_NM, a.DATASET_NM, a.PRNT_DATASET_ID FROM fccmatomic.KDD_DATASET a WHERE a.DATASET_ID = 114017718
05/21/2026 12:39:36 DEBUG : Thread ID = 139687258707712:  Rule Matcher:   File = dsbuilder.cc:  Line = 151:  SELECT a.ATTR_ID, UPPER(a.ATTR_NM) , a.TYPE_CD, a.ORDER_FL, a.DISCRETE_FL, b.KEY_FL, b.NAME_FL FROM fccmatomic.KDD_ATTR a, fccmatomic.KDD_DATASET_ATTR b WHERE b.DATASET_ID = 114017718 AND a.ATTR_ID = b.ATTR_ID
05/21/2026 12:39:36 DEBUG : Thread ID = 139687258707712:  Rule Matcher:   File = dsbuilder.cc:  Line = 248:  SELECT a.TAG_NM, a.TAG_VALUE_TX FROM fccmatomic.KDD_ATTR_TAG a WHERE a.ATTR_ID = 113003600
05/21/2026 12:39:36 DEBUG : Thread ID = 139687258707712:  Rule Matcher:   File = dsbuilder.cc:  Line = 248:  SELECT a.TAG_NM, a.TAG_VALUE_TX FROM fccmatomic.KDD_ATTR_TAG a WHERE a.ATTR_ID = 114004510
05/21/2026 12:39:36 DEBUG : Thread ID = 139687258707712:  Rule Matcher:   File = dsbuilder.cc:  Line = 290:  SELECT a.TRANSFORM_TX, a.REALIZED_FL FROM fccmatomic.KDD_TRANSFORM a WHERE a.DATASET_ID = 114017718 ORDER BY a.TRANSFORM_NB
05/21/2026 12:39:36 DEBUG : Thread ID = 139687258707712:  Rule Matcher:   File = dsbuilder.cc:  Line = 66:  SELECT a.REALIZED_NM, a.DATASET_NM, a.PRNT_DATASET_ID FROM fccmatomic.KDD_DATASET a WHERE a.DATASET_ID = 114017720
05/21/2026 12:39:36 DEBUG : Thread ID = 139687258707712:  Rule Matcher:   File = dsbuilder.cc:  Line = 151:  SELECT a.ATTR_ID, UPPER(a.ATTR_NM) , a.TYPE_CD, a.ORDER_FL, a.DISCRETE_FL, b.KEY_FL, b.NAME_FL FROM fccmatomic.KDD_ATTR a, fccmatomic.KDD_DATASET_ATTR b WHERE b.DATASET_ID = 114017720 AND a.ATTR_ID = b.ATTR_ID
05/21/2026 12:39:36 DEBUG : Thread ID = 139687258707712:  Rule Matcher:   File = dsbuilder.cc:  Line = 248:  SELECT a.TAG_NM, a.TAG_VALUE_TX FROM fccmatomic.KDD_ATTR_TAG a WHERE a.ATTR_ID = 113003600
05/21/2026 12:39:36 DEBUG : Thread ID = 139687258707712:  Rule Matcher:   File = dsbuilder.cc:  Line = 248:  SELECT a.TAG_NM, a.TAG_VALUE_TX FROM fccmatomic.KDD_ATTR_TAG a WHERE a.ATTR_ID = 114004511
05/21/2026 12:39:36 DEBUG : Thread ID = 139687258707712:  Rule Matcher:   File = dsbuilder.cc:  Line = 290:  SELECT a.TRANSFORM_TX, a.REALIZED_FL FROM fccmatomic.KDD_TRANSFORM a WHERE a.DATASET_ID = 114017720 ORDER BY a.TRANSFORM_NB
05/21/2026 12:39:36 DEBUG : Thread ID = 139687258707712:  Rule Matcher:   File = dsbuilder.cc:  Line = 66:  SELECT a.REALIZED_NM, a.DATASET_NM, a.PRNT_DATASET_ID FROM fccmatomic.KDD_DATASET a WHERE a.DATASET_ID = 114017723
05/21/2026 12:39:36 DEBUG : Thread ID = 139687258707712:  Rule Matcher:   File = dsbuilder.cc:  Line = 151:  SELECT a.ATTR_ID, UPPER(a.ATTR_NM) , a.TYPE_CD, a.ORDER_FL, a.DISCRETE_FL, b.KEY_FL, b.NAME_FL FROM fccmatomic.KDD_ATTR a, fccmatomic.KDD_DATASET_ATTR b WHERE b.DATASET_ID = 114017723 AND a.ATTR_ID = b.ATTR_ID
05/21/2026 12:39:36 DEBUG : Thread ID = 139687258707712:  Rule Matcher:   File = dsbuilder.cc:  Line = 248:  SELECT a.TAG_NM, a.TAG_VALUE_TX FROM fccmatomic.KDD_ATTR_TAG a WHERE a.ATTR_ID = 113003600
05/21/2026 12:39:36 DEBUG : Thread ID = 139687258707712:  Rule Matcher:   File = dsbuilder.cc:  Line = 248:  SELECT a.TAG_NM, a.TAG_VALUE_TX FROM fccmatomic.KDD_ATTR_TAG a WHERE a.ATTR_ID = 114004512
05/21/2026 12:39:36 DEBUG : Thread ID = 139687258707712:  Rule Matcher:   File = dsbuilder.cc:  Line = 290:  SELECT a.TRANSFORM_TX, a.REALIZED_FL FROM fccmatomic.KDD_TRANSFORM a WHERE a.DATASET_ID = 114017723 ORDER BY a.TRANSFORM_NB
05/21/2026 12:39:36 DEBUG : Thread ID = 139687258707712:  Rule Matcher:   File = dsbuilder.cc:  Line = 66:  SELECT a.REALIZED_NM, a.DATASET_NM, a.PRNT_DATASET_ID FROM fccmatomic.KDD_DATASET a WHERE a.DATASET_ID = 114017728
05/21/2026 12:39:36 DEBUG : Thread ID = 139687258707712:  Rule Matcher:   File = dsbuilder.cc:  Line = 151:  SELECT a.ATTR_ID, UPPER(a.ATTR_NM) , a.TYPE_CD, a.ORDER_FL, a.DISCRETE_FL, b.KEY_FL, b.NAME_FL FROM fccmatomic.KDD_ATTR a, fccmatomic.KDD_DATASET_ATTR b WHERE b.DATASET_ID = 114017728 AND a.ATTR_ID = b.ATTR_ID
05/21/2026 12:39:36 DEBUG : Thread ID = 139687258707712:  Rule Matcher:   File = dsbuilder.cc:  Line = 248:  SELECT a.TAG_NM, a.TAG_VALUE_TX FROM fccmatomic.KDD_ATTR_TAG a WHERE a.ATTR_ID = 113002710
05/21/2026 12:39:36 DEBUG : Thread ID = 139687258707712:  Rule Matcher:   File = dsbuilder.cc:  Line = 248:  SELECT a.TAG_NM, a.TAG_VALUE_TX FROM fccmatomic.KDD_ATTR_TAG a WHERE a.ATTR_ID = 114004508
05/21/2026 12:39:36 DEBUG : Thread ID = 139687258707712:  Rule Matcher:   File = dsbuilder.cc:  Line = 290:  SELECT a.TRANSFORM_TX, a.REALIZED_FL FROM fccmatomic.KDD_TRANSFORM a WHERE a.DATASET_ID = 114017728 ORDER BY a.TRANSFORM_NB
05/21/2026 12:39:36 DEBUG : Thread ID = 139687258707712:  Rule Matcher:   File = dsbuilder.cc:  Line = 66:  SELECT a.REALIZED_NM, a.DATASET_NM, a.PRNT_DATASET_ID FROM fccmatomic.KDD_DATASET a WHERE a.DATASET_ID = 114017731
05/21/2026 12:39:36 DEBUG : Thread ID = 139687258707712:  Rule Matcher:   File = dsbuilder.cc:  Line = 151:  SELECT a.ATTR_ID, UPPER(a.ATTR_NM) , a.TYPE_CD, a.ORDER_FL, a.DISCRETE_FL, b.KEY_FL, b.NAME_FL FROM fccmatomic.KDD_ATTR a, fccmatomic.KDD_DATASET_ATTR b WHERE b.DATASET_ID = 114017731 AND a.ATTR_ID = b.ATTR_ID
05/21/2026 12:39:36 DEBUG : Thread ID = 139687258707712:  Rule Matcher:   File = dsbuilder.cc:  Line = 248:  SELECT a.TAG_NM, a.TAG_VALUE_TX FROM fccmatomic.KDD_ATTR_TAG a WHERE a.ATTR_ID = 113002710
05/21/2026 12:39:36 DEBUG : Thread ID = 139687258707712:  Rule Matcher:   File = dsbuilder.cc:  Line = 248:  SELECT a.TAG_NM, a.TAG_VALUE_TX FROM fccmatomic.KDD_ATTR_TAG a WHERE a.ATTR_ID = 114004508
05/21/2026 12:39:36 DEBUG : Thread ID = 139687258707712:  Rule Matcher:   File = dsbuilder.cc:  Line = 290:  SELECT a.TRANSFORM_TX, a.REALIZED_FL FROM fccmatomic.KDD_TRANSFORM a WHERE a.DATASET_ID = 114017731 ORDER BY a.TRANSFORM_NB
05/21/2026 12:39:36 DEBUG : Thread ID = 139687258707712:  Rule Matcher:   File = dsbuilder.cc:  Line = 66:  SELECT a.REALIZED_NM, a.DATASET_NM, a.PRNT_DATASET_ID FROM fccmatomic.KDD_DATASET a WHERE a.DATASET_ID = 114017733
05/21/2026 12:39:36 DEBUG : Thread ID = 139687258707712:  Rule Matcher:   File = dsbuilder.cc:  Line = 151:  SELECT a.ATTR_ID, UPPER(a.ATTR_NM) , a.TYPE_CD, a.ORDER_FL, a.DISCRETE_FL, b.KEY_FL, b.NAME_FL FROM fccmatomic.KDD_ATTR a, fccmatomic.KDD_DATASET_ATTR b WHERE b.DATASET_ID = 114017733 AND a.ATTR_ID = b.ATTR_ID
05/21/2026 12:39:36 DEBUG : Thread ID = 139687258707712:  Rule Matcher:   File = dsbuilder.cc:  Line = 248:  SELECT a.TAG_NM, a.TAG_VALUE_TX FROM fccmatomic.KDD_ATTR_TAG a WHERE a.ATTR_ID = 113002710
05/21/2026 12:39:36 DEBUG : Thread ID = 139687258707712:  Rule Matcher:   File = dsbuilder.cc:  Line = 248:  SELECT a.TAG_NM, a.TAG_VALUE_TX FROM fccmatomic.KDD_ATTR_TAG a WHERE a.ATTR_ID = 114004508
05/21/2026 12:39:36 DEBUG : Thread ID = 139687258707712:  Rule Matcher:   File = dsbuilder.cc:  Line = 290:  SELECT a.TRANSFORM_TX, a.REALIZED_FL FROM fccmatomic.KDD_TRANSFORM a WHERE a.DATASET_ID = 114017733 ORDER BY a.TRANSFORM_NB
05/21/2026 12:39:36 DEBUG : Thread ID = 139687258707712:  Rule Matcher:   File = OracleSchema.cc:  Line = 126:  SELECT a.DATA_TYPE, a.DATA_PRECISION, a.DATA_SCALE, UPPER(a.COLUMN_NAME) FROM ALL_TAB_COLS a WHERE a.TABLE_NAME = 'DSVIEW114017691' AND a.OWNER = UPPER('fccmatomic')
05/21/2026 12:39:36 DEBUG : Thread ID = 139687258707712:  Rule Matcher:   File = TableDataset.cc:  Line = 169:  SELECT a.DATASET_ID, a.PRNT_DATASET_ID, a.DATASET_NM, a.USER_ID, a.CREATE_DT, a.REALIZED_NM, a.SQL_FL, a.SQL_CMMNT, a.SCNRO_ID, a.SQL_TX FROM fccmatomic.KDD_DATASET a WHERE a.SCNRO_ID = 114000122 ORDER BY a.DATASET_ID
05/21/2026 12:39:36 DEBUG : Thread ID = 139687258707712:  Rule Matcher:   File = TableThreshold.cc:  Line = 96:  SELECT a.TSHLD_NM, a.CURR_VALUE_TX, a.VALUE_TYPE_CD, a.DPLY_NM, a.DSPLY_SORT_ORDR_NB, a.DSPLY_FL, b.TSHLD_SET_NM FROM fccmatomic.KDD_TSHLD a, fccmatomic.KDD_TSHLD_SET b WHERE a.SCNRO_ID = 114000122 AND a.TSHLD_SET_ID = 20 AND b.TSHLD_SET_ID = 20 AND a.DEACT_TS IS NULL
05/21/2026 12:39:36 DEBUG : Thread ID = 139687258707712:  Rule Matcher:   File = OracleSchema.cc:  Line = 126:  SELECT a.DATA_TYPE, a.DATA_PRECISION, a.DATA_SCALE, UPPER(a.COLUMN_NAME) FROM ALL_TAB_COLS a WHERE a.TABLE_NAME = 'DSVIEW114017716' AND a.OWNER = UPPER('fccmatomic')
05/21/2026 12:39:36 DEBUG : Thread ID = 139687258707712:  Rule Matcher:   File = OracleSchema.cc:  Line = 126:  SELECT a.DATA_TYPE, a.DATA_PRECISION, a.DATA_SCALE, UPPER(a.COLUMN_NAME) FROM ALL_TAB_COLS a WHERE a.TABLE_NAME = 'DSVIEW114017718' AND a.OWNER = UPPER('fccmatomic')
05/21/2026 12:39:36 DEBUG : Thread ID = 139687258707712:  Rule Matcher:   File = OracleSchema.cc:  Line = 126:  SELECT a.DATA_TYPE, a.DATA_PRECISION, a.DATA_SCALE, UPPER(a.COLUMN_NAME) FROM ALL_TAB_COLS a WHERE a.TABLE_NAME = 'DSVIEW114017720' AND a.OWNER = UPPER('fccmatomic')
05/21/2026 12:39:36 DEBUG : Thread ID = 139687258707712:  Rule Matcher:   File = OracleSchema.cc:  Line = 126:  SELECT a.DATA_TYPE, a.DATA_PRECISION, a.DATA_SCALE, UPPER(a.COLUMN_NAME) FROM ALL_TAB_COLS a WHERE a.TABLE_NAME = 'DSVIEW114017723' AND a.OWNER = UPPER('fccmatomic')
05/21/2026 12:39:36 DEBUG : Thread ID = 139687258707712:  Rule Matcher:   File = OracleSchema.cc:  Line = 126:  SELECT a.DATA_TYPE, a.DATA_PRECISION, a.DATA_SCALE, UPPER(a.COLUMN_NAME) FROM ALL_TAB_COLS a WHERE a.TABLE_NAME = 'DSVIEW114017728' AND a.OWNER = UPPER('fccmatomic')
05/21/2026 12:39:36 DEBUG : Thread ID = 139687258707712:  Rule Matcher:   File = OracleSchema.cc:  Line = 126:  SELECT a.DATA_TYPE, a.DATA_PRECISION, a.DATA_SCALE, UPPER(a.COLUMN_NAME) FROM ALL_TAB_COLS a WHERE a.TABLE_NAME = 'DSVIEW114017731' AND a.OWNER = UPPER('fccmatomic')
05/21/2026 12:39:36 DEBUG : Thread ID = 139687258707712:  Rule Matcher:   File = OracleSchema.cc:  Line = 126:  SELECT a.DATA_TYPE, a.DATA_PRECISION, a.DATA_SCALE, UPPER(a.COLUMN_NAME) FROM ALL_TAB_COLS a WHERE a.TABLE_NAME = 'DSVIEW114017733' AND a.OWNER = UPPER('fccmatomic')
05/21/2026 12:39:36 DEBUG : Thread ID = 139687258707712:  Rule Matcher:   File = runupdater.cc:  Line = 104:  UPDATE fccmatomic.KDD_RUN SET RUN_MSG_TX = :Msg WHERE RUN_ID = 22401
05/21/2026 12:39:36 DEBUG : Thread ID = 139687258707712:  Rule Matcher:   File = runupdater.cc:  Line = 142:  UPDATE fccmatomic.KDD_RUN SET RUN_MSG_TX = :Msg WHERE RUN_ID = 22401
05/21/2026 12:39:36 DEBUG : Thread ID = 139687258707712:  Rule Matcher:   File = dbparse.cc:  Line = 148:  SELECT a.PTTRN_TX FROM fccmatomic.KDD_SEQ_PTTRN a WHERE a.PTTRN_ID = 114000563
05/21/2026 12:39:36 DEBUG : Thread ID = 139687258707712:  Rule Matcher:   File = TableThreshold.cc:  Line = 96:  SELECT a.TSHLD_NM, a.CURR_VALUE_TX, a.VALUE_TYPE_CD, a.DPLY_NM, a.DSPLY_SORT_ORDR_NB, a.DSPLY_FL, b.TSHLD_SET_NM FROM fccmatomic.KDD_TSHLD a, fccmatomic.KDD_TSHLD_SET b WHERE a.SCNRO_ID = 114000122 AND a.TSHLD_SET_ID = 20 AND b.TSHLD_SET_ID = 20 AND a.DEACT_TS IS NULL
05/21/2026 12:39:36 DEBUG : Thread ID = 139687258707712:  Rule Matcher:   File = runupdater.cc:  Line = 104:  UPDATE fccmatomic.KDD_RUN SET RUN_MSG_TX = :Msg WHERE RUN_ID = 22401
05/21/2026 12:39:36 DEBUG : Thread ID = 139687258707712:  Rule Matcher:   File = runupdater.cc:  Line = 142:  UPDATE fccmatomic.KDD_RUN SET RUN_MSG_TX = :Msg WHERE RUN_ID = 22401
05/21/2026 12:39:36 DEBUG : Thread ID = 139687258707712:  Rule Matcher:   File = TableInstallParameter.cc:  Line = 198:  SELECT a.ATTR_1_CD, a.ATTR_1_VALUE_TX, a.ATTR_2_CD, a.ATTR_2_VALUE_TX, a.ATTR_3_CD, a.ATTR_3_VALUE_TX, a.ATTR_4_CD, a.ATTR_4_VALUE_TX, a.ATTR_5_CD, a.ATTR_5_VALUE_TX, a.ATTR_6_CD, a.ATTR_6_VALUE_TX, a.ATTR_7_CD, a.ATTR_7_VALUE_TX, a.ATTR_8_CD, a.ATTR_8_VALUE_TX, a.ATTR_9_CD, a.ATTR_9_VALUE_TX, a.ATTR_10_CD, a.ATTR_10_VALUE_TX, a.ATTR_11_CD, a.ATTR_11_VALUE_TX, a.ATTR_12_CD, a.ATTR_12_VALUE_TX, a.ATTR_13_CD, a.ATTR_13_VALUE_TX, a.ATTR_14_CD, a.ATTR_14_VALUE_TX, a.ATTR_15_CD, a.ATTR_15_VALUE_TX FROM fccmatomic.KDD_INSTALL_PARAM a WHERE a.PARAM_NM = 'DLY'
05/21/2026 12:39:36 DEBUG : Thread ID = 139687258707712:  Rule Matcher:   File = TableInstallParameter.cc:  Line = 198:  SELECT a.ATTR_1_CD, a.ATTR_1_VALUE_TX, a.ATTR_2_CD, a.ATTR_2_VALUE_TX, a.ATTR_3_CD, a.ATTR_3_VALUE_TX, a.ATTR_4_CD, a.ATTR_4_VALUE_TX, a.ATTR_5_CD, a.ATTR_5_VALUE_TX, a.ATTR_6_CD, a.ATTR_6_VALUE_TX, a.ATTR_7_CD, a.ATTR_7_VALUE_TX, a.ATTR_8_CD, a.ATTR_8_VALUE_TX, a.ATTR_9_CD, a.ATTR_9_VALUE_TX, a.ATTR_10_CD, a.ATTR_10_VALUE_TX, a.ATTR_11_CD, a.ATTR_11_VALUE_TX, a.ATTR_12_CD, a.ATTR_12_VALUE_TX, a.ATTR_13_CD, a.ATTR_13_VALUE_TX, a.ATTR_14_CD, a.ATTR_14_VALUE_TX, a.ATTR_15_CD, a.ATTR_15_VALUE_TX FROM fccmatomic.KDD_INSTALL_PARAM a WHERE a.PARAM_NM = 'RMT_ROLES'
05/21/2026 12:39:36 INFO : Thread ID = 139687258707712:  Rule Matcher:   File = RuleMatcher.cc:  Line = 273:  Beginning Processing Primary Rule: 
  Job: 102251
  Run: 22401
  Pattern: 114000563
  Dataset: 114017691
  Focus Type: ACCOUNT
  Focal Attribute: ACCT_INTRL_ID 
05/21/2026 12:39:36 DEBUG : Thread ID = 139687258707712:  Rule Matcher:   File = UtilityFunctions.cc:  Line = 497:  alter session enable parallel query
05/21/2026 12:39:36 DEBUG : Thread ID = 139687258707712:  Rule Matcher:   File = UtilityFunctions.cc:  Line = 522:  alter session enable parallel dml
05/21/2026 12:39:36 DEBUG : Thread ID = 139687258707712:  Rule Matcher:   File = dscursor.cc:  Line = 1161:  Found a reference to a dataset.  Calling getDatasetSql to resolve thresholds.  Id = 114017691 
05/21/2026 12:39:36 DEBUG : Thread ID = 139687258707712:  Rule Matcher:   File = dscursor.cc:  Line = 1175:  After expansion, sql = SELECT ot.ACCT_INTRL_ID, ot.ACCT_SEQ_ID, ot.TOT_TRANS_CT, ot.NAMES_CT, ot.CNTR_PARTY_CT, ot.TOT_TRANS_AMT, ot.PASS_THRU_PRCTG, ot.HR_PRCTG, ot.LRF_PRCTG, ot.OVERALL_RISK, ot.ACTVTY_RISK_LVL, ot.EFCTV_RISK_LVL, ot.TOT_DEPOSIT_TRANS_AMT, ot.TOT_SMALL_TRANS_AMT, ot.TOT_WTHDRWL_TRANS_AMT, ot.TRUSTED_TRANS_AMT, ot.PRMRY_CUST_INTRL_ID, ot.FUNC_CRNCY_CD, ot.CURR_DT FROM (-- 30/05/2017 update as per Story OFSAABD-8337 Revisions to Terrorist Financing scenario - AC focus
-- 10/25/05 PR 29032  added filter: amount of the transaction <= Max Small Trans Amt
-- 11/07/06 PR 33203  deleted filter amount of the transaction <= Max Small Trans Amt
--                    changed calculation of Names_Ct and Tot_Trans_Ct   
--
-- this dataset goes against MI and WI transaction tables for ORIG, BENEF, SCND ORIG, SCND BENF and REM 
-- join trnasactions for each of the party roles to account table. 
-- it calculates total of small transactions amount (Small_Trans_Amt) which is sum of transacrions whose 
-- amount do not exceed small transaction threshold
-- it calculates Withdrawals and Deposit for all involved accounts based on all transactions
-- for the second party roles (SCND ORIG, SCND BENEF) it exclude transaction records if secondary party role
-- as the same as first. 
--
-- disctinct counter parties:
--
-- the scenario considers ORIG,  as a counter party for both BENEF and SCND BENEF; 
-- BENEF considers as a counter party for ORIG and SCND ORIG
-- "Counter Party" for ORIG and SCND ORIG is concatonation of BENEF INTRL ID, RCV_INSTN_SEQ_ID(ISSUE_INSTN_SEQ_ID)
-- and BENEF_AUG_NM;
-- for BENEF and SCND BENEF is concatonation of ORIG INTRL ID(REM INTRL ID), 
-- SEND_INSTN_SEQ_ID(DEP_INSTN_SEQ_ID) and ORIG AUG NM(REM AUG NM);
--
-- number if disctinct denominators:
--
-- the number of diffirenet AUG NM for an account across all transactions, all NULL values consider as one value 
--
--
--OFSAABD-10438
--OFSAABD-10406
--28112797 
--28154168 
--OFSAABD-31950 QBNAME approach
WITH clndr_vw as (
select                        
(select add_days(cal.CLNDR_DT, -@Look_Back_Period) from fccmatomic.KDD_CAL cal where cal.CLNDR_NM = 'SYSCAL' and cal.CLNDR_DAY_AGE = 0) as Min_Dt,
(select cal.clndr_dt from fccmatomic.KDD_CAL cal where cal.CLNDR_NM = 'SYSCAL' and cal.CLNDR_DAY_AGE = 0) as Max_Dt,
(select add_days(cal.CLNDR_DT, -@Frequency_Period) from fccmatomic.KDD_CAL cal where cal.CLNDR_NM = 'SYSCAL' and cal.CLNDR_DAY_AGE = 0) as  Freq_Dt
FROM dual
),

Wire_vw as (
select /*+ QB_NAME(WIRE)  */ 
w.BENEF_ACCT_ID,
w.BENEF_ACTVY_RISK_NB,
w.BENEF_AUG_NM,
w.DATA_DUMP_DT,
w.FUNC_CRNCY_CD, 
w.INTRL_BENEF_ACCT_FL,
w.INTRL_ORIG_ACCT_FL,
w.INTRL_SCND_BENEF_ACCT_FL,
w.INTRL_SCND_ORIG_ACCT_FL,
w.MANTAS_TRXN_PRDCT_CD,
w.MANTAS_TRXN_PURP_CD,
w.ORIG_ACCT_ID,
w.ORIG_ACTVY_RISK_NB,
w.ORIG_AUG_NM,
w.PASS_THRU_FL,
w.RCV_TRXN_ACTVY_AM,
w.RCV_INSTN_SEQ_ID,
w.SCND_BENEF_ACCT_ID,
w.SCND_BENEF_ACTVY_RISK_NB,
w.SCND_BENEF_AUG_NM,
w.SCND_ORIG_ACCT_ID,
w.SCND_ORIG_ACTVY_RISK_NB,
w.SCND_ORIG_AUG_NM,
w.SEND_TRXN_ACTVY_AM,
w.SEND_INSTN_SEQ_ID,
w.SRC_SYS_CD,
w.TRSTD_TRXN_FL,
w.TRXN_BASE_AM,
w.TRXN_EXCTN_DT,
w.TRXN_FUNC_AM,
w.UNRLTD_PARTY_FL
from fccmatomic.WIRE_TRXN w 
where 
                   w.MANTAS_TRXN_PRDCT_CD in (@Incl_Wire_Trxn_Prdct_Type_Lst)
               -- Cover only GENERAL transactions
               and w.MANTAS_TRXN_PURP_CD = 'GENERAL'   
               -- Cover either all transaction or only form the Incl_Trans_Src_Lst
               and (@All_Trans_Src_Fl = 'Y' or w.SRC_SYS_CD IN (@Incl_Trans_Src_Lst))
               -- Getting data for look back period only and Utilize indexes    
               --25222051, OFSAABD-31950   
               and w.TRXN_EXCTN_DT >  (select Min_Dt from clndr_vw) and w.TRXN_EXCTN_DT <= (select Max_Dt from clndr_vw)  
               and w.DATA_DUMP_DT >  (select Min_Dt from clndr_vw) and w.DATA_DUMP_DT <= (select Max_Dt from clndr_vw)  
               -- allow user to include (Y) or exclude (N)  Bank-to-Bank transactions between related parties
               and (@Include_B2B_Trnfr_Fl = 'Y' or NOT(w.BANK_TO_BANK_TRNFR_FL = 'Y' and w.PASS_THRU_FL = 'N'))
               and w.CXL_PAIR_TRXN_INTRL_ID is NULL
               and (@Include_Trusted_Trans_FL = 'Y' or COALESCE(w.TRSTD_TRXN_FL,'N') ='N')      
               -- Divide By Zero error handling
               and DECODE(@Curr_Type,'F',w.TRXN_FUNC_AM,w.TRXN_BASE_AM) IS NOT NULL AND DECODE(@Curr_Type,'F',w.TRXN_FUNC_AM,w.TRXN_BASE_AM) <> 0
               --30487326
               --Included Related Parties
               and (@Incl_Rltd_Parties = 'Y' or COALESCE(w.UNRLTD_PARTY_FL,'Y') <> 'N')               
),

Mi_vw as (
select /*+ QB_NAME(MI)  */
m.BANK_TO_BANK_TRNFR_FL,
m.BENEF_ACCT_ID,
m.BENEF_ACTVY_RISK_NB,
m.BENEF_AUG_NM,
m.CLR_TRXN_ACTVY_AM,
m.CXL_PAIR_TRXN_INTRL_ID,
m.DATA_DUMP_DT,
m.DEP_TRXN_ACTVY_AM,
m.DEP_INSTN_SEQ_ID,
m.FUNC_CRNCY_CD, 
m.INTRL_BENEF_ACCT_FL,
m.INTRL_REM_ACCT_FL,
m.INTRL_SCND_BENEF_ACCT_FL,
m.ISSUE_TRXN_ACTVY_AM,
m.ISSUE_INSTN_SEQ_ID,
m.MANTAS_ISSUE_DATE,
m.MANTAS_POST_DT,
m.MANTAS_TRXN_PRDCT_CD,
m.MANTAS_TRXN_PURP_CD,
m.PASS_THRU_FL,
m.REM_ACCT_ID,
m.REM_ACTVY_RISK_NB,
m.REM_AUG_NM,
m.SCND_BENEF_ACCT_ID,
m.SCND_BENEF_ACTVY_RISK_NB,
m.SCND_BENEF_AUG_NM,
m.SRC_SYS_CD,
m.TRSTD_TRXN_FL,
m.TRXN_BASE_AM,
m.TRXN_FUNC_AM,
m.UNRLTD_PARTY_FL
from fccmatomic.MI_TRXN m 
where 
                    m.MANTAS_TRXN_PRDCT_CD in (@Incl_MI_Trxn_Prdct_Type_Lst)        
               -- Cover either all transaction or only form the Incl_Trans_Src_Lst
               and (@All_Trans_Src_Fl = 'Y' or m.SRC_SYS_CD IN (@Incl_Trans_Src_Lst))
               -- Cover only GENERAL transactions
               and m.MANTAS_TRXN_PURP_CD = 'GENERAL' 
               -- Getting data for look back period only and Utilize indexes     
               --25222051, OFSAABD-31950   
               and m.DATA_DUMP_DT >  (select Min_Dt from clndr_vw) and m.DATA_DUMP_DT <= (select Max_Dt from clndr_vw)                 
               -- allow user to include (Y) or exclude (N)  Bank-to-Bank transactions between related parties
               and (@Include_B2B_Trnfr_Fl = 'Y' or NOT(m.BANK_TO_BANK_TRNFR_FL = 'Y' and m.PASS_THRU_FL = 'N'))
               and m.CXL_PAIR_TRXN_INTRL_ID is NULL
               and (@Include_Trusted_Trans_FL = 'Y' or COALESCE(m.TRSTD_TRXN_FL,'N') ='N')       
               -- Divide By Zero error handling
               and DECODE(@Curr_Type,'F',m.TRXN_FUNC_AM,m.TRXN_BASE_AM) IS NOT NULL AND DECODE(@Curr_Type,'F',m.TRXN_FUNC_AM,m.TRXN_BASE_AM) <> 0
               --30487326
               --Included Related Parties
               and (@Incl_Rltd_Parties = 'Y' or COALESCE(m.UNRLTD_PARTY_FL,'Y') <> 'N')    
)
select 
            g.ACCT_INTRL_ID 
          , g.ACCT_SEQ_ID  
          , g.Prmry_Cust_Intrl_Id
          , g.Efctv_Risk_Lvl
          , g.Actvty_Risk_Lvl
          , g.Tot_Small_Trans_Amt
          , g.Tot_Trans_Amt
          , g.Tot_Trans_Ct
          , g.Tot_Wthdrwl_Trans_Amt
          , g.Tot_Deposit_Trans_Amt
          , g.Cntr_Party_Ct
           -- consider not providing a name as using another name, so NULL will end up as NO_NAME_PROVIDED name 
          , g.Names_Ct
          , g.Overall_Risk  
          , g.Lrf_Prctg
          , g.Pass_Thru_Prctg
          , g.Hr_Prctg
          , g.Trusted_Trans_Amt
          , g.Func_Crncy_Cd
          , (select Max_Dt from clndr_vw)  as Curr_Dt

   from
     (
       select 
            t.ACCT_INTRL_ID 
          , max(t.ACCT_SEQ_ID) as Acct_Seq_Id  
           --OFSAABD-8337
          , max(t.PRMRY_CUST_INTRL_ID) as Prmry_Cust_Intrl_Id -- pseudo max
          , sum(t.Small_Trans_Amt)  as Tot_Small_Trans_Amt
          , sum(t.Trxn_Am)     as Tot_Trans_Amt
          --25238037 
          --, sum(t.Small_Trans_Ct)   as Tot_Trans_Ct
          , count(1)   as Tot_Trans_Ct
          , max(t.Efctv_Risk_Lvl)   as Efctv_Risk_Lvl
          , max(t.Actvty_Risk_Lvl)  as Actvty_Risk_Lvl
          , sum(t.Wthdrwl_Amt)      as Tot_Wthdrwl_Trans_Amt
          , sum(t.Deposit_Amt)      as Tot_Deposit_Trans_Amt
          , count(distinct (t.Cntr_Party_Nm)) as Cntr_Party_Ct
           -- consider not providing a name as using another name, so NULL will end up as NO_NAME_PROVIDED name 
          , count(distinct(case when t.Aug_Nm is null then 'NO_NAME_PROVIDED' 
                                when t.Aug_Nm = '--'  then null
                           else t.Aug_Nm end)) as Names_Ct
          , CASE WHEN (max(t.Efctv_Risk_Lvl) >= @Effctv_Risk_Cutoff_Lvl AND max(t.Actvty_Risk_Lvl) >= @Actvty_Risk_Cutoff_Lvl) THEN 'HR'
                 WHEN (max(t.Efctv_Risk_Lvl) < @Effctv_Risk_Cutoff_Lvl AND max(t.Actvty_Risk_Lvl) < @Actvty_Risk_Cutoff_Lvl) THEN 'RR'
                 ELSE 'MR' 
            END AS Overall_Risk 
          , case when sum(t.Trxn_Am) = 0 then 0 else sum(t.Lrf_Amt)*100/sum(t.Trxn_Am)  end       as Lrf_Prctg 
          , case when sum(t.Trxn_Am) = 0 then 0 else sum(t.Pass_Thru_Amt)*100/sum(t.Trxn_Am)  end as Pass_Thru_Prctg
          , case when sum(t.Trxn_Am) = 0 then 0 else sum(t.Hr_Amt)*100/sum(t.Trxn_Am)  end        as Hr_Prctg
          , sum(t.Trusted_Trans_Amt) as Trusted_Trans_Amt
          , max(t.Func_Crncy_Cd) as Func_Crncy_Cd    
        from
        ( 
              -- Wire trans - ORIG - Counter Party (BENEF)
              select /*+ QB_NAME(WIRE_ORG) */
                 a.ACCT_INTRL_ID,
                 a.ACCT_SEQ_ID,
                 a.PRMRY_CUST_INTRL_ID, 
                 case when DECODE(@Curr_Type,'F',w.TRXN_FUNC_AM,w.TRXN_BASE_AM) >= @Min_Small_Trans_Amt and DECODE(@Curr_Type,'F',w.TRXN_FUNC_AM,w.TRXN_BASE_AM) <= @Max_Small_Trans_Amt 
                      then w.ORIG_AUG_NM else '--' end as Aug_Nm,
                 -- Counter Party Name
                 w.BENEF_ACCT_ID||w.RCV_INSTN_SEQ_ID||w.BENEF_AUG_NM as Cntr_Party_Nm,
                 a.ACCT_EFCTV_RISK_NB   as Efctv_Risk_Lvl,  
                 w.ORIG_ACTVY_RISK_NB   as Actvty_Risk_Lvl,         
                 w.DATA_DUMP_DT,
                 case when  DECODE(@Curr_Type,'F',w.TRXN_FUNC_AM,w.TRXN_BASE_AM) >= @Min_Small_Trans_Amt and DECODE(@Curr_Type,'F',w.TRXN_FUNC_AM,w.TRXN_BASE_AM) <= @Max_Small_Trans_Amt 
                      then w.DATA_DUMP_DT else to_date('01/01/1999','MM/DD/YYYY') end as Small_Data_Dump_Dt,
                 DECODE(@Curr_Type,'F',w.TRXN_FUNC_AM,w.TRXN_BASE_AM) as Trxn_Am,
                 DECODE(@Curr_Type,'F',w.TRXN_FUNC_AM,w.TRXN_BASE_AM) as Wthdrwl_Amt, -- Debit
                 0                      as Deposit_Amt, -- Credit         
                 case when DECODE(@Curr_Type,'F',w.TRXN_FUNC_AM,w.TRXN_BASE_AM) >= @Min_Small_Trans_Amt and DECODE(@Curr_Type,'F',w.TRXN_FUNC_AM,w.TRXN_BASE_AM) <= @Max_Small_Trans_Amt 
                      then DECODE(@Curr_Type,'F',w.TRXN_FUNC_AM,w.TRXN_BASE_AM) else 0 end as Small_Trans_Amt,                  
                 case when DECODE(@Curr_Type,'F',w.TRXN_FUNC_AM,w.TRXN_BASE_AM) >= @Min_Small_Trans_Amt and DECODE(@Curr_Type,'F',w.TRXN_FUNC_AM,w.TRXN_BASE_AM) <= @Max_Small_Trans_Amt 
                      then 1 else 0 end as Small_Trans_Ct,                  
                 case when  w.orig_actvy_risk_nb > @Actvty_Risk_Cutoff_Lvl then DECODE(@Curr_Type,'F',w.TRXN_FUNC_AM,w.TRXN_BASE_AM) else 0 end Hr_Amt,
                 case when  w.PASS_THRU_FL = 'Y' then DECODE(@Curr_Type,'F',w.TRXN_FUNC_AM,w.TRXN_BASE_AM) else 0 end Pass_Thru_Amt,
                 case when  DECODE(@Curr_Type,'F',w.TRXN_FUNC_AM,w.TRXN_BASE_AM) - trunc(DECODE(@Curr_Type,'F',w.TRXN_FUNC_AM,w.TRXN_BASE_AM), -@Lrf_Digits) = 0 then DECODE(@Curr_Type,'F',w.TRXN_FUNC_AM,w.TRXN_BASE_AM) 
                       when  w.RCV_TRXN_ACTVY_AM - trunc(w.RCV_TRXN_ACTVY_AM, -@Lrf_Digits) = 0 then DECODE(@Curr_Type,'F',w.TRXN_FUNC_AM,w.TRXN_BASE_AM)
                       when  w.SEND_TRXN_ACTVY_AM - trunc(w.SEND_TRXN_ACTVY_AM, -@Lrf_Digits) = 0 then DECODE(@Curr_Type,'F',w.TRXN_FUNC_AM,w.TRXN_BASE_AM)
                       else 0 end Lrf_Amt,
                 case when w.TRSTD_TRXN_FL = 'Y' then DECODE(@Curr_Type,'F',w.TRXN_FUNC_AM,w.TRXN_BASE_AM) else 0 end as Trusted_Trans_Amt,
                 w.FUNC_CRNCY_CD  
              from 
                Wire_vw w, 
                fccmatomic.ACCT a 
              where 
                   w.ORIG_ACCT_ID = a.ACCT_INTRL_ID
               and w.INTRL_ORIG_ACCT_FL = 'Y'
               -- allows coverage of all jurisdictions without enumerating them in the Included Jurisdiction Codes 
               and (@All_Jurisdictions_Fl = 'Y' OR a.JRSDCN_CD IN (@Incl_Jurisdictions_Lst))
               -- Cover only specific accounts
               and a.MANTAS_ACCT_BUS_TYPE_CD IN (@Mantas_Bus_Acct_Type_Lst)   
               --  Include Retail Customer Accounts Only 
               and a.MANTAS_ACCT_HOLDR_TYPE_CD = 'CR' 
               -- Exclude Test Accounts
               and coalesce(a.TEST_ACCT_FL,'N') <> 'Y'
               --Exclude Exempted Accounts 
               and a.ACCT_EFCTV_RISK_NB <> -2     
              -- --------------------------    
              union all
              -- Wire trans - SCND  Counter Party (BENEF)
              select /*+ QB_NAME(WIRE_SORG) */
                 a.ACCT_INTRL_ID,
                 a.ACCT_SEQ_ID,
                 a.PRMRY_CUST_INTRL_ID,
                 case when DECODE(@Curr_Type,'F',w.TRXN_FUNC_AM,w.TRXN_BASE_AM) >= @Min_Small_Trans_Amt and DECODE(@Curr_Type,'F',w.TRXN_FUNC_AM,w.TRXN_BASE_AM) <= @Max_Small_Trans_Amt 
                      then w.SCND_ORIG_AUG_NM else '--' end as Aug_Nm,
                 -- Counter Party Name                 
                 w.BENEF_ACCT_ID||w.RCV_INSTN_SEQ_ID||w.BENEF_AUG_NM         as Cntr_Party_Nm,         
                 a.ACCT_EFCTV_RISK_NB   as Efctv_Risk_Lvl,  
                 w.SCND_ORIG_ACTVY_RISK_NB   as Actvty_Risk_Lvl,         
                 w.DATA_DUMP_DT,
                 case when DECODE(@Curr_Type,'F',w.TRXN_FUNC_AM,w.TRXN_BASE_AM) >= @Min_Small_Trans_Amt and DECODE(@Curr_Type,'F',w.TRXN_FUNC_AM,w.TRXN_BASE_AM) <= @Max_Small_Trans_Amt 
                      then w.DATA_DUMP_DT else to_date('01/01/1999','MM/DD/YYYY') end as Small_Data_Dump_Dt,            
                 DECODE(@Curr_Type,'F',w.TRXN_FUNC_AM,w.TRXN_BASE_AM) as Trxn_Am,
                 DECODE(@Curr_Type,'F',w.TRXN_FUNC_AM,w.TRXN_BASE_AM) as Wthdrwl_Amt, -- Debit
                 0                      as Deposit_Amt, -- Credit         
                 case when DECODE(@Curr_Type,'F',w.TRXN_FUNC_AM,w.TRXN_BASE_AM) >= @Min_Small_Trans_Amt and DECODE(@Curr_Type,'F',w.TRXN_FUNC_AM,w.TRXN_BASE_AM) <= @Max_Small_Trans_Amt 
                      then DECODE(@Curr_Type,'F',w.TRXN_FUNC_AM,w.TRXN_BASE_AM) else 0 end as Small_Trans_Amt,                  
                 case when DECODE(@Curr_Type,'F',w.TRXN_FUNC_AM,w.TRXN_BASE_AM) >= @Min_Small_Trans_Amt and DECODE(@Curr_Type,'F',w.TRXN_FUNC_AM,w.TRXN_BASE_AM) <= @Max_Small_Trans_Amt 
                      then 1 else 0 end as Small_Trans_Ct,                  
                    case when  w.scnd_orig_actvy_risk_nb > @Actvty_Risk_Cutoff_Lvl then DECODE(@Curr_Type,'F',w.TRXN_FUNC_AM,w.TRXN_BASE_AM) else 0 end Hr_Am,
                    case when  w.PASS_THRU_FL = 'Y' then DECODE(@Curr_Type,'F',w.TRXN_FUNC_AM,w.TRXN_BASE_AM) else 0 end Pass_Thru_Am,
                    case when  DECODE(@Curr_Type,'F',w.TRXN_FUNC_AM,w.TRXN_BASE_AM) - trunc(DECODE(@Curr_Type,'F',w.TRXN_FUNC_AM,w.TRXN_BASE_AM), -@Lrf_Digits) = 0 then DECODE(@Curr_Type,'F',w.TRXN_FUNC_AM,w.TRXN_BASE_AM)
                         when  w.RCV_TRXN_ACTVY_AM - trunc(w.RCV_TRXN_ACTVY_AM, -@Lrf_Digits) = 0 then DECODE(@Curr_Type,'F',w.TRXN_FUNC_AM,w.TRXN_BASE_AM)
                         when  w.SEND_TRXN_ACTVY_AM - trunc(w.SEND_TRXN_ACTVY_AM, -@Lrf_Digits) = 0 then DECODE(@Curr_Type,'F',w.TRXN_FUNC_AM,w.TRXN_BASE_AM)
                    else 0 end Lrf_Am,
                 case when w.TRSTD_TRXN_FL = 'Y' then DECODE(@Curr_Type,'F',w.TRXN_FUNC_AM,w.TRXN_BASE_AM) else 0 end as Trusted_Trans_Amt,
                 w.FUNC_CRNCY_CD  
              from 
                Wire_vw w, 
                fccmatomic.ACCT a 
              where 
                   w.SCND_ORIG_ACCT_ID = a.ACCT_INTRL_ID
               and w.INTRL_SCND_ORIG_ACCT_FL = 'Y'
               -- Exlude transaction where SCND_ORIG = ORIG
               and ((w.INTRL_ORIG_ACCT_FL = 'Y' and coalesce(w.ORIG_ACCT_ID,'-')<>w.SCND_ORIG_ACCT_ID) or  w.INTRL_ORIG_ACCT_FL <> 'Y')
               -- allows coverage of all jurisdictions without enumerating them in the Included Jurisdiction Codes 
               and (@All_Jurisdictions_Fl = 'Y' OR a.JRSDCN_CD IN (@Incl_Jurisdictions_Lst))
               -- Cover only specific accounts
               and a.MANTAS_ACCT_BUS_TYPE_CD IN (@Mantas_Bus_Acct_Type_Lst)   
               --  Include Retail Customer Accounts Only 
               and a.MANTAS_ACCT_HOLDR_TYPE_CD = 'CR' 
               -- Exclude Test Accounts
               and coalesce(a.TEST_ACCT_FL,'N') <> 'Y'
               --Exclude Exempted Accounts 
               and a.ACCT_EFCTV_RISK_NB <> -2     
              -- --------------------------    
              union all
              -- Wire trans - BENEF  - Counter Party (ORIG)
              select /*+ QB_NAME(WIRE_BENE) */
                 a.ACCT_INTRL_ID,
                 a.ACCT_SEQ_ID,
                 a.PRMRY_CUST_INTRL_ID,
                 case when DECODE(@Curr_Type,'F',w.TRXN_FUNC_AM,w.TRXN_BASE_AM) >= @Min_Small_Trans_Amt and DECODE(@Curr_Type,'F',w.TRXN_FUNC_AM,w.TRXN_BASE_AM) <= @Max_Small_Trans_Amt 
                      then w.BENEF_AUG_NM else '--' end as Aug_Nm,
                 -- Counter Party Name                 
                 w.ORIG_ACCT_ID||w.SEND_INSTN_SEQ_ID||w.ORIG_AUG_NM         as Cntr_Party_Nm, 
                 a.ACCT_EFCTV_RISK_NB  as Efctv_Risk_Lvl,
                 w.BENEF_ACTVY_RISK_NB   as Actvty_Risk_Lvl,         
                 w.DATA_DUMP_DT,  
                 case when DECODE(@Curr_Type,'F',w.TRXN_FUNC_AM,w.TRXN_BASE_AM) >= @Min_Small_Trans_Amt and DECODE(@Curr_Type,'F',w.TRXN_FUNC_AM,w.TRXN_BASE_AM) <= @Max_Small_Trans_Amt 
                      then w.DATA_DUMP_DT else to_date('01/01/1999','MM/DD/YYYY') end as Small_Data_Dump_Dt,          
                 DECODE(@Curr_Type,'F',w.TRXN_FUNC_AM,w.TRXN_BASE_AM) as Trxn_Am,
                 0                     as Wthdrwl_Amt, -- Debit
                 DECODE(@Curr_Type,'F',w.TRXN_FUNC_AM,w.TRXN_BASE_AM) as Deposit_Amt, -- Credit         
                 case when DECODE(@Curr_Type,'F',w.TRXN_FUNC_AM,w.TRXN_BASE_AM) >= @Min_Small_Trans_Amt and DECODE(@Curr_Type,'F',w.TRXN_FUNC_AM,w.TRXN_BASE_AM) <= @Max_Small_Trans_Amt 
                      then DECODE(@Curr_Type,'F',w.TRXN_FUNC_AM,w.TRXN_BASE_AM) else 0 end as Small_Trans_Amt,                  
                 case when DECODE(@Curr_Type,'F',w.TRXN_FUNC_AM,w.TRXN_BASE_AM) >= @Min_Small_Trans_Amt and DECODE(@Curr_Type,'F',w.TRXN_FUNC_AM,w.TRXN_BASE_AM) <= @Max_Small_Trans_Amt 
                      then 1 else 0 end as Small_Trans_Ct,                  
                 case when  w.benef_actvy_risk_nb > @Actvty_Risk_Cutoff_Lvl then DECODE(@Curr_Type,'F',w.TRXN_FUNC_AM,w.TRXN_BASE_AM) else 0 end Hr_Am,
                 case when  w.PASS_THRU_FL = 'Y' then DECODE(@Curr_Type,'F',w.TRXN_FUNC_AM,w.TRXN_BASE_AM) else 0 end Pass_Thru_Am,
                 case when  DECODE(@Curr_Type,'F',w.TRXN_FUNC_AM,w.TRXN_BASE_AM) - trunc(DECODE(@Curr_Type,'F',w.TRXN_FUNC_AM,w.TRXN_BASE_AM), -@Lrf_Digits) = 0 then DECODE(@Curr_Type,'F',w.TRXN_FUNC_AM,w.TRXN_BASE_AM) 
                       when  w.RCV_TRXN_ACTVY_AM - trunc(w.RCV_TRXN_ACTVY_AM, -@Lrf_Digits) = 0 then DECODE(@Curr_Type,'F',w.TRXN_FUNC_AM,w.TRXN_BASE_AM)
                       when  w.SEND_TRXN_ACTVY_AM - trunc(w.SEND_TRXN_ACTVY_AM, -@Lrf_Digits) = 0 then DECODE(@Curr_Type,'F',w.TRXN_FUNC_AM,w.TRXN_BASE_AM)
                       else 0 end Lrf_Am,
                 case when w.TRSTD_TRXN_FL = 'Y' then DECODE(@Curr_Type,'F',w.TRXN_FUNC_AM,w.TRXN_BASE_AM) else 0 end as Trusted_Trans_Amt,
                 w.FUNC_CRNCY_CD  
              from 
                  Wire_vw w, 
                  fccmatomic.ACCT a 
              where 
                   w.BENEF_ACCT_ID = a.ACCT_INTRL_ID
               and w.INTRL_BENEF_ACCT_FL = 'Y'  
                   -- Exlude transaction where BENEF = ORIG  or BENEF = SCND_ORIG 
               and ((w.INTRL_ORIG_ACCT_FL = 'Y' and coalesce(w.ORIG_ACCT_ID,'-') <> w.BENEF_ACCT_ID) or  w.INTRL_ORIG_ACCT_FL <> 'Y')     
               and ((coalesce(w.INTRL_SCND_ORIG_ACCT_FL,'-') = 'Y' and coalesce(w.SCND_ORIG_ACCT_ID,'-') <> w.BENEF_ACCT_ID) or  (coalesce(w.INTRL_SCND_ORIG_ACCT_FL,'-') <> 'Y'))    
               -- allows coverage of all jurisdictions without enumerating them in the Included Jurisdiction Codes 
               and (@All_Jurisdictions_Fl = 'Y' OR a.JRSDCN_CD IN (@Incl_Jurisdictions_Lst))
               -- Cover only specific accounts
               and a.MANTAS_ACCT_BUS_TYPE_CD IN (@Mantas_Bus_Acct_Type_Lst)   
               --  Include Retail Customer Accounts Only 
               and a.MANTAS_ACCT_HOLDR_TYPE_CD = 'CR' 
               -- Exclude Test Accounts
               and coalesce(a.TEST_ACCT_FL,'N') <> 'Y'
               --Exclude Exempted Accounts 
               and a.ACCT_EFCTV_RISK_NB <> -2              
              -- --------------------------    
              union all       
              -- Wire trans - SCND BENEF - Counter Party (ORIG)
              select /*+ QB_NAME(WIRE_SBENE) */
                 a.ACCT_INTRL_ID,
                 a.ACCT_SEQ_ID,
                 a.PRMRY_CUST_INTRL_ID,
                 case when DECODE(@Curr_Type,'F',w.TRXN_FUNC_AM,w.TRXN_BASE_AM) >= @Min_Small_Trans_Amt and DECODE(@Curr_Type,'F',w.TRXN_FUNC_AM,w.TRXN_BASE_AM) <= @Max_Small_Trans_Amt 
                      then w.SCND_BENEF_AUG_NM else '--' end as Aug_Nm,
                 -- Counter Party Name                 
                 w.ORIG_ACCT_ID||w.SEND_INSTN_SEQ_ID||w.ORIG_AUG_NM  as Cntr_Party_Nm,
                 a.ACCT_EFCTV_RISK_NB  as Efctv_Risk_Lvl,
                 w.SCND_BENEF_ACTVY_RISK_NB   as Actvty_Risk_Lvl,           
                 w.DATA_DUMP_DT,
                 case when DECODE(@Curr_Type,'F',w.TRXN_FUNC_AM,w.TRXN_BASE_AM) >= @Min_Small_Trans_Amt and DECODE(@Curr_Type,'F',w.TRXN_FUNC_AM,w.TRXN_BASE_AM) <= @Max_Small_Trans_Amt 
                      then w.DATA_DUMP_DT else to_date('01/01/1999','MM/DD/YYYY') end as Small_Data_Dump_Dt,            
                 DECODE(@Curr_Type,'F',w.TRXN_FUNC_AM,w.TRXN_BASE_AM) as Trxn_Am,
                 0                     as Wthdrwl_Amt, -- Debit
                 DECODE(@Curr_Type,'F',w.TRXN_FUNC_AM,w.TRXN_BASE_AM) as Deposit_Amt, -- Credit         
                 case when DECODE(@Curr_Type,'F',w.TRXN_FUNC_AM,w.TRXN_BASE_AM) >= @Min_Small_Trans_Amt and DECODE(@Curr_Type,'F',w.TRXN_FUNC_AM,w.TRXN_BASE_AM) <= @Max_Small_Trans_Amt 
                      then DECODE(@Curr_Type,'F',w.TRXN_FUNC_AM,w.TRXN_BASE_AM) else 0 end as Small_Trans_Amt,                  
                 case when DECODE(@Curr_Type,'F',w.TRXN_FUNC_AM,w.TRXN_BASE_AM) >= @Min_Small_Trans_Amt and DECODE(@Curr_Type,'F',w.TRXN_FUNC_AM,w.TRXN_BASE_AM) <= @Max_Small_Trans_Amt 
                      then 1 else 0 end as Small_Trans_Ct,                  
                 case when  w.scnd_benef_actvy_risk_nb > @Actvty_Risk_Cutoff_Lvl then DECODE(@Curr_Type,'F',w.TRXN_FUNC_AM,w.TRXN_BASE_AM) else 0 end Hr_Am,
                 case when  w.PASS_THRU_FL = 'Y' then DECODE(@Curr_Type,'F',w.TRXN_FUNC_AM,w.TRXN_BASE_AM) else 0 end Pass_Thru_Am,
                 case when  DECODE(@Curr_Type,'F',w.TRXN_FUNC_AM,w.TRXN_BASE_AM) - trunc(DECODE(@Curr_Type,'F',w.TRXN_FUNC_AM,w.TRXN_BASE_AM), -@Lrf_Digits) = 0 then DECODE(@Curr_Type,'F',w.TRXN_FUNC_AM,w.TRXN_BASE_AM) 
                      when  w.RCV_TRXN_ACTVY_AM - trunc(w.RCV_TRXN_ACTVY_AM, -@Lrf_Digits) = 0 then DECODE(@Curr_Type,'F',w.TRXN_FUNC_AM,w.TRXN_BASE_AM)
                      when  w.SEND_TRXN_ACTVY_AM - trunc(w.SEND_TRXN_ACTVY_AM, -@Lrf_Digits) = 0 then DECODE(@Curr_Type,'F',w.TRXN_FUNC_AM,w.TRXN_BASE_AM)
                      else 0 end Lrf_Am,
                 case when w.TRSTD_TRXN_FL = 'Y' then DECODE(@Curr_Type,'F',w.TRXN_FUNC_AM,w.TRXN_BASE_AM) else 0 end as Trusted_Trans_Amt,
                 w.FUNC_CRNCY_CD  
              from 
                 Wire_vw w, 
                 fccmatomic.ACCT a 
              where 
                   w.SCND_BENEF_ACCT_ID = a.ACCT_INTRL_ID
               and w.INTRL_SCND_BENEF_ACCT_FL = 'Y'
               -- Exlude transaction where SCND_BENEF = BENEF
               and ((w.INTRL_BENEF_ACCT_FL = 'Y' and coalesce(w.BENEF_ACCT_ID,'-') <> w.SCND_BENEF_ACCT_ID)  or w.INTRL_BENEF_ACCT_FL <> 'Y')    
                -- Exlude transaction where BENEF = ORIG  or BENEF = SCND_ORIG 
               and ((w.INTRL_ORIG_ACCT_FL = 'Y' and coalesce(w.ORIG_ACCT_ID,'-') <> w.SCND_BENEF_ACCT_ID) or  w.INTRL_ORIG_ACCT_FL <> 'Y')     
               and ((coalesce(w.INTRL_SCND_ORIG_ACCT_FL,'-') = 'Y' and coalesce(w.SCND_ORIG_ACCT_ID,'-') <> w.SCND_BENEF_ACCT_ID) or  (coalesce(w.INTRL_SCND_ORIG_ACCT_FL,'-') <> 'Y'))                   
               -- allows coverage of all jurisdictions without enumerating them in the Included Jurisdiction Codes 
               and (@All_Jurisdictions_Fl = 'Y' OR a.JRSDCN_CD IN (@Incl_Jurisdictions_Lst))
               -- Cover only specific accounts
               and a.MANTAS_ACCT_BUS_TYPE_CD IN (@Mantas_Bus_Acct_Type_Lst)   
               -- include Retail Customer Accounts only
               and a.MANTAS_ACCT_HOLDR_TYPE_CD = 'CR' 
               -- Exclude Test Accounts
               and coalesce(a.TEST_ACCT_FL,'N') <> 'Y'
               -- Exclude Exempted Accounts
               and a.ACCT_EFCTV_RISK_NB <> -2
              -- --------------------------    
              union all
              -- MI transaction -- REM  
              select /*+ QB_NAME(MI_REM) */
                 a.ACCT_INTRL_ID,
                 a.ACCT_SEQ_ID,
                 a.PRMRY_CUST_INTRL_ID,
                 case when DECODE(@Curr_Type,'F',m.TRXN_FUNC_AM,m.TRXN_BASE_AM) >= @Min_Small_Trans_Amt and DECODE(@Curr_Type,'F',m.TRXN_FUNC_AM,m.TRXN_BASE_AM) <= @Max_Small_Trans_Amt 
                      then m.REM_AUG_NM else '--' end as Aug_Nm,
                 -- Counter Party Name                 
                 m.BENEF_ACCT_ID||m.DEP_INSTN_SEQ_ID||m.BENEF_AUG_NM  as Cntr_Party_Nm,
                 a.ACCT_EFCTV_RISK_NB  as Efctv_Risk_Lvl, 
                 m.REM_ACTVY_RISK_NB   as Actvty_Risk_Lvl,          
                 m.DATA_DUMP_DT, 
                 case when DECODE(@Curr_Type,'F',m.TRXN_FUNC_AM,m.TRXN_BASE_AM) >= @Min_Small_Trans_Amt and DECODE(@Curr_Type,'F',m.TRXN_FUNC_AM,m.TRXN_BASE_AM) <= @Max_Small_Trans_Amt 
                      then m.DATA_DUMP_DT else to_date('01/01/1999','MM/DD/YYYY') end as Small_Data_Dump_Dt,           
                 DECODE(@Curr_Type,'F',m.TRXN_FUNC_AM,m.TRXN_BASE_AM) as Trxn_Am,
                 DECODE(@Curr_Type,'F',m.TRXN_FUNC_AM,m.TRXN_BASE_AM) as Wthdrwl_Amt, -- Debit
                 0                    as Deposit_Amt, -- Credit         
                 case when DECODE(@Curr_Type,'F',m.TRXN_FUNC_AM,m.TRXN_BASE_AM) >= @Min_Small_Trans_Amt and DECODE(@Curr_Type,'F',m.TRXN_FUNC_AM,m.TRXN_BASE_AM) <= @Max_Small_Trans_Amt 
                      then DECODE(@Curr_Type,'F',m.TRXN_FUNC_AM,m.TRXN_BASE_AM) else 0 end as Small_Trans_Amt,                  
                 case when DECODE(@Curr_Type,'F',m.TRXN_FUNC_AM,m.TRXN_BASE_AM) >= @Min_Small_Trans_Amt and DECODE(@Curr_Type,'F',m.TRXN_FUNC_AM,m.TRXN_BASE_AM) <= @Max_Small_Trans_Amt 
                      then 1 else 0 end as Small_Trans_Ct,                  
                    case when m.rem_actvy_risk_nb > @Actvty_Risk_Cutoff_Lvl then DECODE(@Curr_Type,'F',m.TRXN_FUNC_AM,m.TRXN_BASE_AM) else 0 end Hr_Am,
                    case when m.PASS_THRU_FL = 'Y' then DECODE(@Curr_Type,'F',m.TRXN_FUNC_AM,m.TRXN_BASE_AM) else 0 end Pass_Thru_Am,
                    case when DECODE(@Curr_Type,'F',m.TRXN_FUNC_AM,m.TRXN_BASE_AM) - trunc(DECODE(@Curr_Type,'F',m.TRXN_FUNC_AM,m.TRXN_BASE_AM), -@Lrf_Digits) = 0 then DECODE(@Curr_Type,'F',m.TRXN_FUNC_AM,m.TRXN_BASE_AM) 
                          when m.DEP_TRXN_ACTVY_AM - trunc(m.DEP_TRXN_ACTVY_AM, -@Lrf_Digits) = 0 then DECODE(@Curr_Type,'F',m.TRXN_FUNC_AM,m.TRXN_BASE_AM)
                          when m.ISSUE_TRXN_ACTVY_AM - trunc(m.ISSUE_TRXN_ACTVY_AM, -@Lrf_Digits) = 0 then DECODE(@Curr_Type,'F',m.TRXN_FUNC_AM,m.TRXN_BASE_AM)
                          when m.CLR_TRXN_ACTVY_AM - trunc(m.CLR_TRXN_ACTVY_AM, -@Lrf_Digits) = 0 then DECODE(@Curr_Type,'F',m.TRXN_FUNC_AM,m.TRXN_BASE_AM)     
                    else 0 end Lrf_Am,
                 case when m.TRSTD_TRXN_FL = 'Y' then DECODE(@Curr_Type,'F',m.TRXN_FUNC_AM,m.TRXN_BASE_AM) else 0 end as Trusted_Trans_Amt,
                 m.FUNC_CRNCY_CD  
              from 
                 Mi_vw m, 
                 fccmatomic.ACCT a 
              where 
                   m.REM_ACCT_ID = a.ACCT_INTRL_ID
               and m.INTRL_REM_ACCT_FL = 'Y'
               -- allows coverage of all jurisdictions without enumerating them in the Included Jurisdiction Codes 
               and (@All_Jurisdictions_Fl = 'Y' OR a.JRSDCN_CD IN (@Incl_Jurisdictions_Lst))
               -- Cover only specific accounts
               and a.MANTAS_ACCT_BUS_TYPE_CD IN (@Mantas_Bus_Acct_Type_Lst)   
               --  Include Retail Customer Accounts Only 
               and a.MANTAS_ACCT_HOLDR_TYPE_CD = 'CR'
               -- Exclude Test Accounts
               and coalesce(a.TEST_ACCT_FL,'N') <> 'Y'
               --Exclude Exempted Accounts 
               and a.ACCT_EFCTV_RISK_NB <> -2                  
               -- Getting data for look back period only and Utilize indexes     
               --25222051, OFSAABD-31950   
               and m.MANTAS_ISSUE_DATE >  (select Min_Dt from clndr_vw) and m.MANTAS_ISSUE_DATE <= (select Max_Dt from clndr_vw)                   
              -- --------------------------    
              union all      
              -- MI transaction   - BENEF      
              select /*+ QB_NAME(MI_BENE) */
                 a.ACCT_INTRL_ID,
                 a.ACCT_SEQ_ID,
                 a.PRMRY_CUST_INTRL_ID,
                 case when DECODE(@Curr_Type,'F',m.TRXN_FUNC_AM,m.TRXN_BASE_AM) >= @Min_Small_Trans_Amt and DECODE(@Curr_Type,'F',m.TRXN_FUNC_AM,m.TRXN_BASE_AM) <= @Max_Small_Trans_Amt 
                      then m.BENEF_AUG_NM else '--' end as Aug_Nm,
                 -- Counter Party Name                 
                 m.REM_ACCT_ID||m.ISSUE_INSTN_SEQ_ID||m.REM_AUG_NM  as Cntr_Party_Nm,
                 a.ACCT_EFCTV_RISK_NB  as Efctv_Risk_Lvl, 
                 m.BENEF_ACTVY_RISK_NB   as Actvty_Risk_Lvl,          
                 m.DATA_DUMP_DT,
                 case when DECODE(@Curr_Type,'F',m.TRXN_FUNC_AM,m.TRXN_BASE_AM) >= @Min_Small_Trans_Amt and DECODE(@Curr_Type,'F',m.TRXN_FUNC_AM,m.TRXN_BASE_AM) <= @Max_Small_Trans_Amt 
                      then m.DATA_DUMP_DT else to_date('01/01/1999','MM/DD/YYYY') end as Small_Data_Dump_Dt,            
                 DECODE(@Curr_Type,'F',m.TRXN_FUNC_AM,m.TRXN_BASE_AM) as Trxn_Am,
                 0                   as Wthdrwl_Amt, -- Debit
                 DECODE(@Curr_Type,'F',m.TRXN_FUNC_AM,m.TRXN_BASE_AM) as Deposit_Amt, -- Credit         
                 case when DECODE(@Curr_Type,'F',m.TRXN_FUNC_AM,m.TRXN_BASE_AM) >= @Min_Small_Trans_Amt and DECODE(@Curr_Type,'F',m.TRXN_FUNC_AM,m.TRXN_BASE_AM) <= @Max_Small_Trans_Amt 
                      then DECODE(@Curr_Type,'F',m.TRXN_FUNC_AM,m.TRXN_BASE_AM) else 0 end as Small_Trans_Amt,                  
                 case when DECODE(@Curr_Type,'F',m.TRXN_FUNC_AM,m.TRXN_BASE_AM) >= @Min_Small_Trans_Amt and DECODE(@Curr_Type,'F',m.TRXN_FUNC_AM,m.TRXN_BASE_AM) <= @Max_Small_Trans_Amt 
                      then 1 else 0 end as Small_Trans_Ct,                  
                    case when m.benef_actvy_risk_nb > @Actvty_Risk_Cutoff_Lvl then DECODE(@Curr_Type,'F',m.TRXN_FUNC_AM,m.TRXN_BASE_AM) else 0 end Hr_Am,
                    case when m.PASS_THRU_FL = 'Y' then DECODE(@Curr_Type,'F',m.TRXN_FUNC_AM,m.TRXN_BASE_AM) else 0 end Pass_Thru_Am,
                    case when DECODE(@Curr_Type,'F',m.TRXN_FUNC_AM,m.TRXN_BASE_AM) - trunc(DECODE(@Curr_Type,'F',m.TRXN_FUNC_AM,m.TRXN_BASE_AM), -@Lrf_Digits) = 0 then DECODE(@Curr_Type,'F',m.TRXN_FUNC_AM,m.TRXN_BASE_AM) 
                          when m.DEP_TRXN_ACTVY_AM - trunc(m.DEP_TRXN_ACTVY_AM, -@Lrf_Digits) = 0 then DECODE(@Curr_Type,'F',m.TRXN_FUNC_AM,m.TRXN_BASE_AM)
                          when m.ISSUE_TRXN_ACTVY_AM - trunc(m.ISSUE_TRXN_ACTVY_AM, -@Lrf_Digits) = 0 then DECODE(@Curr_Type,'F',m.TRXN_FUNC_AM,m.TRXN_BASE_AM)
                          when m.CLR_TRXN_ACTVY_AM - trunc(m.CLR_TRXN_ACTVY_AM, -@Lrf_Digits) = 0 then DECODE(@Curr_Type,'F',m.TRXN_FUNC_AM,m.TRXN_BASE_AM)     
                    else 0 end Lrf_Am,
                 case when m.TRSTD_TRXN_FL = 'Y' then DECODE(@Curr_Type,'F',m.TRXN_FUNC_AM,m.TRXN_BASE_AM) else 0 end as Trusted_Trans_Amt,
                 m.FUNC_CRNCY_CD  
               from 
                 Mi_vw m, 
                 fccmatomic.ACCT a 
              where 
                   m.BENEF_ACCT_ID = a.ACCT_INTRL_ID
               and m.INTRL_BENEF_ACCT_FL = 'Y' 
               -- Exlude transaction where BENEF = REM
               and ((m.INTRL_REM_ACCT_FL = 'Y' and coalesce(m.REM_ACCT_ID,'-') <> m.BENEF_ACCT_ID) or  m.INTRL_REM_ACCT_FL <> 'Y')     
               -- allows coverage of all jurisdictions without enumerating them in the Included Jurisdiction Codes 
               and (@All_Jurisdictions_Fl = 'Y' OR a.JRSDCN_CD IN (@Incl_Jurisdictions_Lst))
               -- Cover only specific accounts
               and a.MANTAS_ACCT_BUS_TYPE_CD IN (@Mantas_Bus_Acct_Type_Lst)   
               --  Include Retail Customer Accounts Only 
               and a.MANTAS_ACCT_HOLDR_TYPE_CD = 'CR'
               -- Exclude Test Accounts
               and coalesce(a.TEST_ACCT_FL,'N') <> 'Y'
               --Exclude Exempted Accounts 
               and a.ACCT_EFCTV_RISK_NB <> -2            
               -- Getting data for look back period only and Utilize indexes    
               --25222051, OFSAABD-31950   
               and m.MANTAS_POST_DT >  (select Min_Dt from clndr_vw) and m.MANTAS_POST_DT <= (select Max_Dt from clndr_vw)               
              -- --------------------------    
               -- MI transaction SCND BENEF
              union all
              select /*+ QB_NAME(MI_SBENE) */
                 a.ACCT_INTRL_ID,
                 a.ACCT_SEQ_ID,
                 a.PRMRY_CUST_INTRL_ID,
                 case when DECODE(@Curr_Type,'F',m.TRXN_FUNC_AM,m.TRXN_BASE_AM) >= @Min_Small_Trans_Amt and DECODE(@Curr_Type,'F',m.TRXN_FUNC_AM,m.TRXN_BASE_AM) <= @Max_Small_Trans_Amt 
                      then m.SCND_BENEF_AUG_NM else '--' end as Aug_Nm,
                 -- Counter Party Name                 
                 m.REM_ACCT_ID||m.ISSUE_INSTN_SEQ_ID||m.REM_AUG_NM  as Cntr_Party_Nm,
                 a.ACCT_EFCTV_RISK_NB        as Efctv_Risk_Lvl,  
                 m.SCND_BENEF_ACTVY_RISK_NB  as Actvty_Risk_Lvl,
                 m.DATA_DUMP_DT,
                 case when DECODE(@Curr_Type,'F',m.TRXN_FUNC_AM,m.TRXN_BASE_AM) >= @Min_Small_Trans_Amt and DECODE(@Curr_Type,'F',m.TRXN_FUNC_AM,m.TRXN_BASE_AM) <= @Max_Small_Trans_Amt 
                      then m.DATA_DUMP_DT else to_date('01/01/1999','MM/DD/YYYY') end as Small_Data_Dump_Dt,            
                 DECODE(@Curr_Type,'F',m.TRXN_FUNC_AM,m.TRXN_BASE_AM) as Trxn_Am,
                 0                   as Wthdrwl_Amt, -- Debit
                 DECODE(@Curr_Type,'F',m.TRXN_FUNC_AM,m.TRXN_BASE_AM) as Deposit_Amt, -- Credit         
                 case when DECODE(@Curr_Type,'F',m.TRXN_FUNC_AM,m.TRXN_BASE_AM) >= @Min_Small_Trans_Amt and DECODE(@Curr_Type,'F',m.TRXN_FUNC_AM,m.TRXN_BASE_AM) <= @Max_Small_Trans_Amt 
                      then DECODE(@Curr_Type,'F',m.TRXN_FUNC_AM,m.TRXN_BASE_AM) else 0 end as Small_Trans_Amt,                  
                 case when DECODE(@Curr_Type,'F',m.TRXN_FUNC_AM,m.TRXN_BASE_AM) >= @Min_Small_Trans_Amt and DECODE(@Curr_Type,'F',m.TRXN_FUNC_AM,m.TRXN_BASE_AM) <= @Max_Small_Trans_Amt 
                      then 1 else 0 end as Small_Trans_Ct,                  
                 case when m.scnd_benef_actvy_risk_nb > @Actvty_Risk_Cutoff_Lvl then DECODE(@Curr_Type,'F',m.TRXN_FUNC_AM,m.TRXN_BASE_AM) else 0 end Hr_Am,
                    case when m.PASS_THRU_FL = 'Y' then DECODE(@Curr_Type,'F',m.TRXN_FUNC_AM,m.TRXN_BASE_AM) else 0 end Pass_Thru_Am,
                    case when DECODE(@Curr_Type,'F',m.TRXN_FUNC_AM,m.TRXN_BASE_AM) - trunc(DECODE(@Curr_Type,'F',m.TRXN_FUNC_AM,m.TRXN_BASE_AM), -@Lrf_Digits) = 0 then DECODE(@Curr_Type,'F',m.TRXN_FUNC_AM,m.TRXN_BASE_AM) 
                          when m.DEP_TRXN_ACTVY_AM - trunc(m.DEP_TRXN_ACTVY_AM, -@Lrf_Digits) = 0 then DECODE(@Curr_Type,'F',m.TRXN_FUNC_AM,m.TRXN_BASE_AM)
                          when m.ISSUE_TRXN_ACTVY_AM - trunc(m.ISSUE_TRXN_ACTVY_AM, -@Lrf_Digits) = 0 then DECODE(@Curr_Type,'F',m.TRXN_FUNC_AM,m.TRXN_BASE_AM)
                          when m.CLR_TRXN_ACTVY_AM - trunc(m.CLR_TRXN_ACTVY_AM, -@Lrf_Digits) = 0 then DECODE(@Curr_Type,'F',m.TRXN_FUNC_AM,m.TRXN_BASE_AM)     
                    else 0 end Lrf_Am,
                 case when m.TRSTD_TRXN_FL = 'Y' then DECODE(@Curr_Type,'F',m.TRXN_FUNC_AM,m.TRXN_BASE_AM) else 0 end as Trusted_Trans_Amt,
                 m.FUNC_CRNCY_CD  
             from 
                 Mi_vw m, 
                 fccmatomic.ACCT a 
             where
                   m.SCND_BENEF_ACCT_ID = a.ACCT_INTRL_ID
               and m.INTRL_SCND_BENEF_ACCT_FL = 'Y' 
               -- Exlude transaction where SCND_BENEF = BENEF
               and((m.INTRL_BENEF_ACCT_FL = 'Y' and coalesce(m.BENEF_ACCT_ID,'-') <> m.SCND_BENEF_ACCT_ID) or  m.INTRL_BENEF_ACCT_FL <> 'Y')
               -- Exlude transaction where SCND_BENEF = REM
               and ((m.INTRL_REM_ACCT_FL = 'Y' and coalesce(m.REM_ACCT_ID,'-') <> m.SCND_BENEF_ACCT_ID) or  m.INTRL_REM_ACCT_FL <> 'Y')               
               -- allows coverage of all jurisdictions without enumerating them in the Included Jurisdiction Codes 
               and (@All_Jurisdictions_Fl = 'Y' OR a.JRSDCN_CD IN (@Incl_Jurisdictions_Lst))
               -- Cover only specific accounts
               and a.MANTAS_ACCT_BUS_TYPE_CD IN (@Mantas_Bus_Acct_Type_Lst)   
               --  Include Retail Customer Accounts Only 
               and a.MANTAS_ACCT_HOLDR_TYPE_CD = 'CR'
               -- Exclude Test Accounts
               and coalesce(a.TEST_ACCT_FL,'N') <> 'Y'
               --Exclude Exempted Accounts 
               and a.ACCT_EFCTV_RISK_NB <> -2            
               -- Getting data for look back period only and Utilize indexes   
               --25222051, OFSAABD-31950   
               and m.MANTAS_POST_DT >  (select Min_Dt from clndr_vw) and m.MANTAS_POST_DT <= (select Max_Dt from clndr_vw)  
              -- --------------------------    
        ) t
        group by 
            t.ACCT_INTRL_ID       
        having
          -- Frequency_Period Period
          --25222051   
           max(t.Small_Data_Dump_Dt) >  (select Freq_Dt from clndr_vw) and max(t.Small_Data_Dump_Dt) <= (select Max_Dt from clndr_vw)   
) g
WHERE   
    -- determine if divisor is equal to zero  
    g.Tot_Wthdrwl_Trans_Amt > 0 and g.Tot_Trans_Amt > 0 
    and 
(  
 (
       g.Overall_Risk = 'HR'
     -- the aggregated low dollar transaction amount;  OFSAABD-8337
  and   g.Tot_Small_Trans_Amt >= @HR_Min_Total_Small_Trans_Amt and g.Tot_Small_Trans_Amt <= @HR_Max_Total_Small_Trans_Amt
    --OFSAABD-10438 
    -- Bug32949720
         -- the low dollar amount over total transaction amount
  and case when  g.Tot_Trans_Amt > 0 then g.Tot_Small_Trans_Amt*100/g.Tot_Trans_Amt else 0 end >= @HR_Min_Tot_Small_Prctg
       -- the depost over withdrawal transactions amount percentage.
  and case when  g.Tot_Wthdrwl_Trans_Amt > 0  then g.Tot_Deposit_Trans_Amt*100/g.Tot_Wthdrwl_Trans_Amt else 0 end >= @HR_Min_Tot_D2W_Prctg
  and case when  g.Tot_Wthdrwl_Trans_Amt > 0  then g.Tot_Deposit_Trans_Amt*100/g.Tot_Wthdrwl_Trans_Amt else 0 end <= @HR_Max_Tot_D2W_Prctg  
     -- the number of different Counter Parties assosiated with the account; OFSAABD-8337
     -- count(distinct (t.Cntr_Party_Acct||t.Cntr_Party_Instn||t.Cntr_Party_Nm)) 
  and   g.Cntr_Party_Ct >= @HR_Distinct_Counter_Parties_Ct and g.Cntr_Party_Ct <= @HR_Max_Distinct_Counter_Parties_Ct
     -- the number of different Names assosoated with the account
     -- count(distinct(case when t.Aug_Nm id null then 'NO_NAME_PROVIDED' else t.Aug_Nm end
  and Names_Ct >= @HR_Distinct_Names_Ct 
  )
  OR
 (
       g.Overall_Risk = 'RR'
     -- the aggregated low dollar transaction amount ;  OFSAABD-8337
  and   g.Tot_Small_Trans_Amt >= @RR_Min_Total_Small_Trans_Amt and g.Tot_Small_Trans_Amt <= @RR_Max_Total_Small_Trans_Amt
    --OFSAABD-10438 
    -- Bug32949720
         -- the low dollar amount over total transaction amount
  and case when  g.Tot_Trans_Amt > 0 then g.Tot_Small_Trans_Amt*100/g.Tot_Trans_Amt else 0 end >= @RR_Min_Tot_Small_Prctg
       -- the depost over withdrawal transactions amount percentage.
  and case when  g.Tot_Wthdrwl_Trans_Amt > 0  then g.Tot_Deposit_Trans_Amt*100/g.Tot_Wthdrwl_Trans_Amt else 0 end >= @RR_Min_Tot_D2W_Prctg
  and case when  g.Tot_Wthdrwl_Trans_Amt > 0  then g.Tot_Deposit_Trans_Amt*100/g.Tot_Wthdrwl_Trans_Amt else 0 end <= @RR_Max_Tot_D2W_Prctg  
     -- the number of different Counter Parties assosiated with the account ; OFSAABD-8337
     -- count(distinct (t.Cntr_Party_Acct||t.Cntr_Party_Instn||t.Cntr_Party_Nm)) 
  and   g.Cntr_Party_Ct >= @RR_Distinct_Counter_Parties_Ct and g.Cntr_Party_Ct <= @RR_Max_Distinct_Counter_Parties_Ct
     -- the number of different Names assosoated with the account
     -- count(distinct(case when t.Aug_Nm id null then 'NO_NAME_PROVIDED' else t.Aug_Nm end
  and Names_Ct >= @RR_Distinct_Names_Ct 
  )
  OR
(
       g.Overall_Risk = 'MR'
     -- the aggregated low dollar transaction amount ;  OFSAABD-8337
  and   g.Tot_Small_Trans_Amt >= @MR_Min_Total_Small_Trans_Amt and g.Tot_Small_Trans_Amt <= @MR_Max_Total_Small_Trans_Amt
    --OFSAABD-10438 
    -- Bug32949720
         -- the low dollar amount over total transaction amount
  and case when  g.Tot_Trans_Amt > 0 then g.Tot_Small_Trans_Amt*100/g.Tot_Trans_Amt else 0 end >= @MR_Min_Tot_Small_Prctg
       -- the depost over withdrawal transactions amount percentage.
  and case when  g.Tot_Wthdrwl_Trans_Amt > 0  then g.Tot_Deposit_Trans_Amt*100/g.Tot_Wthdrwl_Trans_Amt else 0 end >= @MR_Min_Tot_D2W_Prctg
  and case when  g.Tot_Wthdrwl_Trans_Amt > 0  then g.Tot_Deposit_Trans_Amt*100/g.Tot_Wthdrwl_Trans_Amt else 0 end <= @MR_Max_Tot_D2W_Prctg  
  
     -- the number of different Counter Parties assosiated with the account ; OFSAABD-8337
     -- count(distinct (t.Cntr_Party_Acct||t.Cntr_Party_Instn||t.Cntr_Party_Nm)) 
  and   g.Cntr_Party_Ct >= @MR_Distinct_Counter_Parties_Ct and g.Cntr_Party_Ct <= @MR_Max_Distinct_Counter_Parties_Ct
     -- the number of different Names assosoated with the account
     -- count(distinct(case when t.Aug_Nm id null then 'NO_NAME_PROVIDED' else t.Aug_Nm end
  and  Names_Ct >= @MR_Distinct_Names_Ct 
  )  
 )
 ) ot ORDER BY ot.ACCT_SEQ_ID 
05/21/2026 12:39:36 DEBUG : Thread ID = 139687258707712:  Rule Matcher:   File = dscursor.cc:  Line = 748:  Preparing to select from dataset 114017691 
05/21/2026 12:39:36 DEBUG : Thread ID = 139687258707712:  Rule Matcher:   File = dscursor.cc:  Line = 754:  SELECT  ot.ACCT_INTRL_ID, ot.ACCT_SEQ_ID, ot.TOT_TRANS_CT, ot.NAMES_CT, ot.CNTR_PARTY_CT, ot.TOT_TRANS_AMT, ot.PASS_THRU_PRCTG, ot.HR_PRCTG, ot.LRF_PRCTG, ot.OVERALL_RISK, ot.ACTVTY_RISK_LVL, ot.EFCTV_RISK_LVL, ot.TOT_DEPOSIT_TRANS_AMT, ot.TOT_SMALL_TRANS_AMT, ot.TOT_WTHDRWL_TRANS_AMT, ot.TRUSTED_TRANS_AMT, ot.PRMRY_CUST_INTRL_ID, ot.FUNC_CRNCY_CD, ot.CURR_DT FROM (-- 30/05/2017 update as per Story OFSAABD-8337 Revisions to Terrorist Financing scenario - AC focus
-- 10/25/05 PR 29032  added filter: amount of the transaction <= Max Small Trans Amt
-- 11/07/06 PR 33203  deleted filter amount of the transaction <= Max Small Trans Amt
--                    changed calculation of Names_Ct and Tot_Trans_Ct   
--
-- this dataset goes against MI and WI transaction tables for ORIG, BENEF, SCND ORIG, SCND BENF and REM 
-- join trnasactions for each of the party roles to account table. 
-- it calculates total of small transactions amount (Small_Trans_Amt) which is sum of transacrions whose 
-- amount do not exceed small transaction threshold
-- it calculates Withdrawals and Deposit for all involved accounts based on all transactions
-- for the second party roles (SCND ORIG, SCND BENEF) it exclude transaction records if secondary party role
-- as the same as first. 
--
-- disctinct counter parties:
--
-- the scenario considers ORIG,  as a counter party for both BENEF and SCND BENEF; 
-- BENEF considers as a counter party for ORIG and SCND ORIG
-- "Counter Party" for ORIG and SCND ORIG is concatonation of BENEF INTRL ID, RCV_INSTN_SEQ_ID(ISSUE_INSTN_SEQ_ID)
-- and BENEF_AUG_NM;
-- for BENEF and SCND BENEF is concatonation of ORIG INTRL ID(REM INTRL ID), 
-- SEND_INSTN_SEQ_ID(DEP_INSTN_SEQ_ID) and ORIG AUG NM(REM AUG NM);
--
-- number if disctinct denominators:
--
-- the number of diffirenet AUG NM for an account across all transactions, all NULL values consider as one value 
--
--
--OFSAABD-10438
--OFSAABD-10406
--28112797 
--28154168 
--OFSAABD-31950 QBNAME approach
WITH clndr_vw as (
select                        
(select add_days(cal.CLNDR_DT, -20) from fccmatomic.KDD_CAL cal where cal.CLNDR_NM = 'SYSCAL' and cal.CLNDR_DAY_AGE = 0) as Min_Dt,
(select cal.clndr_dt from fccmatomic.KDD_CAL cal where cal.CLNDR_NM = 'SYSCAL' and cal.CLNDR_DAY_AGE = 0) as Max_Dt,
(select add_days(cal.CLNDR_DT, -5) from fccmatomic.KDD_CAL cal where cal.CLNDR_NM = 'SYSCAL' and cal.CLNDR_DAY_AGE = 0) as  Freq_Dt
FROM dual
),

Wire_vw as (
select /*+ QB_NAME(WIRE)  */ 
w.BENEF_ACCT_ID,
w.BENEF_ACTVY_RISK_NB,
w.BENEF_AUG_NM,
w.DATA_DUMP_DT,
w.FUNC_CRNCY_CD, 
w.INTRL_BENEF_ACCT_FL,
w.INTRL_ORIG_ACCT_FL,
w.INTRL_SCND_BENEF_ACCT_FL,
w.INTRL_SCND_ORIG_ACCT_FL,
w.MANTAS_TRXN_PRDCT_CD,
w.MANTAS_TRXN_PURP_CD,
w.ORIG_ACCT_ID,
w.ORIG_ACTVY_RISK_NB,
w.ORIG_AUG_NM,
w.PASS_THRU_FL,
w.RCV_TRXN_ACTVY_AM,
w.RCV_INSTN_SEQ_ID,
w.SCND_BENEF_ACCT_ID,
w.SCND_BENEF_ACTVY_RISK_NB,
w.SCND_BENEF_AUG_NM,
w.SCND_ORIG_ACCT_ID,
w.SCND_ORIG_ACTVY_RISK_NB,
w.SCND_ORIG_AUG_NM,
w.SEND_TRXN_ACTVY_AM,
w.SEND_INSTN_SEQ_ID,
w.SRC_SYS_CD,
w.TRSTD_TRXN_FL,
w.TRXN_BASE_AM,
w.TRXN_EXCTN_DT,
w.TRXN_FUNC_AM,
w.UNRLTD_PARTY_FL
from fccmatomic.WIRE_TRXN w 
where 
                   w.MANTAS_TRXN_PRDCT_CD in ('EFT-ACH', 'EFT-TREASURY', 'EFT-FEDWIRE', 'EFT-SWIFT', 'EFT-OTHER')
               -- Cover only GENERAL transactions
               and w.MANTAS_TRXN_PURP_CD = 'GENERAL'   
               -- Cover either all transaction or only form the Incl_Trans_Src_Lst
               and ('Y' = 'Y' or w.SRC_SYS_CD IN ('Inactive'))
               -- Getting data for look back period only and Utilize indexes    
               --25222051, OFSAABD-31950   
               and w.TRXN_EXCTN_DT >  (select Min_Dt from clndr_vw) and w.TRXN_EXCTN_DT <= (select Max_Dt from clndr_vw)  
               and w.DATA_DUMP_DT >  (select Min_Dt from clndr_vw) and w.DATA_DUMP_DT <= (select Max_Dt from clndr_vw)  
               -- allow user to include (Y) or exclude (N)  Bank-to-Bank transactions between related parties
               and ('Y' = 'Y' or NOT(w.BANK_TO_BANK_TRNFR_FL = 'Y' and w.PASS_THRU_FL = 'N'))
               and w.CXL_PAIR_TRXN_INTRL_ID is NULL
               and ('Y' = 'Y' or COALESCE(w.TRSTD_TRXN_FL,'N') ='N')      
               -- Divide By Zero error handling
               and DECODE('B','F',w.TRXN_FUNC_AM,w.TRXN_BASE_AM) IS NOT NULL AND DECODE('B','F',w.TRXN_FUNC_AM,w.TRXN_BASE_AM) <> 0
               --30487326
               --Included Related Parties
               and ('N' = 'Y' or COALESCE(w.UNRLTD_PARTY_FL,'Y') <> 'N')               
),

Mi_vw as (
select /*+ QB_NAME(MI)  */
m.BANK_TO_BANK_TRNFR_FL,
m.BENEF_ACCT_ID,
m.BENEF_ACTVY_RISK_NB,
m.BENEF_AUG_NM,
m.CLR_TRXN_ACTVY_AM,
m.CXL_PAIR_TRXN_INTRL_ID,
m.DATA_DUMP_DT,
m.DEP_TRXN_ACTVY_AM,
m.DEP_INSTN_SEQ_ID,
m.FUNC_CRNCY_CD, 
m.INTRL_BENEF_ACCT_FL,
m.INTRL_REM_ACCT_FL,
m.INTRL_SCND_BENEF_ACCT_FL,
m.ISSUE_TRXN_ACTVY_AM,
m.ISSUE_INSTN_SEQ_ID,
m.MANTAS_ISSUE_DATE,
m.MANTAS_POST_DT,
m.MANTAS_TRXN_PRDCT_CD,
m.MANTAS_TRXN_PURP_CD,
m.PASS_THRU_FL,
m.REM_ACCT_ID,
m.REM_ACTVY_RISK_NB,
m.REM_AUG_NM,
m.SCND_BENEF_ACCT_ID,
m.SCND_BENEF_ACTVY_RISK_NB,
m.SCND_BENEF_AUG_NM,
m.SRC_SYS_CD,
m.TRSTD_TRXN_FL,
m.TRXN_BASE_AM,
m.TRXN_FUNC_AM,
m.UNRLTD_PARTY_FL
from fccmatomic.MI_TRXN m 
where 
                    m.MANTAS_TRXN_PRDCT_CD in ('CASH-EQ-CASHIER-CHECK', 'CASH-EQ-CERT-CHECK', 'CASH-EQ-MONEY-ORDER', 'CASH-EQ-TRAVELERS-CHECK', 'CASH-EQ-OTHER', 'CASH-LETTER', 'CHECK', 'PAPER-OTHER', 'CHECK-ACH')        
               -- Cover either all transaction or only form the Incl_Trans_Src_Lst
               and ('Y' = 'Y' or m.SRC_SYS_CD IN ('Inactive'))
               -- Cover only GENERAL transactions
               and m.MANTAS_TRXN_PURP_CD = 'GENERAL' 
               -- Getting data for look back period only and Utilize indexes     
               --25222051, OFSAABD-31950   
               and m.DATA_DUMP_DT >  (select Min_Dt from clndr_vw) and m.DATA_DUMP_DT <= (select Max_Dt from clndr_vw)                 
               -- allow user to include (Y) or exclude (N)  Bank-to-Bank transactions between related parties
               and ('Y' = 'Y' or NOT(m.BANK_TO_BANK_TRNFR_FL = 'Y' and m.PASS_THRU_FL = 'N'))
               and m.CXL_PAIR_TRXN_INTRL_ID is NULL
               and ('Y' = 'Y' or COALESCE(m.TRSTD_TRXN_FL,'N') ='N')       
               -- Divide By Zero error handling
               and DECODE('B','F',m.TRXN_FUNC_AM,m.TRXN_BASE_AM) IS NOT NULL AND DECODE('B','F',m.TRXN_FUNC_AM,m.TRXN_BASE_AM) <> 0
               --30487326
               --Included Related Parties
               and ('N' = 'Y' or COALESCE(m.UNRLTD_PARTY_FL,'Y') <> 'N')    
)
select 
            g.ACCT_INTRL_ID 
          , g.ACCT_SEQ_ID  
          , g.Prmry_Cust_Intrl_Id
          , g.Efctv_Risk_Lvl
          , g.Actvty_Risk_Lvl
          , g.Tot_Small_Trans_Amt
          , g.Tot_Trans_Amt
          , g.Tot_Trans_Ct
          , g.Tot_Wthdrwl_Trans_Amt
          , g.Tot_Deposit_Trans_Amt
          , g.Cntr_Party_Ct
           -- consider not providing a name as using another name, so NULL will end up as NO_NAME_PROVIDED name 
          , g.Names_Ct
          , g.Overall_Risk  
          , g.Lrf_Prctg
          , g.Pass_Thru_Prctg
          , g.Hr_Prctg
          , g.Trusted_Trans_Amt
          , g.Func_Crncy_Cd
          , (select Max_Dt from clndr_vw)  as Curr_Dt

   from
     (
       select 
            t.ACCT_INTRL_ID 
          , max(t.ACCT_SEQ_ID) as Acct_Seq_Id  
           --OFSAABD-8337
          , max(t.PRMRY_CUST_INTRL_ID) as Prmry_Cust_Intrl_Id -- pseudo max
          , sum(t.Small_Trans_Amt)  as Tot_Small_Trans_Amt
          , sum(t.Trxn_Am)     as Tot_Trans_Amt
          --25238037 
          --, sum(t.Small_Trans_Ct)   as Tot_Trans_Ct
          , count(1)   as Tot_Trans_Ct
          , max(t.Efctv_Risk_Lvl)   as Efctv_Risk_Lvl
          , max(t.Actvty_Risk_Lvl)  as Actvty_Risk_Lvl
          , sum(t.Wthdrwl_Amt)      as Tot_Wthdrwl_Trans_Amt
          , sum(t.Deposit_Amt)      as Tot_Deposit_Trans_Amt
          , count(distinct (t.Cntr_Party_Nm)) as Cntr_Party_Ct
           -- consider not providing a name as using another name, so NULL will end up as NO_NAME_PROVIDED name 
          , count(distinct(case when t.Aug_Nm is null then 'NO_NAME_PROVIDED' 
                                when t.Aug_Nm = '--'  then null
                           else t.Aug_Nm end)) as Names_Ct
          , CASE WHEN (max(t.Efctv_Risk_Lvl) >= 5 AND max(t.Actvty_Risk_Lvl) >= 5) THEN 'HR'
                 WHEN (max(t.Efctv_Risk_Lvl) < 5 AND max(t.Actvty_Risk_Lvl) < 5) THEN 'RR'
                 ELSE 'MR' 
            END AS Overall_Risk 
          , case when sum(t.Trxn_Am) = 0 then 0 else sum(t.Lrf_Amt)*100/sum(t.Trxn_Am)  end       as Lrf_Prctg 
          , case when sum(t.Trxn_Am) = 0 then 0 else sum(t.Pass_Thru_Amt)*100/sum(t.Trxn_Am)  end as Pass_Thru_Prctg
          , case when sum(t.Trxn_Am) = 0 then 0 else sum(t.Hr_Amt)*100/sum(t.Trxn_Am)  end        as Hr_Prctg
          , sum(t.Trusted_Trans_Amt) as Trusted_Trans_Amt
          , max(t.Func_Crncy_Cd) as Func_Crncy_Cd    
        from
        ( 
              -- Wire trans - ORIG - Counter Party (BENEF)
              select /*+ QB_NAME(WIRE_ORG) */
                 a.ACCT_INTRL_ID,
                 a.ACCT_SEQ_ID,
                 a.PRMRY_CUST_INTRL_ID, 
                 case when DECODE('B','F',w.TRXN_FUNC_AM,w.TRXN_BASE_AM) >= 1000 and DECODE('B','F',w.TRXN_FUNC_AM,w.TRXN_BASE_AM) <= 5000 
                      then w.ORIG_AUG_NM else '--' end as Aug_Nm,
                 -- Counter Party Name
                 w.BENEF_ACCT_ID||w.RCV_INSTN_SEQ_ID||w.BENEF_AUG_NM as Cntr_Party_Nm,
                 a.ACCT_EFCTV_RISK_NB   as Efctv_Risk_Lvl,  
                 w.ORIG_ACTVY_RISK_NB   as Actvty_Risk_Lvl,         
                 w.DATA_DUMP_DT,
                 case when  DECODE('B','F',w.TRXN_FUNC_AM,w.TRXN_BASE_AM) >= 1000 and DECODE('B','F',w.TRXN_FUNC_AM,w.TRXN_BASE_AM) <= 5000 
                      then w.DATA_DUMP_DT else to_date('01/01/1999','MM/DD/YYYY') end as Small_Data_Dump_Dt,
                 DECODE('B','F',w.TRXN_FUNC_AM,w.TRXN_BASE_AM) as Trxn_Am,
                 DECODE('B','F',w.TRXN_FUNC_AM,w.TRXN_BASE_AM) as Wthdrwl_Amt, -- Debit
                 0                      as Deposit_Amt, -- Credit         
                 case when DECODE('B','F',w.TRXN_FUNC_AM,w.TRXN_BASE_AM) >= 1000 and DECODE('B','F',w.TRXN_FUNC_AM,w.TRXN_BASE_AM) <= 5000 
                      then DECODE('B','F',w.TRXN_FUNC_AM,w.TRXN_BASE_AM) else 0 end as Small_Trans_Amt,                  
                 case when DECODE('B','F',w.TRXN_FUNC_AM,w.TRXN_BASE_AM) >= 1000 and DECODE('B','F',w.TRXN_FUNC_AM,w.TRXN_BASE_AM) <= 5000 
                      then 1 else 0 end as Small_Trans_Ct,                  
                 case when  w.orig_actvy_risk_nb > 5 then DECODE('B','F',w.TRXN_FUNC_AM,w.TRXN_BASE_AM) else 0 end Hr_Amt,
                 case when  w.PASS_THRU_FL = 'Y' then DECODE('B','F',w.TRXN_FUNC_AM,w.TRXN_BASE_AM) else 0 end Pass_Thru_Amt,
                 case when  DECODE('B','F',w.TRXN_FUNC_AM,w.TRXN_BASE_AM) - trunc(DECODE('B','F',w.TRXN_FUNC_AM,w.TRXN_BASE_AM), -3) = 0 then DECODE('B','F',w.TRXN_FUNC_AM,w.TRXN_BASE_AM) 
                       when  w.RCV_TRXN_ACTVY_AM - trunc(w.RCV_TRXN_ACTVY_AM, -3) = 0 then DECODE('B','F',w.TRXN_FUNC_AM,w.TRXN_BASE_AM)
                       when  w.SEND_TRXN_ACTVY_AM - trunc(w.SEND_TRXN_ACTVY_AM, -3) = 0 then DECODE('B','F',w.TRXN_FUNC_AM,w.TRXN_BASE_AM)
                       else 0 end Lrf_Amt,
                 case when w.TRSTD_TRXN_FL = 'Y' then DECODE('B','F',w.TRXN_FUNC_AM,w.TRXN_BASE_AM) else 0 end as Trusted_Trans_Amt,
                 w.FUNC_CRNCY_CD  
              from 
                Wire_vw w, 
                fccmatomic.ACCT a 
              where 
                   w.ORIG_ACCT_ID = a.ACCT_INTRL_ID
               and w.INTRL_ORIG_ACCT_FL = 'Y'
               -- allows coverage of all jurisdictions without enumerating them in the Included Jurisdiction Codes 
               and ('N' = 'Y' OR a.JRSDCN_CD IN ('AIIN'))
               -- Cover only specific accounts
               and a.MANTAS_ACCT_BUS_TYPE_CD IN ('RBK','RBR')   
               --  Include Retail Customer Accounts Only 
               and a.MANTAS_ACCT_HOLDR_TYPE_CD = 'CR' 
               -- Exclude Test Accounts
               and coalesce(a.TEST_ACCT_FL,'N') <> 'Y'
               --Exclude Exempted Accounts 
               and a.ACCT_EFCTV_RISK_NB <> -2     
              -- --------------------------    
              union all
              -- Wire trans - SCND  Counter Party (BENEF)
              select /*+ QB_NAME(WIRE_SORG) */
                 a.ACCT_INTRL_ID,
                 a.ACCT_SEQ_ID,
                 a.PRMRY_CUST_INTRL_ID,
                 case when DECODE('B','F',w.TRXN_FUNC_AM,w.TRXN_BASE_AM) >= 1000 and DECODE('B','F',w.TRXN_FUNC_AM,w.TRXN_BASE_AM) <= 5000 
                      then w.SCND_ORIG_AUG_NM else '--' end as Aug_Nm,
                 -- Counter Party Name                 
                 w.BENEF_ACCT_ID||w.RCV_INSTN_SEQ_ID||w.BENEF_AUG_NM         as Cntr_Party_Nm,         
                 a.ACCT_EFCTV_RISK_NB   as Efctv_Risk_Lvl,  
                 w.SCND_ORIG_ACTVY_RISK_NB   as Actvty_Risk_Lvl,         
                 w.DATA_DUMP_DT,
                 case when DECODE('B','F',w.TRXN_FUNC_AM,w.TRXN_BASE_AM) >= 1000 and DECODE('B','F',w.TRXN_FUNC_AM,w.TRXN_BASE_AM) <= 5000 
                      then w.DATA_DUMP_DT else to_date('01/01/1999','MM/DD/YYYY') end as Small_Data_Dump_Dt,            
                 DECODE('B','F',w.TRXN_FUNC_AM,w.TRXN_BASE_AM) as Trxn_Am,
                 DECODE('B','F',w.TRXN_FUNC_AM,w.TRXN_BASE_AM) as Wthdrwl_Amt, -- Debit
                 0                      as Deposit_Amt, -- Credit         
                 case when DECODE('B','F',w.TRXN_FUNC_AM,w.TRXN_BASE_AM) >= 1000 and DECODE('B','F',w.TRXN_FUNC_AM,w.TRXN_BASE_AM) <= 5000 
                      then DECODE('B','F',w.TRXN_FUNC_AM,w.TRXN_BASE_AM) else 0 end as Small_Trans_Amt,                  
                 case when DECODE('B','F',w.TRXN_FUNC_AM,w.TRXN_BASE_AM) >= 1000 and DECODE('B','F',w.TRXN_FUNC_AM,w.TRXN_BASE_AM) <= 5000 
                      then 1 else 0 end as Small_Trans_Ct,                  
                    case when  w.scnd_orig_actvy_risk_nb > 5 then DECODE('B','F',w.TRXN_FUNC_AM,w.TRXN_BASE_AM) else 0 end Hr_Am,
                    case when  w.PASS_THRU_FL = 'Y' then DECODE('B','F',w.TRXN_FUNC_AM,w.TRXN_BASE_AM) else 0 end Pass_Thru_Am,
                    case when  DECODE('B','F',w.TRXN_FUNC_AM,w.TRXN_BASE_AM) - trunc(DECODE('B','F',w.TRXN_FUNC_AM,w.TRXN_BASE_AM), -3) = 0 then DECODE('B','F',w.TRXN_FUNC_AM,w.TRXN_BASE_AM)
                         when  w.RCV_TRXN_ACTVY_AM - trunc(w.RCV_TRXN_ACTVY_AM, -3) = 0 then DECODE('B','F',w.TRXN_FUNC_AM,w.TRXN_BASE_AM)
                         when  w.SEND_TRXN_ACTVY_AM - trunc(w.SEND_TRXN_ACTVY_AM, -3) = 0 then DECODE('B','F',w.TRXN_FUNC_AM,w.TRXN_BASE_AM)
                    else 0 end Lrf_Am,
                 case when w.TRSTD_TRXN_FL = 'Y' then DECODE('B','F',w.TRXN_FUNC_AM,w.TRXN_BASE_AM) else 0 end as Trusted_Trans_Amt,
                 w.FUNC_CRNCY_CD  
              from 
                Wire_vw w, 
                fccmatomic.ACCT a 
              where 
                   w.SCND_ORIG_ACCT_ID = a.ACCT_INTRL_ID
               and w.INTRL_SCND_ORIG_ACCT_FL = 'Y'
               -- Exlude transaction where SCND_ORIG = ORIG
               and ((w.INTRL_ORIG_ACCT_FL = 'Y' and coalesce(w.ORIG_ACCT_ID,'-')<>w.SCND_ORIG_ACCT_ID) or  w.INTRL_ORIG_ACCT_FL <> 'Y')
               -- allows coverage of all jurisdictions without enumerating them in the Included Jurisdiction Codes 
               and ('N' = 'Y' OR a.JRSDCN_CD IN ('AIIN'))
               -- Cover only specific accounts
               and a.MANTAS_ACCT_BUS_TYPE_CD IN ('RBK','RBR')   
               --  Include Retail Customer Accounts Only 
               and a.MANTAS_ACCT_HOLDR_TYPE_CD = 'CR' 
               -- Exclude Test Accounts
               and coalesce(a.TEST_ACCT_FL,'N') <> 'Y'
               --Exclude Exempted Accounts 
               and a.ACCT_EFCTV_RISK_NB <> -2     
              -- --------------------------    
              union all
              -- Wire trans - BENEF  - Counter Party (ORIG)
              select /*+ QB_NAME(WIRE_BENE) */
                 a.ACCT_INTRL_ID,
                 a.ACCT_SEQ_ID,
                 a.PRMRY_CUST_INTRL_ID,
                 case when DECODE('B','F',w.TRXN_FUNC_AM,w.TRXN_BASE_AM) >= 1000 and DECODE('B','F',w.TRXN_FUNC_AM,w.TRXN_BASE_AM) <= 5000 
                      then w.BENEF_AUG_NM else '--' end as Aug_Nm,
                 -- Counter Party Name                 
                 w.ORIG_ACCT_ID||w.SEND_INSTN_SEQ_ID||w.ORIG_AUG_NM         as Cntr_Party_Nm, 
                 a.ACCT_EFCTV_RISK_NB  as Efctv_Risk_Lvl,
                 w.BENEF_ACTVY_RISK_NB   as Actvty_Risk_Lvl,         
                 w.DATA_DUMP_DT,  
                 case when DECODE('B','F',w.TRXN_FUNC_AM,w.TRXN_BASE_AM) >= 1000 and DECODE('B','F',w.TRXN_FUNC_AM,w.TRXN_BASE_AM) <= 5000 
                      then w.DATA_DUMP_DT else to_date('01/01/1999','MM/DD/YYYY') end as Small_Data_Dump_Dt,          
                 DECODE('B','F',w.TRXN_FUNC_AM,w.TRXN_BASE_AM) as Trxn_Am,
                 0                     as Wthdrwl_Amt, -- Debit
                 DECODE('B','F',w.TRXN_FUNC_AM,w.TRXN_BASE_AM) as Deposit_Amt, -- Credit         
                 case when DECODE('B','F',w.TRXN_FUNC_AM,w.TRXN_BASE_AM) >= 1000 and DECODE('B','F',w.TRXN_FUNC_AM,w.TRXN_BASE_AM) <= 5000 
                      then DECODE('B','F',w.TRXN_FUNC_AM,w.TRXN_BASE_AM) else 0 end as Small_Trans_Amt,                  
                 case when DECODE('B','F',w.TRXN_FUNC_AM,w.TRXN_BASE_AM) >= 1000 and DECODE('B','F',w.TRXN_FUNC_AM,w.TRXN_BASE_AM) <= 5000 
                      then 1 else 0 end as Small_Trans_Ct,                  
                 case when  w.benef_actvy_risk_nb > 5 then DECODE('B','F',w.TRXN_FUNC_AM,w.TRXN_BASE_AM) else 0 end Hr_Am,
                 case when  w.PASS_THRU_FL = 'Y' then DECODE('B','F',w.TRXN_FUNC_AM,w.TRXN_BASE_AM) else 0 end Pass_Thru_Am,
                 case when  DECODE('B','F',w.TRXN_FUNC_AM,w.TRXN_BASE_AM) - trunc(DECODE('B','F',w.TRXN_FUNC_AM,w.TRXN_BASE_AM), -3) = 0 then DECODE('B','F',w.TRXN_FUNC_AM,w.TRXN_BASE_AM) 
                       when  w.RCV_TRXN_ACTVY_AM - trunc(w.RCV_TRXN_ACTVY_AM, -3) = 0 then DECODE('B','F',w.TRXN_FUNC_AM,w.TRXN_BASE_AM)
                       when  w.SEND_TRXN_ACTVY_AM - trunc(w.SEND_TRXN_ACTVY_AM, -3) = 0 then DECODE('B','F',w.TRXN_FUNC_AM,w.TRXN_BASE_AM)
                       else 0 end Lrf_Am,
                 case when w.TRSTD_TRXN_FL = 'Y' then DECODE('B','F',w.TRXN_FUNC_AM,w.TRXN_BASE_AM) else 0 end as Trusted_Trans_Amt,
                 w.FUNC_CRNCY_CD  
              from 
                  Wire_vw w, 
                  fccmatomic.ACCT a 
              where 
                   w.BENEF_ACCT_ID = a.ACCT_INTRL_ID
               and w.INTRL_BENEF_ACCT_FL = 'Y'  
                   -- Exlude transaction where BENEF = ORIG  or BENEF = SCND_ORIG 
               and ((w.INTRL_ORIG_ACCT_FL = 'Y' and coalesce(w.ORIG_ACCT_ID,'-') <> w.BENEF_ACCT_ID) or  w.INTRL_ORIG_ACCT_FL <> 'Y')     
               and ((coalesce(w.INTRL_SCND_ORIG_ACCT_FL,'-') = 'Y' and coalesce(w.SCND_ORIG_ACCT_ID,'-') <> w.BENEF_ACCT_ID) or  (coalesce(w.INTRL_SCND_ORIG_ACCT_FL,'-') <> 'Y'))    
               -- allows coverage of all jurisdictions without enumerating them in the Included Jurisdiction Codes 
               and ('N' = 'Y' OR a.JRSDCN_CD IN ('AIIN'))
               -- Cover only specific accounts
               and a.MANTAS_ACCT_BUS_TYPE_CD IN ('RBK','RBR')   
               --  Include Retail Customer Accounts Only 
               and a.MANTAS_ACCT_HOLDR_TYPE_CD = 'CR' 
               -- Exclude Test Accounts
               and coalesce(a.TEST_ACCT_FL,'N') <> 'Y'
               --Exclude Exempted Accounts 
               and a.ACCT_EFCTV_RISK_NB <> -2              
              -- --------------------------    
              union all       
              -- Wire trans - SCND BENEF - Counter Party (ORIG)
              select /*+ QB_NAME(WIRE_SBENE) */
                 a.ACCT_INTRL_ID,
                 a.ACCT_SEQ_ID,
                 a.PRMRY_CUST_INTRL_ID,
                 case when DECODE('B','F',w.TRXN_FUNC_AM,w.TRXN_BASE_AM) >= 1000 and DECODE('B','F',w.TRXN_FUNC_AM,w.TRXN_BASE_AM) <= 5000 
                      then w.SCND_BENEF_AUG_NM else '--' end as Aug_Nm,
                 -- Counter Party Name                 
                 w.ORIG_ACCT_ID||w.SEND_INSTN_SEQ_ID||w.ORIG_AUG_NM  as Cntr_Party_Nm,
                 a.ACCT_EFCTV_RISK_NB  as Efctv_Risk_Lvl,
                 w.SCND_BENEF_ACTVY_RISK_NB   as Actvty_Risk_Lvl,           
                 w.DATA_DUMP_DT,
                 case when DECODE('B','F',w.TRXN_FUNC_AM,w.TRXN_BASE_AM) >= 1000 and DECODE('B','F',w.TRXN_FUNC_AM,w.TRXN_BASE_AM) <= 5000 
                      then w.DATA_DUMP_DT else to_date('01/01/1999','MM/DD/YYYY') end as Small_Data_Dump_Dt,            
                 DECODE('B','F',w.TRXN_FUNC_AM,w.TRXN_BASE_AM) as Trxn_Am,
                 0                     as Wthdrwl_Amt, -- Debit
                 DECODE('B','F',w.TRXN_FUNC_AM,w.TRXN_BASE_AM) as Deposit_Amt, -- Credit         
                 case when DECODE('B','F',w.TRXN_FUNC_AM,w.TRXN_BASE_AM) >= 1000 and DECODE('B','F',w.TRXN_FUNC_AM,w.TRXN_BASE_AM) <= 5000 
                      then DECODE('B','F',w.TRXN_FUNC_AM,w.TRXN_BASE_AM) else 0 end as Small_Trans_Amt,                  
                 case when DECODE('B','F',w.TRXN_FUNC_AM,w.TRXN_BASE_AM) >= 1000 and DECODE('B','F',w.TRXN_FUNC_AM,w.TRXN_BASE_AM) <= 5000 
                      then 1 else 0 end as Small_Trans_Ct,                  
                 case when  w.scnd_benef_actvy_risk_nb > 5 then DECODE('B','F',w.TRXN_FUNC_AM,w.TRXN_BASE_AM) else 0 end Hr_Am,
                 case when  w.PASS_THRU_FL = 'Y' then DECODE('B','F',w.TRXN_FUNC_AM,w.TRXN_BASE_AM) else 0 end Pass_Thru_Am,
                 case when  DECODE('B','F',w.TRXN_FUNC_AM,w.TRXN_BASE_AM) - trunc(DECODE('B','F',w.TRXN_FUNC_AM,w.TRXN_BASE_AM), -3) = 0 then DECODE('B','F',w.TRXN_FUNC_AM,w.TRXN_BASE_AM) 
                      when  w.RCV_TRXN_ACTVY_AM - trunc(w.RCV_TRXN_ACTVY_AM, -3) = 0 then DECODE('B','F',w.TRXN_FUNC_AM,w.TRXN_BASE_AM)
                      when  w.SEND_TRXN_ACTVY_AM - trunc(w.SEND_TRXN_ACTVY_AM, -3) = 0 then DECODE('B','F',w.TRXN_FUNC_AM,w.TRXN_BASE_AM)
                      else 0 end Lrf_Am,
                 case when w.TRSTD_TRXN_FL = 'Y' then DECODE('B','F',w.TRXN_FUNC_AM,w.TRXN_BASE_AM) else 0 end as Trusted_Trans_Amt,
                 w.FUNC_CRNCY_CD  
              from 
                 Wire_vw w, 
                 fccmatomic.ACCT a 
              where 
                   w.SCND_BENEF_ACCT_ID = a.ACCT_INTRL_ID
               and w.INTRL_SCND_BENEF_ACCT_FL = 'Y'
               -- Exlude transaction where SCND_BENEF = BENEF
               and ((w.INTRL_BENEF_ACCT_FL = 'Y' and coalesce(w.BENEF_ACCT_ID,'-') <> w.SCND_BENEF_ACCT_ID)  or w.INTRL_BENEF_ACCT_FL <> 'Y')    
                -- Exlude transaction where BENEF = ORIG  or BENEF = SCND_ORIG 
               and ((w.INTRL_ORIG_ACCT_FL = 'Y' and coalesce(w.ORIG_ACCT_ID,'-') <> w.SCND_BENEF_ACCT_ID) or  w.INTRL_ORIG_ACCT_FL <> 'Y')     
               and ((coalesce(w.INTRL_SCND_ORIG_ACCT_FL,'-') = 'Y' and coalesce(w.SCND_ORIG_ACCT_ID,'-') <> w.SCND_BENEF_ACCT_ID) or  (coalesce(w.INTRL_SCND_ORIG_ACCT_FL,'-') <> 'Y'))                   
               -- allows coverage of all jurisdictions without enumerating them in the Included Jurisdiction Codes 
               and ('N' = 'Y' OR a.JRSDCN_CD IN ('AIIN'))
               -- Cover only specific accounts
               and a.MANTAS_ACCT_BUS_TYPE_CD IN ('RBK','RBR')   
               -- include Retail Customer Accounts only
               and a.MANTAS_ACCT_HOLDR_TYPE_CD = 'CR' 
               -- Exclude Test Accounts
               and coalesce(a.TEST_ACCT_FL,'N') <> 'Y'
               -- Exclude Exempted Accounts
               and a.ACCT_EFCTV_RISK_NB <> -2
              -- --------------------------    
              union all
              -- MI transaction -- REM  
              select /*+ QB_NAME(MI_REM) */
                 a.ACCT_INTRL_ID,
                 a.ACCT_SEQ_ID,
                 a.PRMRY_CUST_INTRL_ID,
                 case when DECODE('B','F',m.TRXN_FUNC_AM,m.TRXN_BASE_AM) >= 1000 and DECODE('B','F',m.TRXN_FUNC_AM,m.TRXN_BASE_AM) <= 5000 
                      then m.REM_AUG_NM else '--' end as Aug_Nm,
                 -- Counter Party Name                 
                 m.BENEF_ACCT_ID||m.DEP_INSTN_SEQ_ID||m.BENEF_AUG_NM  as Cntr_Party_Nm,
                 a.ACCT_EFCTV_RISK_NB  as Efctv_Risk_Lvl, 
                 m.REM_ACTVY_RISK_NB   as Actvty_Risk_Lvl,          
                 m.DATA_DUMP_DT, 
                 case when DECODE('B','F',m.TRXN_FUNC_AM,m.TRXN_BASE_AM) >= 1000 and DECODE('B','F',m.TRXN_FUNC_AM,m.TRXN_BASE_AM) <= 5000 
                      then m.DATA_DUMP_DT else to_date('01/01/1999','MM/DD/YYYY') end as Small_Data_Dump_Dt,           
                 DECODE('B','F',m.TRXN_FUNC_AM,m.TRXN_BASE_AM) as Trxn_Am,
                 DECODE('B','F',m.TRXN_FUNC_AM,m.TRXN_BASE_AM) as Wthdrwl_Amt, -- Debit
                 0                    as Deposit_Amt, -- Credit         
                 case when DECODE('B','F',m.TRXN_FUNC_AM,m.TRXN_BASE_AM) >= 1000 and DECODE('B','F',m.TRXN_FUNC_AM,m.TRXN_BASE_AM) <= 5000 
                      then DECODE('B','F',m.TRXN_FUNC_AM,m.TRXN_BASE_AM) else 0 end as Small_Trans_Amt,                  
                 case when DECODE('B','F',m.TRXN_FUNC_AM,m.TRXN_BASE_AM) >= 1000 and DECODE('B','F',m.TRXN_FUNC_AM,m.TRXN_BASE_AM) <= 5000 
                      then 1 else 0 end as Small_Trans_Ct,                  
                    case when m.rem_actvy_risk_nb > 5 then DECODE('B','F',m.TRXN_FUNC_AM,m.TRXN_BASE_AM) else 0 end Hr_Am,
                    case when m.PASS_THRU_FL = 'Y' then DECODE('B','F',m.TRXN_FUNC_AM,m.TRXN_BASE_AM) else 0 end Pass_Thru_Am,
                    case when DECODE('B','F',m.TRXN_FUNC_AM,m.TRXN_BASE_AM) - trunc(DECODE('B','F',m.TRXN_FUNC_AM,m.TRXN_BASE_AM), -3) = 0 then DECODE('B','F',m.TRXN_FUNC_AM,m.TRXN_BASE_AM) 
                          when m.DEP_TRXN_ACTVY_AM - trunc(m.DEP_TRXN_ACTVY_AM, -3) = 0 then DECODE('B','F',m.TRXN_FUNC_AM,m.TRXN_BASE_AM)
                          when m.ISSUE_TRXN_ACTVY_AM - trunc(m.ISSUE_TRXN_ACTVY_AM, -3) = 0 then DECODE('B','F',m.TRXN_FUNC_AM,m.TRXN_BASE_AM)
                          when m.CLR_TRXN_ACTVY_AM - trunc(m.CLR_TRXN_ACTVY_AM, -3) = 0 then DECODE('B','F',m.TRXN_FUNC_AM,m.TRXN_BASE_AM)     
                    else 0 end Lrf_Am,
                 case when m.TRSTD_TRXN_FL = 'Y' then DECODE('B','F',m.TRXN_FUNC_AM,m.TRXN_BASE_AM) else 0 end as Trusted_Trans_Amt,
                 m.FUNC_CRNCY_CD  
              from 
                 Mi_vw m, 
                 fccmatomic.ACCT a 
              where 
                   m.REM_ACCT_ID = a.ACCT_INTRL_ID
               and m.INTRL_REM_ACCT_FL = 'Y'
               -- allows coverage of all jurisdictions without enumerating them in the Included Jurisdiction Codes 
               and ('N' = 'Y' OR a.JRSDCN_CD IN ('AIIN'))
               -- Cover only specific accounts
               and a.MANTAS_ACCT_BUS_TYPE_CD IN ('RBK','RBR')   
               --  Include Retail Customer Accounts Only 
               and a.MANTAS_ACCT_HOLDR_TYPE_CD = 'CR'
               -- Exclude Test Accounts
               and coalesce(a.TEST_ACCT_FL,'N') <> 'Y'
               --Exclude Exempted Accounts 
               and a.ACCT_EFCTV_RISK_NB <> -2                  
               -- Getting data for look back period only and Utilize indexes     
               --25222051, OFSAABD-31950   
               and m.MANTAS_ISSUE_DATE >  (select Min_Dt from clndr_vw) and m.MANTAS_ISSUE_DATE <= (select Max_Dt from clndr_vw)                   
              -- --------------------------    
              union all      
              -- MI transaction   - BENEF      
              select /*+ QB_NAME(MI_BENE) */
                 a.ACCT_INTRL_ID,
                 a.ACCT_SEQ_ID,
                 a.PRMRY_CUST_INTRL_ID,
                 case when DECODE('B','F',m.TRXN_FUNC_AM,m.TRXN_BASE_AM) >= 1000 and DECODE('B','F',m.TRXN_FUNC_AM,m.TRXN_BASE_AM) <= 5000 
                      then m.BENEF_AUG_NM else '--' end as Aug_Nm,
                 -- Counter Party Name                 
                 m.REM_ACCT_ID||m.ISSUE_INSTN_SEQ_ID||m.REM_AUG_NM  as Cntr_Party_Nm,
                 a.ACCT_EFCTV_RISK_NB  as Efctv_Risk_Lvl, 
                 m.BENEF_ACTVY_RISK_NB   as Actvty_Risk_Lvl,          
                 m.DATA_DUMP_DT,
                 case when DECODE('B','F',m.TRXN_FUNC_AM,m.TRXN_BASE_AM) >= 1000 and DECODE('B','F',m.TRXN_FUNC_AM,m.TRXN_BASE_AM) <= 5000 
                      then m.DATA_DUMP_DT else to_date('01/01/1999','MM/DD/YYYY') end as Small_Data_Dump_Dt,            
                 DECODE('B','F',m.TRXN_FUNC_AM,m.TRXN_BASE_AM) as Trxn_Am,
                 0                   as Wthdrwl_Amt, -- Debit
                 DECODE('B','F',m.TRXN_FUNC_AM,m.TRXN_BASE_AM) as Deposit_Amt, -- Credit         
                 case when DECODE('B','F',m.TRXN_FUNC_AM,m.TRXN_BASE_AM) >= 1000 and DECODE('B','F',m.TRXN_FUNC_AM,m.TRXN_BASE_AM) <= 5000 
                      then DECODE('B','F',m.TRXN_FUNC_AM,m.TRXN_BASE_AM) else 0 end as Small_Trans_Amt,                  
                 case when DECODE('B','F',m.TRXN_FUNC_AM,m.TRXN_BASE_AM) >= 1000 and DECODE('B','F',m.TRXN_FUNC_AM,m.TRXN_BASE_AM) <= 5000 
                      then 1 else 0 end as Small_Trans_Ct,                  
                    case when m.benef_actvy_risk_nb > 5 then DECODE('B','F',m.TRXN_FUNC_AM,m.TRXN_BASE_AM) else 0 end Hr_Am,
                    case when m.PASS_THRU_FL = 'Y' then DECODE('B','F',m.TRXN_FUNC_AM,m.TRXN_BASE_AM) else 0 end Pass_Thru_Am,
                    case when DECODE('B','F',m.TRXN_FUNC_AM,m.TRXN_BASE_AM) - trunc(DECODE('B','F',m.TRXN_FUNC_AM,m.TRXN_BASE_AM), -3) = 0 then DECODE('B','F',m.TRXN_FUNC_AM,m.TRXN_BASE_AM) 
                          when m.DEP_TRXN_ACTVY_AM - trunc(m.DEP_TRXN_ACTVY_AM, -3) = 0 then DECODE('B','F',m.TRXN_FUNC_AM,m.TRXN_BASE_AM)
                          when m.ISSUE_TRXN_ACTVY_AM - trunc(m.ISSUE_TRXN_ACTVY_AM, -3) = 0 then DECODE('B','F',m.TRXN_FUNC_AM,m.TRXN_BASE_AM)
                          when m.CLR_TRXN_ACTVY_AM - trunc(m.CLR_TRXN_ACTVY_AM, -3) = 0 then DECODE('B','F',m.TRXN_FUNC_AM,m.TRXN_BASE_AM)     
                    else 0 end Lrf_Am,
                 case when m.TRSTD_TRXN_FL = 'Y' then DECODE('B','F',m.TRXN_FUNC_AM,m.TRXN_BASE_AM) else 0 end as Trusted_Trans_Amt,
                 m.FUNC_CRNCY_CD  
               from 
                 Mi_vw m, 
                 fccmatomic.ACCT a 
              where 
                   m.BENEF_ACCT_ID = a.ACCT_INTRL_ID
               and m.INTRL_BENEF_ACCT_FL = 'Y' 
               -- Exlude transaction where BENEF = REM
               and ((m.INTRL_REM_ACCT_FL = 'Y' and coalesce(m.REM_ACCT_ID,'-') <> m.BENEF_ACCT_ID) or  m.INTRL_REM_ACCT_FL <> 'Y')     
               -- allows coverage of all jurisdictions without enumerating them in the Included Jurisdiction Codes 
               and ('N' = 'Y' OR a.JRSDCN_CD IN ('AIIN'))
               -- Cover only specific accounts
               and a.MANTAS_ACCT_BUS_TYPE_CD IN ('RBK','RBR')   
               --  Include Retail Customer Accounts Only 
               and a.MANTAS_ACCT_HOLDR_TYPE_CD = 'CR'
               -- Exclude Test Accounts
               and coalesce(a.TEST_ACCT_FL,'N') <> 'Y'
               --Exclude Exempted Accounts 
               and a.ACCT_EFCTV_RISK_NB <> -2            
               -- Getting data for look back period only and Utilize indexes    
               --25222051, OFSAABD-31950   
               and m.MANTAS_POST_DT >  (select Min_Dt from clndr_vw) and m.MANTAS_POST_DT <= (select Max_Dt from clndr_vw)               
              -- --------------------------    
               -- MI transaction SCND BENEF
              union all
              select /*+ QB_NAME(MI_SBENE) */
                 a.ACCT_INTRL_ID,
                 a.ACCT_SEQ_ID,
                 a.PRMRY_CUST_INTRL_ID,
                 case when DECODE('B','F',m.TRXN_FUNC_AM,m.TRXN_BASE_AM) >= 1000 and DECODE('B','F',m.TRXN_FUNC_AM,m.TRXN_BASE_AM) <= 5000 
                      then m.SCND_BENEF_AUG_NM else '--' end as Aug_Nm,
                 -- Counter Party Name                 
                 m.REM_ACCT_ID||m.ISSUE_INSTN_SEQ_ID||m.REM_AUG_NM  as Cntr_Party_Nm,
                 a.ACCT_EFCTV_RISK_NB        as Efctv_Risk_Lvl,  
                 m.SCND_BENEF_ACTVY_RISK_NB  as Actvty_Risk_Lvl,
                 m.DATA_DUMP_DT,
                 case when DECODE('B','F',m.TRXN_FUNC_AM,m.TRXN_BASE_AM) >= 1000 and DECODE('B','F',m.TRXN_FUNC_AM,m.TRXN_BASE_AM) <= 5000 
                      then m.DATA_DUMP_DT else to_date('01/01/1999','MM/DD/YYYY') end as Small_Data_Dump_Dt,            
                 DECODE('B','F',m.TRXN_FUNC_AM,m.TRXN_BASE_AM) as Trxn_Am,
                 0                   as Wthdrwl_Amt, -- Debit
                 DECODE('B','F',m.TRXN_FUNC_AM,m.TRXN_BASE_AM) as Deposit_Amt, -- Credit         
                 case when DECODE('B','F',m.TRXN_FUNC_AM,m.TRXN_BASE_AM) >= 1000 and DECODE('B','F',m.TRXN_FUNC_AM,m.TRXN_BASE_AM) <= 5000 
                      then DECODE('B','F',m.TRXN_FUNC_AM,m.TRXN_BASE_AM) else 0 end as Small_Trans_Amt,                  
                 case when DECODE('B','F',m.TRXN_FUNC_AM,m.TRXN_BASE_AM) >= 1000 and DECODE('B','F',m.TRXN_FUNC_AM,m.TRXN_BASE_AM) <= 5000 
                      then 1 else 0 end as Small_Trans_Ct,                  
                 case when m.scnd_benef_actvy_risk_nb > 5 then DECODE('B','F',m.TRXN_FUNC_AM,m.TRXN_BASE_AM) else 0 end Hr_Am,
                    case when m.PASS_THRU_FL = 'Y' then DECODE('B','F',m.TRXN_FUNC_AM,m.TRXN_BASE_AM) else 0 end Pass_Thru_Am,
                    case when DECODE('B','F',m.TRXN_FUNC_AM,m.TRXN_BASE_AM) - trunc(DECODE('B','F',m.TRXN_FUNC_AM,m.TRXN_BASE_AM), -3) = 0 then DECODE('B','F',m.TRXN_FUNC_AM,m.TRXN_BASE_AM) 
                          when m.DEP_TRXN_ACTVY_AM - trunc(m.DEP_TRXN_ACTVY_AM, -3) = 0 then DECODE('B','F',m.TRXN_FUNC_AM,m.TRXN_BASE_AM)
                          when m.ISSUE_TRXN_ACTVY_AM - trunc(m.ISSUE_TRXN_ACTVY_AM, -3) = 0 then DECODE('B','F',m.TRXN_FUNC_AM,m.TRXN_BASE_AM)
                          when m.CLR_TRXN_ACTVY_AM - trunc(m.CLR_TRXN_ACTVY_AM, -3) = 0 then DECODE('B','F',m.TRXN_FUNC_AM,m.TRXN_BASE_AM)     
                    else 0 end Lrf_Am,
                 case when m.TRSTD_TRXN_FL = 'Y' then DECODE('B','F',m.TRXN_FUNC_AM,m.TRXN_BASE_AM) else 0 end as Trusted_Trans_Amt,
                 m.FUNC_CRNCY_CD  
             from 
                 Mi_vw m, 
                 fccmatomic.ACCT a 
             where
                   m.SCND_BENEF_ACCT_ID = a.ACCT_INTRL_ID
               and m.INTRL_SCND_BENEF_ACCT_FL = 'Y' 
               -- Exlude transaction where SCND_BENEF = BENEF
               and((m.INTRL_BENEF_ACCT_FL = 'Y' and coalesce(m.BENEF_ACCT_ID,'-') <> m.SCND_BENEF_ACCT_ID) or  m.INTRL_BENEF_ACCT_FL <> 'Y')
               -- Exlude transaction where SCND_BENEF = REM
               and ((m.INTRL_REM_ACCT_FL = 'Y' and coalesce(m.REM_ACCT_ID,'-') <> m.SCND_BENEF_ACCT_ID) or  m.INTRL_REM_ACCT_FL <> 'Y')               
               -- allows coverage of all jurisdictions without enumerating them in the Included Jurisdiction Codes 
               and ('N' = 'Y' OR a.JRSDCN_CD IN ('AIIN'))
               -- Cover only specific accounts
               and a.MANTAS_ACCT_BUS_TYPE_CD IN ('RBK','RBR')   
               --  Include Retail Customer Accounts Only 
               and a.MANTAS_ACCT_HOLDR_TYPE_CD = 'CR'
               -- Exclude Test Accounts
               and coalesce(a.TEST_ACCT_FL,'N') <> 'Y'
               --Exclude Exempted Accounts 
               and a.ACCT_EFCTV_RISK_NB <> -2            
               -- Getting data for look back period only and Utilize indexes   
               --25222051, OFSAABD-31950   
               and m.MANTAS_POST_DT >  (select Min_Dt from clndr_vw) and m.MANTAS_POST_DT <= (select Max_Dt from clndr_vw)  
              -- --------------------------    
        ) t
        group by 
            t.ACCT_INTRL_ID       
        having
          -- Frequency_Period Period
          --25222051   
           max(t.Small_Data_Dump_Dt) >  (select Freq_Dt from clndr_vw) and max(t.Small_Data_Dump_Dt) <= (select Max_Dt from clndr_vw)   
) g
WHERE   
    -- determine if divisor is equal to zero  
    g.Tot_Wthdrwl_Trans_Amt > 0 and g.Tot_Trans_Amt > 0 
    and 
(  
 (
       g.Overall_Risk = 'HR'
     -- the aggregated low dollar transaction amount;  OFSAABD-8337
  and   g.Tot_Small_Trans_Amt >= 5000 and g.Tot_Small_Trans_Amt <= 50000
    --OFSAABD-10438 
    -- Bug32949720
         -- the low dollar amount over total transaction amount
  and case when  g.Tot_Trans_Amt > 0 then g.Tot_Small_Trans_Amt*100/g.Tot_Trans_Amt else 0 end >= 90
       -- the depost over withdrawal transactions amount percentage.
  and case when  g.Tot_Wthdrwl_Trans_Amt > 0  then g.Tot_Deposit_Trans_Amt*100/g.Tot_Wthdrwl_Trans_Amt else 0 end >= 75
  and case when  g.Tot_Wthdrwl_Trans_Amt > 0  then g.Tot_Deposit_Trans_Amt*100/g.Tot_Wthdrwl_Trans_Amt else 0 end <= 95  
     -- the number of different Counter Parties assosiated with the account; OFSAABD-8337
     -- count(distinct (t.Cntr_Party_Acct||t.Cntr_Party_Instn||t.Cntr_Party_Nm)) 
  and   g.Cntr_Party_Ct >= 3 and g.Cntr_Party_Ct <= 10
     -- the number of different Names assosoated with the account
     -- count(distinct(case when t.Aug_Nm id null then 'NO_NAME_PROVIDED' else t.Aug_Nm end
  and Names_Ct >= 2 
  )
  OR
 (
       g.Overall_Risk = 'RR'
     -- the aggregated low dollar transaction amount ;  OFSAABD-8337
  and   g.Tot_Small_Trans_Amt >= 5000 and g.Tot_Small_Trans_Amt <= 50000
    --OFSAABD-10438 
    -- Bug32949720
         -- the low dollar amount over total transaction amount
  and case when  g.Tot_Trans_Amt > 0 then g.Tot_Small_Trans_Amt*100/g.Tot_Trans_Amt else 0 end >= 90
       -- the depost over withdrawal transactions amount percentage.
  and case when  g.Tot_Wthdrwl_Trans_Amt > 0  then g.Tot_Deposit_Trans_Amt*100/g.Tot_Wthdrwl_Trans_Amt else 0 end >= 75
  and case when  g.Tot_Wthdrwl_Trans_Amt > 0  then g.Tot_Deposit_Trans_Amt*100/g.Tot_Wthdrwl_Trans_Amt else 0 end <= 95  
     -- the number of different Counter Parties assosiated with the account ; OFSAABD-8337
     -- count(distinct (t.Cntr_Party_Acct||t.Cntr_Party_Instn||t.Cntr_Party_Nm)) 
  and   g.Cntr_Party_Ct >= 3 and g.Cntr_Party_Ct <= 10
     -- the number of different Names assosoated with the account
     -- count(distinct(case when t.Aug_Nm id null then 'NO_NAME_PROVIDED' else t.Aug_Nm end
  and Names_Ct >= 2 
  )
  OR
(
       g.Overall_Risk = 'MR'
     -- the aggregated low dollar transaction amount ;  OFSAABD-8337
  and   g.Tot_Small_Trans_Amt >= 5000 and g.Tot_Small_Trans_Amt <= 50000
    --OFSAABD-10438 
    -- Bug32949720
         -- the low dollar amount over total transaction amount
  and case when  g.Tot_Trans_Amt > 0 then g.Tot_Small_Trans_Amt*100/g.Tot_Trans_Amt else 0 end >= 90
       -- the depost over withdrawal transactions amount percentage.
  and case when  g.Tot_Wthdrwl_Trans_Amt > 0  then g.Tot_Deposit_Trans_Amt*100/g.Tot_Wthdrwl_Trans_Amt else 0 end >= 75
  and case when  g.Tot_Wthdrwl_Trans_Amt > 0  then g.Tot_Deposit_Trans_Amt*100/g.Tot_Wthdrwl_Trans_Amt else 0 end <= 95  
  
     -- the number of different Counter Parties assosiated with the account ; OFSAABD-8337
     -- count(distinct (t.Cntr_Party_Acct||t.Cntr_Party_Instn||t.Cntr_Party_Nm)) 
  and   g.Cntr_Party_Ct >= 3 and g.Cntr_Party_Ct <= 10
     -- the number of different Names assosoated with the account
     -- count(distinct(case when t.Aug_Nm id null then 'NO_NAME_PROVIDED' else t.Aug_Nm end
  and  Names_Ct >= 2 
  )  
 )
 ) ot ORDER BY ot.ACCT_SEQ_ID
05/21/2026 12:39:37 INFO : Thread ID = 139687258707712:  Rule Matcher:   File = RuleMatcher.cc:  Line = 166:  
Run 22401 running against Pattern 114000563 generated 0 matches.
Elapsed time for matching: 00:00:01 
05/21/2026 12:39:37 DEBUG : Thread ID = 139687258707712:  Rule Matcher:   File = runupdater.cc:  Line = 104:  UPDATE fccmatomic.KDD_RUN SET RUN_MSG_TX = :Msg WHERE RUN_ID = 22401
05/21/2026 12:39:37 DEBUG : Thread ID = 139687258707712:  Rule Matcher:   File = runupdater.cc:  Line = 142:  UPDATE fccmatomic.KDD_RUN SET RUN_MSG_TX = :Msg WHERE RUN_ID = 22401
05/21/2026 12:39:37 DEBUG : Thread ID = 139687258707712:  Rule Matcher:   File = runupdater.cc:  Line = 59:  UPDATE fccmatomic.KDD_RUN SET RUN_STATUS_CD = 'FIN' WHERE RUN_ID = 22401
05/21/2026 12:39:37 DEBUG : Thread ID = 139687258707712:  Rule Matcher:   File = runupdater.cc:  Line = 198:  UPDATE fccmatomic.KDD_RUN SET END_TS = TO_DATE('21/05/2026 12:39:37 PM','DD/MM/YYYY HH:MI:SS AM') WHERE RUN_ID = 22401
05/21/2026 12:39:37 DEBUG : Thread ID = 139688262134976:  Rule Matcher:   File = jobupdater.cc:  Line = 57:  UPDATE fccmatomic.KDD_JOB SET STATUS_CD = 'FIN' WHERE JOB_ID = 102251
05/21/2026 12:39:37 INFO : Thread ID = 139688262134976:  Rule Matcher:   File = mantas.cc:  Line = 697:  
mantas: ============================================================
mantas: Exiting job 102251 at Thu May 21 12:39:37 IST 2026 with code 0
mantas: ============================================================
